Elevation(ft),Area(acres),Volume(acft)
4170,0,0
4170.01,0,0
4170.02,0,0
4170.03,0,0
4170.04,0,0
4170.05,0,0
4170.06,0,0
4170.07,0,0
4170.08,0,0
4170.09,0.22,0
4170.1,3.86,0.02
4170.11,6,0.07
4170.12,7.68,0.14
4170.13,9.17,0.22
4170.14,10.8,0.33
4170.15,68.25,0.66
4170.16,179.21,2.07
4170.17,258.9,4.15
4170.18,1579.15,11.09
4170.19,2462.33,30.66
4170.2,3017.11,58.83
4170.21,3306.26,89.66
4170.22,3603.5,125.04
4170.23,3941.02,161.65
4170.24,4549.04,205.44
4170.25,5287.37,253.82
4170.26,5626.38,307.11
4170.27,6109.37,367.22
4170.28,6441.2,428.44
4170.29,6714.8,496.12
4170.3,6936.6,562.64
4170.31,7112.18,634.68
4170.32,7274.14,704.87
4170.33,7428.6,780.21
4170.34,7541.04,853.29
4170.35,7653.32,931.15
4170.36,7781.12,1006.46
4170.37,7901.26,1086.85
4170.38,7997.02,1164.44
4170.39,8154.75,1247.11
4170.4,8308.09,1327.47
4170.41,8441.73,1413.34
4170.42,8574.24,1496.42
4170.43,8691.29,1584.92
4170.44,8809.94,1670.35
4170.45,8924.29,1761.24
4170.46,9041.92,1848.95
4170.47,9161.01,1942.21
4170.48,9298.91,2032.32
4170.49,9421.87,2128.27
4170.5,9528.48,2220.78
4170.51,9625.95,2314.25
4170.52,9762.56,2413.59
4170.53,9873.96,2509.46
4170.54,9977.36,2611.21
4170.55,10093.81,2709.15
4170.56,10222.1,2813.28
4170.57,10330.08,2913.62
4170.58,10433.6,3020.06
4170.59,10529.85,3122.39
4170.6,10652.49,3230.92
4170.61,10769.02,3335.49
4170.62,10874.87,3446.45
4170.63,10980.59,3553.15
4170.64,11090.43,3666.29
4170.65,11192.24,3775.06
4170.66,11288.66,3890.31
4170.67,11395.39,4001.04
4170.68,11528.29,4118.57
4170.69,11643.11,4231.69
4170.7,11757.66,4351.63
4170.71,11888.77,4467.05
4170.72,12021.32,4589.61
4170.73,12136.89,4707.57
4170.74,12246.04,4832.56
4170.75,12344.16,4952.62
4170.76,12458.74,5073.66
4170.77,12577.43,5201.99
4170.78,12678.09,5325.29
4170.79,12789.41,5455.84
4170.8,12896.14,5581.23
4170.81,13010.83,5714.03
4170.82,13134.17,5841.66
4170.83,13257.91,5976.94
4170.84,13373.84,6106.95
4170.85,13487.45,6244.65
4170.86,13599.48,6376.89
4170.87,13723.55,6516.94
4170.88,13842.64,6651.48
4170.89,13982.21,6794.08
4170.9,14102.71,6931.2
4170.91,14229.27,7076.42
4170.92,14396.7,7216.07
4170.93,14545.69,7364.47
4170.94,14721.87,7507.23
4170.95,14882.24,7659.06
4170.96,15063.04,7805.22
4170.97,15271.57,7960.73
4170.98,15427.51,8110.59
4170.99,15611.74,8269.66
4171,15803.35,8422.99
4171.01,15982.64,8578.14
4171.02,16184.76,8742.96
4171.03,16533.45,8902.52
4171.04,16830.9,9073.54
4171.05,17093.65,9239.19
4171.06,17355.43,9415.76
4171.07,17585.78,9586.27
4171.08,17833.1,9767.88
4171.09,18044.55,9943.01
4171.1,18418.26,10129.8
4171.11,18653.7,10310.78
4171.12,18973.72,10503.67
4171.13,19192.74,10689.97
4171.14,19439.7,10888.04
4171.15,19645.8,11078.8
4171.16,19914.35,11281.61
4171.17,20198.04,11477.23
4171.18,20622.33,11686.12
4171.19,20959.7,11889.23
4171.2,21337.29,12106.38
4171.21,21574.49,12315.98
4171.22,21766.35,12538.23
4171.23,21959.7,12751.65
4171.24,22209.14,12977.99
4171.25,22385.42,13195.76
4171.26,22581.73,13415.37
4171.27,22769.27,13647.77
4171.28,23002.6,13871.19
4171.29,23216.63,14108.11
4171.3,23401.17,14335.71
4171.31,23614.43,14576.66
4171.32,23819.71,14808.26
4171.33,23969.92,15053.27
4171.34,24145.65,15288.18
4171.35,24338.65,15536.76
4171.36,24527.03,15775.31
4171.37,24713.03,16027.76
4171.38,24882.83,16269.89
4171.39,25055.43,16525.89
4171.4,25223.99,16771.33
4171.41,25389.51,17030.74
4171.42,25542.93,17279.41
4171.43,25720.16,17542.13
4171.44,25909.51,17794.18
4171.45,26098.3,18060.83
4171.46,26235.86,18316.35
4171.47,26362.72,18585.99
4171.48,26497.89,18844.06
4171.49,26669.41,19116.64
4171.5,26835.67,19377.87
4171.51,27025.67,19640.87
4171.52,27178.68,19918.76
4171.53,27340.28,20184.93
4171.54,27519.36,20466.1
4171.55,27687.81,20735.69
4171.56,27850.93,21020.35
4171.57,28121.1,21293.51
4171.58,28358.48,21583.07
4171.59,28560.19,21860.93
4171.6,28817.36,22155.02
4171.61,29062.94,22437.67
4171.62,29256.17,22736.63
4171.63,29459.54,23023.25
4171.64,29768.71,23326.91
4171.65,30005.46,23618.65
4171.66,30290.37,23927.77
4171.67,30525.37,24224.69
4171.68,30751.51,24538.77
4171.69,31006.07,24840.23
4171.7,31256.66,25159.43
4171.71,31475.99,25465.7
4171.72,31772.14,25789.91
4171.73,32039.39,26101.46
4171.74,32293.21,26431.22
4171.75,32546.16,26747.8
4171.76,32792.31,27066.75
4171.77,33113.42,27404.58
4171.78,33369.61,27729.09
4171.79,33704.9,28072.92
4171.8,34064.97,28403.6
4171.81,34463.01,28754.76
4171.82,34859.54,29093.09
4171.83,35234.26,29452.44
4171.84,35546.63,29797.99
4171.85,35916.99,30164.35
4171.86,36300.38,30516.8
4171.87,36766.17,30891.32
4171.88,37174.47,31252.12
4171.89,37710.26,31635.88
4171.9,38095.39,32005.89
4171.91,38616.54,32398.83
4171.92,39022.39,32777.7
4171.93,39407.45,33179.75
4171.94,39904.88,33566.7
4171.95,40640.85,33979.19
4171.96,41145.92,34378.29
4171.97,41696.87,34802.84
4171.98,42369.37,35212.83
4171.99,43280.89,35651.71
4172,44145.32,36078.31
4172.01,45831.02,36515.93
4172.02,47232.05,36993.34
4172.03,48351.32,37459.86
4172.04,49623.36,37962.18
4172.05,51015.59,38452.86
4172.06,52897.37,38985.6
4172.07,53840.1,39506.99
4172.08,54886.45,40064
4172.09,56115.46,40605.7
4172.1,57462.63,41187.53
4172.11,58632.75,41754.28
4172.12,60076.01,42363.51
4172.13,61199.84,42955.2
4172.14,62837.6,43590.09
4172.15,64230.85,44210.42
4172.16,66355.18,44878.56
4172.17,67792.63,45534.11
4172.18,68905.93,46234.99
4172.19,70113.64,46913.63
4172.2,71000.37,47637.08
4172.21,71714.85,48333.51
4172.22,72379.94,49072.33
4172.23,73009.69,49782.14
4172.24,73669.23,50533.9
4172.25,74273.03,51256.27
4172.26,74941.75,51984.67
4172.27,75642.06,52756.55
4172.28,76180.93,53497.88
4172.29,76679.56,54281.59
4172.3,77168.58,55032.65
4172.31,77698.41,55826.5
4172.32,78273.75,56587.87
4172.33,78834.22,57393.16
4172.34,79381.77,58165.68
4172.35,79890.5,58982.11
4172.36,80354.44,59764.76
4172.37,80823.72,60591.15
4172.38,81222.37,61382.31
4172.39,81698.69,62217.48
4172.4,82161.91,63017.48
4172.41,82645.11,63862.35
4172.42,83113.27,64671.71
4172.43,83581.02,65526.34
4172.44,83993.77,66344.51
4172.45,84428.08,67207.98
4172.46,84811.66,68034.31
4172.47,85192.15,68905.88
4172.48,85587.87,69739.73
4172.49,86029.22,70619.49
4172.5,86444.59,71461.57
4172.51,86878.29,72307.77
4172.52,87313.4,73200.91
4172.53,87696.64,74055.4
4172.54,88072.44,74956.58
4172.55,88442.06,75818.33
4172.56,88835.51,76727.17
4172.57,89225.89,77596.49
4172.58,89619.8,78513.32
4172.59,90022.73,79390.43
4172.6,90431.92,80315.55
4172.61,90795.34,81200.36
4172.62,91199.03,82133.3
4172.63,91590.08,83025.71
4172.64,91997.37,83966.82
4172.65,92382.28,84867.05
4172.66,92785.12,85816.27
4172.67,93174.15,86724.2
4172.68,93560.35,87681.52
4172.69,93920.69,88596.85
4172.7,94302.91,89561.77
4172.71,94673.58,90484.39
4172.72,95058.41,91457.05
4172.73,95417.49,92386.98
4172.74,95833.45,93367.39
4172.75,96240.79,94305.14
4172.76,96641.32,95246.81
4172.77,97057.02,96239.75
4172.78,97419.37,97189.27
4172.79,97833.44,98190.18
4172.8,98233.51,99147.36
4172.81,98696.84,100156.98
4172.82,99106.84,101122.64
4172.83,99608.68,102141.32
4172.84,100033.16,103116.05
4172.85,100485.59,104143.95
4172.86,100921.28,105127.13
4172.87,101503.81,106164.81
4172.88,101989.86,107158.28
4172.89,102524.35,108206.5
4172.9,103091.91,109210.36
4172.91,103620.23,110270.1
4172.92,104067.6,111284
4172.93,104627.54,112353.8
4172.94,105118.14,113377.76
4172.95,105716.4,114458.47
4172.96,106280.34,115493.54
4172.97,106743.73,116585.68
4172.98,107240.61,117630.45
4172.99,107707.68,118732.41
4173,108216.53,119786.57
4173.01,108804.17,120846.13
4173.02,109413.41,121964.78
4173.03,109989.71,123035.95
4173.04,110639.56,124166.88
4173.05,111360.01,125250.56
4173.06,111995.69,126395.66
4173.07,112577.17,127492.05
4173.08,113295.84,128649.64
4173.09,114077.76,129759.66
4173.1,114807.76,130933.16
4173.11,115400.32,132057.08
4173.12,115971.06,133243.3
4173.13,116632.76,134378.73
4173.14,117418.47,135578.92
4173.15,118027.11,136728.37
4173.16,118777.12,137942.13
4173.17,119437.2,139105.23
4173.18,120054.65,140332.98
4173.19,120659.62,141508.14
4173.2,121296.11,142748.59
4173.21,121799.32,143935.43
4173.22,122342.92,145187.06
4173.23,122822.32,146384.04
4173.24,123369.96,147646.17
4173.25,123821.58,148853.02
4173.26,124273.26,150064.35
4173.27,124823.22,151341.28
4173.28,125354.35,152563.02
4173.29,125746.76,153850.38
4173.3,126148.34,155080.21
4173.31,126654.08,156376.29
4173.32,127085.3,157615.23
4173.33,127542.6,158920.6
4173.34,128016.97,160168.3
4173.35,128444.33,161483.28
4173.36,128782.2,162739.23
4173.37,129215.49,164061.74
4173.38,129612.07,165325.59
4173.39,129972.73,166656.45
4173.4,130312.9,167927.32
4173.41,130733.86,169265.61
4173.42,131095.7,170544.07
4173.43,131420.38,171889.96
4173.44,131714.4,173174.76
4173.45,132038.34,174526.98
4173.46,132340.52,175817.82
4173.47,132697.9,177176.6
4173.48,133009.22,178473.96
4173.49,133327.36,179839.43
4173.5,133620.48,181142.82
4173.51,133948.71,182449.3
4173.52,134252.84,183824.28
4173.53,134572.82,185136.85
4173.54,134865.2,186518.18
4173.55,135168.48,187836.62
4173.56,135502.21,189224.23
4173.57,135833.26,190549.03
4173.58,136153.69,191943.41
4173.59,136517.3,193274.71
4173.6,136830.47,194676.1
4173.61,137128.44,196013.71
4173.62,137444.94,197421.35
4173.63,137786.45,198765.13
4173.64,138104.49,200179.56
4173.65,138434.85,201529.75
4173.66,138766.2,202950.86
4173.67,139079.36,204307.43
4173.68,139400.57,205735.09
4173.69,139733.91,207097.98
4173.7,140053.67,208532.35
4173.71,140390.94,209901.59
4173.72,140723.88,211342.72
4173.73,141043.45,212718.48
4173.74,141378.83,214166.38
4173.75,141688.13,215548.44
4173.76,141998.85,216933.53
4173.77,142335.59,218391.21
4173.78,142669.73,219782.68
4173.79,143034.44,221247.41
4173.8,143362.14,222645.71
4173.81,143708.33,224117.41
4173.82,144036.35,225522.28
4173.83,144396.58,227000.92
4173.84,144740.02,228412.62
4173.85,145073.25,229898.45
4173.86,145434.53,231316.84
4173.87,145799.08,232809.97
4173.88,146154.63,234235.5
4173.89,146505.72,235735.92
4173.9,146862.61,237168.32
4173.91,147198.67,238675.92
4173.92,147538.11,240115.02
4173.93,147901.99,241629.71
4173.94,148265.56,243075.74
4173.95,148703.2,244598.2
4173.96,149126.64,246052.44
4173.97,149493.3,247583.42
4173.98,149850.92,249045
4173.99,150228.93,250583.42
4174,150644.86,252052.41
4174.01,151074.7,253525.59
4174.02,151534.73,255076.84
4174.03,151966.35,256558.73
4174.04,152442.66,258119.28
4174.05,152926.95,259610.19
4174.06,153415.73,261180.67
4174.07,153929.88,262681.16
4174.08,154595.8,264262.85
4174.09,155176.93,265775.3
4174.1,155834.31,267369.68
4174.11,156443.56,268894.36
4174.12,157006.92,270501.29
4174.13,157647.7,272037.1
4174.14,158321.4,273657.44
4174.15,158858.27,275206.07
4174.16,159395.13,276837.63
4174.17,159836.9,278396.29
4174.18,160328.82,280037.6
4174.19,160858.79,281605.73
4174.2,161407.93,283258.1
4174.21,161819.28,284836.2
4174.22,162225.07,286497.5
4174.23,162603.21,288083.49
4174.24,163002.05,289752.74
4174.25,163299.65,291345.94
4174.26,163590.55,292942.06
4174.27,163935.04,294621.18
4174.28,164278.81,296223.81
4174.29,164629.04,297910.04
4174.3,164973.43,299519.45
4174.31,165286.37,301212.64
4174.32,165579.58,302828.15
4174.33,165920.2,304527.63
4174.34,166232.59,306149.46
4174.35,166574.66,307855.73
4174.36,166871.8,309483.87
4174.37,167169.7,311196.51
4174.38,167444.92,312830.31
4174.39,167759.88,314548.82
4174.4,168088.05,316188.72
4174.41,168381.49,317913.77
4174.42,168651.94,319559.4
4174.43,168939.09,321290.16
4174.44,169222.14,322941.29
4174.45,169511.29,324677.9
4174.46,169825.37,326334.75
4174.47,170133.15,328077.66
4174.48,170395.03,329740.37
4174.49,170677.01,331488.97
4174.5,170955.02,333157.06
4174.51,171246.09,334827.87
4174.52,171544.48,336585.3
4174.53,171813.99,338261.79
4174.54,172107.85,340024.99
4174.55,172382.27,341707
4174.56,172689.31,343476.08
4174.57,172964.36,345163.8
4174.58,173240.79,346938.73
4174.59,173511.94,348631.78
4174.6,173791.48,350412.31
4174.61,174083.28,352110.82
4174.62,174384.62,353897.37
4174.63,174646.02,355601.58
4174.64,174913.74,357393.67
4174.65,175183.21,359103.04
4174.66,175483.29,360900.76
4174.67,175798.49,362615.96
4174.68,176087.26,364420.02
4174.69,176359.1,366140.87
4174.7,176629.68,367950.56
4174.71,176921.67,369676.76
4174.72,177220.54,371492.38
4174.73,177493.48,373224.38
4174.74,177780.89,375045.83
4174.75,178041.9,376783.23
4174.76,178341.18,378523.33
4174.77,178619.42,380353.41
4174.78,178911.31,382099.14
4174.79,179193.3,383935.12
4174.8,179472.2,385686.35
4174.81,179764.7,387528.1
4174.82,180058.02,389285.01
4174.83,180359.32,391132.79
4174.84,180666.27,392895.57
4174.85,180961.26,394749.6
4174.86,181253.69,396518.18
4174.87,181575.72,398378.36
4174.88,181870.28,400152.93
4174.89,182191.12,402019.42
4174.9,182508.78,403800.08
4174.91,182884.43,405673.4
4174.92,183204.75,407460.89
4174.93,183548.39,409341.13
4174.94,183879.82,411135.17
4174.95,184221.8,413022.34
4174.96,184567.26,414822.98
4174.97,184906.93,416717.17
4174.98,185300.38,418524.71
4174.99,185689.18,420426.67
4175,186057.16,422241.75
4175.01,186441.6,424060.43
4175.02,186823.28,425974.06
4175.03,187170.8,427800.05
4175.04,187651.74,429721.46
4175.05,188136.46,431556.18
4175.06,188541.83,433487.3
4175.07,189032.68,435330.66
4175.08,189599.89,437271.63
4175.09,190134.32,439125.69
4175.1,190635.07,441077.69
4175.11,191245.66,442942.33
4175.12,191799.5,444905.98
4175.13,192315.48,446781.15
4175.14,193019.39,448756.89
4175.15,193433.44,450643.72
4175.16,193876.14,452629.29
4175.17,194313.83,454524.7
4175.18,194766.77,456519.28
4175.19,195346.25,458423.98
4175.2,195908.74,460430.03
4175.21,196228.95,462344.63
4175.22,196593.18,464358.5
4175.23,196915.51,466279.8
4175.24,197295.22,468300.62
4175.25,197561.62,470228.61
4175.26,197880.96,472159.4
4175.27,198179.11,474189.92
4175.28,198466.74,476126.62
4175.29,198773.11,478163.24
4175.3,199067.86,480105.7
4175.31,199386.48,482148.58
4175.32,199651.99,484096.95
4175.33,199980.26,486145.75
4175.34,200237.46,488099.91
4175.35,200511.43,490154.5
4175.36,200755.17,492113.8
4175.37,201023.47,494173.61
4175.38,201310,496138.04
4175.39,201596.05,498203.72
4175.4,201827.07,500173.54
4175.41,202068.6,502244.23
4175.42,202311.15,504218.7
4175.43,202587.28,506294.49
4175.44,202836.65,508274.08
4175.45,203109.24,510355.31
4175.46,203340.42,512339.91
4175.47,203578,514426.09
4175.48,203806.42,516415.24
4175.49,204040.5,518506.2
4175.5,204253.62,520499.77
4175.51,204480.72,522495.48
4175.52,204711.76,524593.33
4175.53,204934.66,526593.51
4175.54,205166.82,528696.01
4175.55,205408.2,530700.69
4175.56,205632.76,532808.03
4175.57,205847.44,534817.14
4175.58,206085.83,536929.03
4175.59,206329.07,538942.71
4175.6,206563.56,541059.54
4175.61,206768.53,543077.75
4175.62,206996.05,545199.07
4175.63,207221.48,547221.61
4175.64,207458.76,549347.64
4175.65,207685.44,551374.68
4175.66,207921.84,553505.47
4175.67,208130.64,555536.95
4175.68,208359.01,557672.26
4175.69,208575.99,559708.04
4175.7,208813.12,561847.95
4175.71,209025.95,563888.17
4175.72,209266.74,566032.69
4175.73,209486.96,568077.36
4175.74,209714.03,570226.55
4175.75,209930.79,572275.59
4175.76,210151.38,574326.75
4175.77,210360.77,576482.67
4175.78,210585.58,578538
4175.79,210810.97,580698.45
4175.8,211041.73,582758.24
4175.81,211256.14,584923.32
4175.82,211467.91,586987.37
4175.83,211694.67,589156.86
4175.84,211927.25,591225.3
4175.85,212154.47,593399.51
4175.86,212389.18,595472.44
4175.87,212615.37,597651.39
4175.88,212838.67,599728.76
4175.89,213071.43,601912.31
4175.9,213316.78,603994.24
4175.91,213554.89,606182.75
4175.92,213789.2,608269.35
4175.93,214035.34,610462.74
4175.94,214290.38,612554.11
4175.95,214553.58,614752.74
4175.96,214807.94,616849.17
4175.97,215084.15,619053.14
4175.98,215330.14,621154.73
4175.99,215587.42,623363.95
4176,215869.67,625470.58
4176.01,216135.13,627579.93
4176.02,216399.42,629797.43
4176.03,216649.34,631911.83
4176.04,216975.57,634134.82
4176.05,217296.42,636255.25
4176.06,217592.73,638484.81
4176.07,217910.86,640611.13
4176.08,218258.64,642847.32
4176.09,218585.72,644980.17
4176.1,218992.85,647223.5
4176.11,219354.55,649363.72
4176.12,219692.86,651614.55
4176.13,220009.01,653761.41
4176.14,220496.85,656019.76
4176.15,220858.74,658174.66
4176.16,221340.87,660441.58
4176.17,221669.48,662604.64
4176.18,222014.54,664879.17
4176.19,222424.06,667049.26
4176.2,222784.35,669331.7
4176.21,223118.15,671508.88
4176.22,223424.85,673798.31
4176.23,223687.27,675981.45
4176.24,223970,678276.48
4176.25,224297.1,680465.27
4176.26,224602.22,682657.13
4176.27,224906.56,684961.68
4176.28,225179.07,687159.34
4176.29,225480.89,689469.73
4176.3,225736.03,691672.95
4176.31,225994.38,693988.89
4176.32,226248.15,696197.02
4176.33,226514.33,698518.27
4176.34,226777,700731.56
4176.35,227043.96,703058.25
4176.36,227299.61,705276.68
4176.37,227586.45,707608.77
4176.38,227846.66,709832.53
4176.39,228095.55,712170.11
4176.4,228337.01,714398.72
4176.41,228578.45,716741.28
4176.42,228820.79,718974.6
4176.43,229063.77,721322.14
4176.44,229291.77,723560.16
4176.45,229545.23,725912.56
4176.46,229770.14,728155.24
4176.47,230021.97,730512.55
4176.48,230247.49,732759.9
4176.49,230508.02,735122.12
4176.5,230747.13,737374.29
4176.51,230961.01,739628.72
4176.52,231195.55,741998.17
4176.53,231422.02,744257.01
4176.54,231660.67,746631.21
4176.55,231885.18,748894.59
4176.56,232126.9,751273.54
4176.57,232352.97,753541.5
4176.58,232586.66,755925.23
4176.59,232792.6,758197.58
4176.6,233042.92,760585.86
4176.61,233250.41,762862.68
4176.62,233470.7,765255.52
4176.63,233675.46,767536.49
4176.64,233902.16,769933.73
4176.65,234117.87,772218.94
4176.66,234356.32,774620.78
4176.67,234570.47,776910.44
4176.68,234791.63,779316.81
4176.69,235022.09,781610.77
4176.7,235256.48,784021.88
4176.71,235464.48,786320.3
4176.72,235689.23,788735.86
4176.73,235937.89,791038.67
4176.74,236170.15,793459.13
4176.75,236380.08,795766.48
4176.76,236596.27,798075.9
4176.77,236830.24,800503.08
4176.78,237086.37,802817.09
4176.79,237315.29,805249.3
4176.8,237539.98,807567.87
4176.81,237786.44,810004.79
4176.82,238028.22,812328.06
4176.83,238263.03,814769.94
4176.84,238513.16,817097.89
4176.85,238747.56,819544.74
4176.86,238993.4,821877.4
4176.87,239235.92,824329.21
4176.88,239486.75,826666.66
4176.89,239738.88,829123.6
4176.9,239993.49,831465.98
4176.91,240245.78,833928.1
4176.92,240497.37,836275.4
4176.93,240764.52,838742.75
4176.94,241025.32,841095.19
4176.95,241279.9,843567.91
4176.96,241532.87,845925.33
4176.97,241815.87,848403.37
4176.98,242099.4,850766.16
4176.99,242395.15,853250.09
4177,242666.9,855618.51
4177.01,242934.83,857989.49
4177.02,243245.72,860482.08
4177.03,243521.16,862858.8
4177.04,243835.39,865357.32
4177.05,244140.89,867739.91
4177.06,244453.99,870244.82
4177.07,244782.17,872633.55
4177.08,245139.3,875145.26
4177.09,245573.04,877540.95
4177.1,246068.6,880061.54
4177.11,246387.43,882466.13
4177.12,246669.12,884993.98
4177.13,247058.77,887404.59
4177.14,247545.91,889940.5
4177.15,247923.53,892359.8
4177.16,248241.07,894903.57
4177.17,248546.32,897329.23
4177.18,249094.53,899880.46
4177.19,249729.2,902316.76
4177.2,250011.95,904878.89
4177.21,250293.91,907321.7
4177.22,250598.22,909889.73
4177.23,250883.97,912338.36
4177.24,251166.31,914912.28
4177.25,251457.37,917366.44
4177.26,251740.45,919823.45
4177.27,252031.03,922406.2
4177.28,252316.91,924868.78
4177.29,252610.06,927457.44
4177.3,252881.46,929925.63
4177.31,253204.75,932520.15
4177.32,253511.55,934994.36
4177.33,253787.73,937595.16
4177.34,254063.06,940074.84
4177.35,254358.05,942681.54
4177.36,254603.28,945166.64
4177.37,254842.38,947778.49
4177.38,255085.92,950268.29
4177.39,255361.65,952885.28
4177.4,255621.75,955380.25
4177.41,255904.13,958002.75
4177.42,256162.28,960503.02
4177.43,256414.06,963130.96
4177.44,256629.58,965636.03
4177.45,256861.52,968268.58
4177.46,257097.03,970778.08
4177.47,257342.64,973415.54
4177.48,257566.87,975929.68
4177.49,257848.76,978572.14
4177.5,258106.32,981091.35
4177.51,258375.59,983613.21
4177.52,258618.78,986263.81
4177.53,258863.91,988790.51
4177.54,259115.39,991446.18
4177.55,259358.37,993977.71
4177.56,259630.62,996638.5
4177.57,259867.5,999175.11
4177.58,260117.38,1001841
4177.59,260362.03,1004382.36
4177.6,260630.59,1007053.51
4177.61,260862.52,1009599.82
4177.62,261113.4,1012275.96
4177.63,261335.88,1014826.95
4177.64,261587.13,1017507.94
4177.65,261804,1020063.52
4177.66,262079.39,1022749.39
4177.67,262307.13,1025309.84
4177.68,262548.26,1028000.73
4177.69,262775.4,1030565.74
4177.7,263018.08,1033261.42
4177.71,263246.07,1035831.06
4177.72,263488.5,1038531.56
4177.73,263706.58,1041105.74
4177.74,263951.99,1043810.96
4177.75,264179.91,1046389.71
4177.76,264409.99,1048970.66
4177.77,264641.69,1051683.04
4177.78,264879.8,1054268.54
4177.79,265121.5,1056985.76
4177.8,265372.48,1059576.03
4177.81,265623.06,1062298.35
4177.82,265859.59,1064893.44
4177.83,266090.47,1067620.68
4177.84,266322.6,1070220.3
4177.85,266569.58,1072952.33
4177.86,266806.17,1075556.66
4177.87,267047.97,1078293.62
4177.88,267300.9,1080902.7
4177.89,267547.76,1083644.78
4177.9,267805.17,1086258.73
4177.91,268057.41,1089006.01
4177.92,268305.8,1091624.91
4177.93,268561.13,1094377.34
4177.94,268822.94,1097001.22
4177.95,269094.78,1099759.02
4177.96,269368.81,1102388.14
4177.97,269645.49,1105151.58
4177.98,269920.78,1107786.14
4177.99,270207.54,1110555.32
4178,270481.48,1113195.4
4178.01,270760.59,1115838.14
4178.02,271045.86,1118615.94
4178.03,271353.09,1121264.29
4178.04,271662.73,1124048.33
4178.05,271992.04,1126702.72
4178.06,272298.21,1129493.23
4178.07,272632.06,1132153.99
4178.08,272977.52,1134951.2
4178.09,273371.26,1137618.78
4178.1,273785.14,1140424.03
4178.11,274140.82,1143099.36
4178.12,274605.96,1145912.79
4178.13,274942.39,1148596.07
4178.14,275293.93,1151417.18
4178.15,275624.61,1154107.15
4178.16,276005.27,1156935.19
4178.17,276387.34,1159632.53
4178.18,276724.04,1162468.13
4178.19,277127.97,1165172.62
4178.2,277387.62,1168015.53
4178.21,277652.77,1170725.64
4178.22,277903.86,1173573.94
4178.23,278136.83,1176288.94
4178.24,278390.54,1179142.16
4178.25,278647.17,1181862.09
4178.26,278891.28,1184584.39
4178.27,279160.76,1187445.39
4178.28,279407.81,1190172.79
4178.29,279667.95,1193039.07
4178.3,279909.62,1195771.31
4178.31,280175.09,1198642.74
4178.32,280412.11,1201379.99
4178.33,280682.87,1204256.55
4178.34,280899.29,1206998.62
4178.35,281145.33,1209880.14
4178.36,281378.24,1212626.76
4178.37,281638.39,1215513.31
4178.38,281917.75,1218264.97
4178.39,282145.6,1221156.87
4178.4,282423.58,1223913.57
4178.41,282665.38,1226810.68
4178.42,282881,1229572.06
4178.43,283124.97,1232473.91
4178.44,283329.36,1235239.72
4178.45,283553.9,1238146.06
4178.46,283765.14,1240916.14
4178.47,283995.1,1243826.92
4178.48,284204.88,1246601.3
4178.49,284423.53,1249516.54
4178.5,284621.69,1252295.03
4178.51,284821.59,1255075.45
4178.52,285027.41,1257997.08
4178.53,285229.23,1260781.46
4178.54,285424.86,1263707.16
4178.55,285608.21,1266495.39
4178.56,285808.08,1269424.97
4178.57,285995.15,1272217
4178.58,286201.62,1275150.55
4178.59,286390.35,1277946.4
4178.6,286619.89,1280884.23
4178.61,286809.65,1283684.12
4178.62,287048.48,1286626.28
4178.63,287236.82,1289430.38
4178.64,287445.71,1292376.73
4178.65,287634.59,1295184.72
4178.66,287843.57,1298135.14
4178.67,288036.17,1300947.02
4178.68,288238.82,1303901.54
4178.69,288440.62,1306717.33
4178.7,288650.73,1309676.01
4178.71,288834.68,1312495.74
4178.72,289052.97,1315458.5
4178.73,289251.55,1318282.23
4178.74,289460.78,1321249.23
4178.75,289644.92,1324076.88
4178.76,289843.97,1326906.38
4178.77,290045.79,1329879.39
4178.78,290260.21,1332712.86
4178.79,290466.89,1335690.18
4178.8,290693.13,1338527.82
4178.81,290903.62,1341509.59
4178.82,291106.09,1344351.39
4178.83,291327.14,1347337.44
4178.84,291527.8,1350183.43
4178.85,291742.95,1353173.83
4178.86,291939.51,1356023.84
4178.87,292170.74,1359018.47
4178.88,292376.13,1361872.71
4178.89,292615.64,1364871.91
4178.9,292827.91,1367730.5
4178.91,293074.13,1370734.37
4178.92,293304.36,1373597.56
4178.93,293548.83,1376606.31
4178.94,293756.89,1379474.01
4178.95,293980.13,1382487.33
4178.96,294202.99,1385359.24
4178.97,294439.4,1388377.18
4178.98,294648.88,1391253.57
4178.99,294873.81,1394276.01
4179,295100.79,1397156.7
4179.01,295331.22,1400039.64
4179.02,295558.07,1403069.08
4179.03,295792.97,1405956.48
4179.04,296073.68,1408990.92
4179.05,296325.25,1411883.47
4179.06,296593.9,1414923.29
4179.07,296873.3,1417821.01
4179.08,297180.63,1420866.61
4179.09,297485.29,1423770.25
4179.1,297788.22,1426822.11
4179.11,298071.75,1429731.51
4179.12,298403.39,1432789.58
4179.13,298731.88,1435705.2
4179.14,299074.02,1438770
4179.15,299403.43,1441692.23
4179.16,299672.57,1444763.66
4179.17,300083.78,1447691.95
4179.18,300532.59,1450771.13
4179.19,300916.27,1453707.96
4179.2,301234.2,1456795.16
4179.21,301463.94,1459738
4179.22,301680.51,1462830.26
4179.23,301904.49,1465777.4
4179.24,302175.35,1468874.36
4179.25,302416.28,1471826.5
4179.26,302618.12,1474780.74
4179.27,302837.68,1477884.81
4179.28,303189.9,1480843.36
4179.29,303456.82,1483953.74
4179.3,303672.39,1486918.21
4179.31,303940.12,1490033.39
4179.32,304157.12,1493002.46
4179.33,304414.05,1496122.57
4179.34,304634.34,1499096.34
4179.35,304864.29,1502221.14
4179.36,305063.86,1505199.26
4179.37,305266.71,1508328.31
4179.38,305468.91,1511310.37
4179.39,305680.98,1514443.66
4179.4,305859.62,1517429.66
4179.41,306056.91,1520566.87
4179.42,306230.65,1523556.5
4179.43,306443.89,1526697.59
4179.44,306644.73,1529691.11
4179.45,306847.92,1532836.46
4179.46,307032.72,1535833.94
4179.47,307216.46,1538983.16
4179.48,307394.54,1541984.17
4179.49,307589.01,1545137.14
4179.5,307787.34,1548141.87
4179.51,307966.74,1551148.47
4179.52,308159.29,1554307.3
4179.53,308331.2,1557317.49
4179.54,308532.67,1560480.08
4179.55,308718.99,1563493.97
4179.56,308912.21,1566660.54
4179.57,309078.29,1569678.05
4179.58,309264.83,1572848.23
4179.59,309450.67,1575869.27
4179.6,309655.24,1579043.35
4179.61,309846.11,1582068.25
4179.62,310041.78,1585246.36
4179.63,310216.42,1588274.95
4179.64,310410.86,1591456.82
4179.65,310589.91,1594489.01
4179.66,310796.76,1597674.83
4179.67,310982.97,1600710.83
4179.68,311174.58,1603900.58
4179.69,311350.06,1606940.21
4179.7,311548.06,1610133.76
4179.71,311733.03,1613177.1
4179.72,311937.13,1616374.62
4179.73,312104.96,1619421.66
4179.74,312287.15,1622622.86
4179.75,312452.04,1625673.32
4179.76,312630.08,1628725.47
4179.77,312815.81,1631932.09
4179.78,312991.49,1634987.81
4179.79,313174.81,1638198.12
4179.8,313342.45,1641257.29
4179.81,313523.14,1644471.19
4179.82,313695.12,1647533.77
4179.83,313889.18,1650751.37
4179.84,314061.67,1653817.53
4179.85,314251.62,1657038.85
4179.86,314447.71,1660108.64
4179.87,314679.67,1663334.07
4179.88,314866.59,1666408.06
4179.89,315060.74,1669637.66
4179.9,315240.95,1672715.29
4179.91,315449.7,1675948.79
4179.92,315646.88,1679030.31
4179.93,315870.2,1682268.06
4179.94,316058.37,1685353.63
4179.95,316278.77,1688595.58
4179.96,316489.48,1691685.22
4179.97,316728.71,1694931.7
4179.98,316937.3,1698025.76
4179.99,317163.88,1701276.73
4180,317385.49,1704375.1
4180.01,317604.81,1707475.62
4180.02,317816.13,1710733.36
4180.03,318048.6,1713838.14
4180.04,318311.73,1717100.66
4180.05,318543.53,1720210.29
4180.06,318777.7,1723477.76
4180.07,319013.62,1726591.93
4180.08,319272.98,1729864.33
4180.09,319541.41,1732983.47
4180.1,319856.23,1736261.58
4180.11,320146.29,1739386.51
4180.12,320419.46,1742670.67
4180.13,320704.32,1745801.09
4180.14,321008.97,1749091.02
4180.15,321303.8,1752227.23
4180.16,321609.09,1755523.33
4180.17,321963.14,1758665.8
4180.18,322325.56,1761968.91
4180.19,322570.21,1765117.8
4180.2,322787.43,1768426.49
4180.21,323000.86,1771579.71
4180.22,323204.42,1774892.75
4180.23,323404.66,1778049.98
4180.24,323607.99,1781367.14
4180.25,323817.3,1784528.36
4180.26,324005.03,1787691.53
4180.27,324220.4,1791014.89
4180.28,324422.94,1794182.03
4180.29,324627.22,1797509.65
4180.3,324804.04,1800680.66
4180.31,325014.72,1804012.2
4180.32,325256.58,1807187.23
4180.33,325451.66,1810523.38
4180.34,325648.28,1813702.56
4180.35,325843.94,1817042.72
4180.36,326029.76,1820225.67
4180.37,326230.77,1823569.79
4180.38,326452.42,1826756.72
4180.39,326640.08,1830105.09
4180.4,326834.81,1833295.86
4180.41,327031.11,1836648.18
4180.42,327222.14,1839842.77
4180.43,327404.85,1843199
4180.44,327597.74,1846397.25
4180.45,327802.07,1849757.46
4180.46,327975.17,1852959.48
4180.47,328149.57,1856323.38
4180.48,328328.24,1859528.82
4180.49,328540.05,1862896.55
4180.5,328729.66,1866105.86
4180.51,328893.72,1869316.89
4180.52,329079.4,1872690.23
4180.53,329276.1,1875904.84
4180.54,329459.52,1879282.14
4180.55,329618.66,1882500.26
4180.56,329794.38,1885881.02
4180.57,329951.37,1889102.41
4180.58,330124.15,1892486.57
4180.59,330284.49,1895711.18
4180.6,330463.01,1899098.78
4180.61,330624.27,1902326.73
4180.62,330798.52,1905717.78
4180.63,330970.8,1908949.05
4180.64,331160.39,1912343.71
4180.65,331343.22,1915578.57
4180.66,331520.87,1918977.01
4180.67,331687.97,1922215.31
4180.68,331877.3,1925617.31
4180.69,332065.94,1928859.19
4180.7,332243.4,1932265.05
4180.71,332403.45,1935510.38
4180.72,332576.01,1938919.66
4180.73,332751.81,1942168.27
4180.74,332945.25,1945581.24
4180.75,333120.2,1948833.49
4180.76,333290.46,1952087.45
4180.77,333480.64,1955505.94
4180.78,333647.4,1958763.39
4180.79,333835.95,1962185.53
4180.8,334012.74,1965446.49
4180.81,334204.42,1968872.39
4180.82,334384.43,1972136.98
4180.83,334573.86,1975566.68
4180.84,334760.61,1978834.89
4180.85,334958.57,1982268.5
4180.86,335138.31,1985540.44
4180.87,335327.84,1988977.87
4180.88,335506.6,1992253.41
4180.89,335708.48,1995694.67
4180.9,335904.72,1998974.02
4180.91,336113.41,2002419.41
4180.92,336305.35,2005702.68
4180.93,336506.14,2009152.15
4180.94,336704.27,2012439.26
4180.95,336928.46,2015892.95
4180.96,337121.11,2019184.19
4180.97,337351.75,2022642.15
4180.98,337548.84,2025937.56
4180.99,337768.46,2029399.83
4181,337976.83,2032699.34
4181.01,338193.11,2036000.92
4181.02,338412.61,2039469.8
4181.03,338633.31,2042775.63
4181.04,338861.67,2046249.06
4181.05,339111.29,2049559.39
4181.06,339366.92,2053037.91
4181.07,339593.08,2056353.09
4181.08,339874.91,2059836.65
4181.09,340144.6,2063157
4181.1,340408.68,2066646.12
4181.11,340655.9,2069971.57
4181.12,340945.84,2073465.99
4181.13,341213.83,2076796.8
4181.14,341511.54,2080297.04
4181.15,341772.45,2083633.32
4181.16,342093.81,2087139.33
4181.17,342415.15,2090481.65
4181.18,343003.06,2093995.05
4181.19,343360.4,2097346.19
4181.2,343628.3,2100868.36
4181.21,343909.09,2104225.41
4181.22,344173.19,2107753.17
4181.23,344487.04,2111115.68
4181.24,344725.31,2114649.25
4181.25,344941.45,2118016.79
4181.26,345295.69,2121386.49
4181.27,345616.37,2124929.15
4181.28,345863.11,2128305.35
4181.29,346123.91,2131853.17
4181.3,346368.69,2135234.4
4181.31,346576.8,2138787.08
4181.32,346842.68,2142172.8
4181.33,347041.98,2145730.3
4181.34,347240.52,2149120.36
4181.35,347429.02,2152681.87
4181.36,347639.62,2156075.71
4181.37,347871.93,2159641.7
4181.38,348044.33,2163039.72
4181.39,348215.54,2166609.4
4181.4,348396.43,2170010.79
4181.41,348613.01,2173584.23
4181.42,348841.91,2176989.65
4181.43,349101.96,2180568.01
4181.44,349293.95,2183978.1
4181.45,349480.31,2187560.68
4181.46,349661.1,2190974.42
4181.47,349852.08,2194560.75
4181.48,350078.44,2197978.49
4181.49,350278.54,2201569.11
4181.5,350484.41,2204990.81
4181.51,350691.25,2208414.49
4181.52,350901.94,2212011.5
4181.53,351108.54,2215439.23
4181.54,351298.54,2219040.44
4181.55,351476.07,2222471.89
4181.56,351689.86,2226076.94
4181.57,351901.07,2229512.41
4181.58,352091.12,2233121.73
4181.59,352261.94,2236560.91
4181.6,352468.49,2240174.02
4181.61,352646.3,2243616.92
4181.62,352848.78,2247233.91
4181.63,353061.11,2250680.69
4181.64,353266.83,2254301.93
4181.65,353435.32,2257752.59
4181.66,353621.04,2261377.6
4181.67,353826.26,2264831.86
4181.68,354031.38,2268461
4181.69,354216.88,2271919.16
4181.7,354415.69,2275552.27
4181.71,354602.95,2279014.2
4181.72,354814.65,2282651.28
4181.73,355014.2,2286117.16
4181.74,355234.3,2289758.56
4181.75,355416.74,2293228.49
4181.76,355585.75,2296700.17
4181.77,355778.06,2300347.27
4181.78,355978.72,2303822.65
4181.79,356182.47,2307473.86
4181.8,356395.81,2310953.15
4181.81,356604.38,2314608.65
4181.82,356792.25,2318092.02
4181.83,357001.48,2321751.52
4181.84,357258.84,2325239.05
4181.85,357467.92,2328903.43
4181.86,357648.25,2332395.18
4181.87,357881.31,2336063.54
4181.88,358091.79,2339559.47
4181.89,358324.15,2343232.51
4181.9,358543.82,2346732.82
4181.91,358756.33,2350410.36
4181.92,358983.66,2353914.87
4181.93,359220.23,2357597.09
4181.94,359439.62,2361106.11
4181.95,359705.65,2364793.11
4181.96,359908.53,2368306.83
4181.97,360158.23,2371998.49
4181.98,360406.69,2375516.89
4181.99,360657.3,2379213.68
4182,360912.82,2382736.9
4182.01,361163.93,2386262.66
4182.02,361419.91,2389967.23
4182.03,361693.58,2393497.98
4182.04,362010.18,2397208.28
4182.05,362291.98,2400744.9
4182.06,362574.68,2404461.19
4182.07,362871.89,2408003.31
4182.08,363180.3,2411725.65
4182.09,363465.85,2415273.72
4182.1,363756.88,2419002.15
4182.11,364029.35,2422555.77
4182.12,364337.36,2426289.97
4182.13,364676.91,2429849.6
4182.14,364984.51,2433590.66
4182.15,365284.86,2437156.33
4182.16,365702.84,2440904.24
4182.17,366010.61,2444477.11
4182.18,366403.07,2448231.96
4182.19,366819.13,2451812.2
4182.2,367109.36,2455575.12
4182.21,367366.75,2459161.37
4182.22,367671.49,2462929.89
4182.23,367901.43,2466521.55
4182.24,368168.33,2470295.28
4182.25,368396.17,2473891.84
4182.26,368621.63,2477490.52
4182.27,368837.36,2481271.39
4182.28,369061.04,2484874.4
4182.29,369302.15,2488659.95
4182.3,369527.35,2492267.51
4182.31,369747.18,2496057.69
4182.32,369997.34,2499669.64
4182.33,370237.67,2503464.78
4182.34,370474.84,2507081.48
4182.35,370771.03,2510881.83
4182.36,370987.38,2514503.69
4182.37,371244.06,2518309.1
4182.38,371503.96,2521935.84
4182.39,371737.4,2525746.34
4182.4,372020.39,2529378.07
4182.41,372246.64,2533193.88
4182.42,372460.56,2536830.13
4182.43,372689.25,2540650.48
4182.44,372894.72,2544291.01
4182.45,373119.43,2548115.77
4182.46,373346.54,2551760.58
4182.47,373567.35,2555589.92
4182.48,373811.33,2559239.23
4182.49,374015.66,2563073.29
4182.5,374212.43,2566726.72
4182.51,374402.08,2570382.04
4182.52,374624.91,2574222.22
4182.53,374824.82,2577881.62
4182.54,375044.48,2581726.13
4182.55,375249.95,2585389.64
4182.56,375474.05,2589238.57
4182.57,375672.85,2592906.25
4182.58,375888.93,2596759.44
4182.59,376080.23,2600431.13
4182.6,376283.61,2604288.43
4182.61,376474.46,2607963.97
4182.62,376678.31,2611825.32
4182.63,376860.07,2615504.66
4182.64,377066.16,2619369.94
4182.65,377280.66,2623053.25
4182.66,377505.61,2626922.97
4182.67,377704.58,2630610.48
4182.68,377954.1,2634484.71
4182.69,378148.12,2638176.58
4182.7,378353.79,2642055.12
4182.71,378550.28,2645750.96
4182.72,378748.33,2649633.58
4182.73,378954.58,2653333.31
4182.74,379146.31,2657220.04
4182.75,379350.16,2660923.62
4182.76,379552.01,2664629.19
4182.77,379759.17,2668522.13
4182.78,379946.81,2672231.62
4182.79,380161.18,2676128.63
4182.8,380347.78,2679842.04
4182.81,380562.4,2683743.2
4182.82,380751.71,2687460.51
4182.83,380964.39,2691365.8
4182.84,381153.37,2695087.07
4182.85,381370.09,2698996.44
4182.86,381578.64,2702721.74
4182.87,381793.06,2706635.49
4182.88,381992.19,2710364.89
4182.89,382207.28,2714282.86
4182.9,382412.99,2718016.35
4182.91,382616.86,2721938.6
4182.92,382804.13,2725675.99
4182.93,383018.44,2729602.29
4182.94,383231.78,2733343.69
4182.95,383460.71,2737274.52
4182.96,383657.1,2741020.18
4182.97,383905.96,2744955.5
4182.98,384098.34,2748705.47
4182.99,384317.69,2752645.11
4183,384523.66,2756399.18
4183.01,384742.52,2760155.35
4183.02,384973.7,2764101.65
4183.03,385215.09,2767862.31
4183.04,385474.46,2771813.6
4183.05,385705.32,2775579.11
4183.06,385990.6,2779535.48
4183.07,386268.79,2783306.27
4183.08,386544.27,2787268.48
4183.09,386803.97,2791044.5
4183.1,387075.61,2795012.22
4183.11,387333.36,2798793.53
4183.12,387592.61,2802766.51
4183.13,387838.09,2806552.78
4183.14,388199.43,2810531.43
4183.15,388481.38,2814323.8
4183.16,388781.83,2818308.72
4183.17,389097.42,2822106.89
4183.18,389522.97,2826098.82
4183.19,389805.85,2829904.1
4183.2,390105.88,2833902.54
4183.21,390656.01,2837714.68
4183.22,390974.57,2841722.26
4183.23,391170.18,2845541.33
4183.24,391397.29,2849553.49
4183.25,391592.28,2853376.67
4183.26,391799.53,2857201.78
4183.27,392051.95,2861220.42
4183.28,392427.14,2865050.77
4183.29,392656.54,2869075.81
4183.3,392958.34,2872911.69
4183.31,393315.83,2876943
4183.32,393565.73,2880785.2
4183.33,393788.39,2884821.89
4183.34,394021.74,2888668.54
4183.35,394323.35,2892710.21
4183.36,394725.09,2896563.28
4183.37,394943.41,2900611.85
4183.38,395225.65,2904469.94
4183.39,395445.87,2908523.67
4183.4,395657.94,2912386.41
4183.41,395954.72,2916444.94
4183.42,396213.81,2920312.87
4183.43,396415.86,2924376.63
4183.44,396618.85,2928248.83
4183.45,396835.58,2932316.76
4183.46,397076.52,2936193.24
4183.47,397283.71,2940265.86
4183.48,397534.62,2944146.74
4183.49,397783.1,2948224.37
4183.5,397988.32,2952109.92
4183.51,398190.7,2955997.46
4183.52,398424.74,2960081.68
4183.53,398610.34,2963973.43
4183.54,398812.08,2968061.74
4183.55,398998.18,2971957.22
4183.56,399241.19,2976049.71
4183.57,399431.25,2979949.45
4183.58,399627.73,2984046.17
4183.59,399863.14,2987949.97
4183.6,400059.99,2992051.14
4183.61,400258.03,2995958.91
4183.62,400481.96,3000064.24
4183.63,400700.51,3003976.35
4183.64,400893.72,3008086.07
4183.65,401082.49,3012001.97
4183.66,401284.46,3016115.64
4183.67,401478.74,3020035.4
4183.68,401668.07,3024153.08
4183.69,401863.02,3028076.55
4183.7,402062.72,3032198.22
4183.71,402255.23,3036125.55
4183.72,402451.36,3040251.25
4183.73,402642.35,3044182.35
4183.74,402826.51,3048311.93
4183.75,403029.62,3052246.8
4183.76,403206.03,3056183.48
4183.77,403393.6,3060318.87
4183.78,403568.52,3064259.1
4183.79,403766.09,3068398.23
4183.8,403941.6,3072342.09
4183.81,404137.52,3076485.05
4183.82,404328.6,3080432.6
4183.83,404535.61,3084579.59
4183.84,404722.32,3088531.01
4183.85,404929.3,3092682.02
4183.86,405124.37,3096637.34
4183.87,405339.7,3100792.49
4183.88,405551.92,3104751.9
4183.89,405775.71,3108911.49
4183.9,405990.66,3112875.17
4183.91,406205.19,3117039.23
4183.92,406403.74,3121007
4183.93,406626.05,3125175.32
4183.94,406884.81,3129147.39
4183.95,407149.63,3133320.97
4183.96,407356.38,3137298.01
4183.97,407624.52,3141476.39
4183.98,407841.66,3145458.1
4183.99,408077.84,3149641.28
4184,408288.85,3153627.39
4184.01,408522.03,3157615.68
4184.02,408764,3161805.85
4184.03,408997.22,3165798.82
4184.04,409247.69,3169993.92
4184.05,409486.59,3173991.61
4184.06,409749.02,3178191.74
4184.07,410007.94,3182194.42
4184.08,410281,3186400.02
4184.09,410538.63,3190407.88
4184.1,410814.04,3194618.91
4184.11,411065.79,3198631.95
4184.12,411349.15,3202848.4
4184.13,411631.27,3206866.78
4184.14,411955.94,3211089.23
4184.15,412237.1,3215113.55
4184.16,412587.46,3219342.28
4184.17,412881.19,3223372.89
4184.18,413214,3227608.15
4184.19,413577.68,3231645.15
4184.2,413950.4,3235887.75
4184.21,414252.62,3239931.66
4184.22,414547.57,3244181.01
4184.23,414764.3,3248230.39
4184.24,414977.03,3252484.41
4184.25,415176.54,3256537.87
4184.26,415370.38,3260593.26
4184.27,415576.1,3264853.44
4184.28,415779.23,3268912.77
4184.29,416001.96,3273177.21
4184.3,416214.13,3277240.76
4184.31,416411.97,3281509.56
4184.32,416605.22,3285576.99
4184.33,416805.28,3289849.82
4184.34,417004.21,3293921.14
4184.35,417200.99,3298198.03
4184.36,417395.38,3302273.17
4184.37,417591.85,3306554.09
4184.38,417793.43,3310633.07
4184.39,417998.05,3314918.1
4184.4,418207.4,3319001.09
4184.41,418389.15,3323290.26
4184.42,418573.53,3327376.95
4184.43,418764.6,3331669.88
4184.44,418962,3335760.31
4184.45,419144.71,3340057.22
4184.46,419320.92,3344151.3
4184.47,419508.01,3348451.94
4184.48,419681.5,3352549.55
4184.49,419864.67,3356853.88
4184.5,420031.74,3360954.94
4184.51,420205.23,3365057.66
4184.52,420373.01,3369367.27
4184.53,420540.19,3373473.28
4184.54,420709.79,3377786.33
4184.55,420875.63,3381895.62
4184.56,421041.6,3386212.08
4184.57,421210.47,3390324.63
4184.58,421375.78,3394644.53
4184.59,421548.09,3398760.35
4184.6,421722.42,3403083.75
4184.61,421915.46,3407203.05
4184.62,422096.47,3411530.26
4184.63,422276.51,3415653.17
4184.64,422461.06,3419984.08
4184.65,422641.11,3424110.55
4184.66,422829.25,3428445.21
4184.67,423013.61,3432575.3
4184.68,423191.61,3436913.74
4184.69,423370.83,3441047.33
4184.7,423549.61,3445389.44
4184.71,423732.64,3449526.55
4184.72,423921.53,3453872.41
4184.73,424104.38,3458013.15
4184.74,424278.64,3462362.75
4184.75,424455.89,3466506.95
4184.76,424630.43,3470652.85
4184.77,424830.19,3475007.95
4184.78,425009.31,3479157.52
4184.79,425201.23,3483516.5
4184.8,425377.48,3487669.69
4184.81,425579.62,3492032.46
4184.82,425764.63,3496189.39
4184.83,425972.77,3500556.17
4184.84,426156.43,3504716.94
4184.85,426354.04,3509087.68
4184.86,426545.54,3513252.2
4184.87,426757.02,3517627
4184.88,426944.23,3521795.44
4184.89,427149.59,3526174.3
4184.9,427337.56,3530346.57
4184.91,427569.99,3534729.54
4184.92,427762.23,3538905.95
4184.93,427984.67,3543293.24
4184.94,428249.11,3547473.9
4184.95,428516.08,3551866.54
4184.96,428762.45,3556052.33
4184.97,429056.9,3560450.44
4184.98,429264.42,3564641.43
4184.99,429493.94,3569044.18
4185,429700.42,3573239.42
4185.01,429916.78,3577436.76
4185.02,430163.29,3581846.35
4185.03,430383.19,3586048.22
4185.04,430629.83,3590462.59
4185.05,430857.98,3594669.06
4185.06,431102.47,3599088.29
4185.07,431327.11,3603299.35
4185.08,431567.22,3607723.36
4185.09,431821.76,3611939.11
4185.1,432096.13,3616368.35
4185.11,432348.98,3620589.24
4185.12,432637.5,3625023.95
4185.13,432893.46,3629250.15
4185.14,433174.54,3633690.4
4185.15,433423.84,3637921.8
4185.16,433734.24,3642367.63
4185.17,433986.07,3646604.56
4185.18,434336.08,3651056.25
4185.19,434656.24,3655299.34
4185.2,434976.99,3659757.86
4185.21,435272.59,3664007.22
4185.22,435578.79,3668471.94
4185.23,435785.56,3672726.64
4185.24,436040.84,3677196.54
4185.25,436233.71,3681455.67
4185.26,436437.63,3685716.73
4185.27,436657.55,3690193.05
4185.28,436862.45,3694458.25
4185.29,437083.53,3698938.84
4185.3,437285.06,3703208.2
4185.31,437483.46,3707693.08
4185.32,437676.69,3711966.29
4185.33,437899.25,3716455.26
4185.34,438090.9,3720732.57
4185.35,438303.09,3725225.77
4185.36,438513.17,3729507.11
4185.37,438737.14,3734004.79
4185.38,438939.33,3738290.27
4185.39,439171.03,3742792.37
4185.4,439373.79,3747082.13
4185.41,439601.08,3751588.57
4185.42,439796.76,3755882.51
4185.43,440013.33,3760393.26
4185.44,440200.07,3764691.18
4185.45,440403.88,3769206
4185.46,440585.6,3773507.7
4185.47,440779.16,3778026.44
4185.48,440966.1,3782331.83
4185.49,441167.54,3786854.49
4185.5,441362.97,3791163.69
4185.51,441566.04,3795474.88
4185.52,441756.39,3800003.62
4185.53,441946.57,3804318.56
4185.54,442136.34,3808851.21
4185.55,442323.92,3813169.85
4185.56,442511.11,3817706.35
4185.57,442693.49,3822028.64
4185.58,442877.56,3826568.9
4185.59,443065.85,3830894.8
4185.6,443253.71,3835438.89
4185.61,443439.43,3839768.43
4185.62,443623.82,3844316.36
4185.63,443805.89,3848649.5
4185.64,443992.33,3853201.19
4185.65,444171.6,3857537.91
4185.66,444350.66,3862093.3
4185.67,444537.74,3866433.56
4185.68,444727.74,3870992.77
4185.69,444910.98,3875336.69
4185.7,445091.69,3879899.69
4185.71,445271.48,3884247.14
4185.72,445452.64,3888813.82
4185.73,445643.44,3893164.87
4185.74,445826.07,3897735.39
4185.75,446008.34,3902090.02
4185.76,446185.25,3906446.41
4185.77,446374.98,3911022.5
4185.78,446550.19,3915382.45
4185.79,446750.17,3919962.33
4185.8,446932.93,3924325.99
4185.81,447125.77,3928909.76
4185.82,447298.96,3933277.04
4185.83,447502.53,3937864.6
4185.84,447690.19,3942235.64
4185.85,447888.73,3946827.21
4185.86,448065.94,3951201.96
4185.87,448260.21,3955797.34
4185.88,448442.69,3960175.73
4185.89,448640.11,3964774.99
4185.9,448821.76,3969157.1
4185.91,449027.82,3973760.29
4185.92,449218.65,3978146.21
4185.93,449426.95,3982753.47
4185.94,449637.11,3987143.39
4185.95,449840.45,3991754.99
4185.96,450035.28,3996148.91
4185.97,450254.17,4000764.62
4185.98,450481.29,4005162.77
4185.99,450689.43,4009783.02
4186,450923.68,4014185.43
4186.01,451150.43,4018590.06
4186.02,451385.7,4023217.35
4186.03,451594.67,4027626.4
4186.04,451848.29,4032258.31
4186.05,452094.83,4036672.08
4186.06,452336.82,4041309.04
4186.07,452569.13,4045727.51
4186.08,452853.82,4050369.51
4186.09,453110.15,4054793.13
4186.1,453361.89,4059440.55
4186.11,453613.88,4063869.08
4186.12,453896.31,4068521.84
4186.13,454168.49,4072955.67
4186.14,454475.43,4077614.15
4186.15,454778.63,4082053.77
4186.16,455373.59,4086720.48
4186.17,455656.36,4091168.85
4186.18,455969,4095842.65
4186.19,456386.44,4100297.43
4186.2,456711,4104978.81
4186.21,456996.75,4109440.17
4186.22,457481.76,4114128.81
4186.23,457715.27,4118597.51
4186.24,457945.25,4123292
4186.25,458166.81,4127765.25
4186.26,458372.16,4132240.54
4186.27,458584.09,4136941.75
4186.28,458794.91,4141421.15
4186.29,459014.36,4146126.72
4186.3,459224.09,4150610.32
4186.31,459445.31,4155320.28
4186.32,459680.14,4159808.17
4186.33,459897.96,4164522.84
4186.34,460089.98,4169014.95
4186.35,460304.11,4173733.74
4186.36,460507.08,4178229.94
4186.37,460711.27,4182953
4186.38,460904.17,4187453.06
4186.39,461111.8,4192180.2
4186.4,461294.04,4196684.13
4186.41,461494.2,4201415.21
4186.42,461676.5,4205922.88
4186.43,461880.44,4210657.92
4186.44,462056.54,4215169.32
4186.45,462249.49,4219908.2
4186.46,462429.18,4224423.21
4186.47,462626.09,4229165.94
4186.48,462803.16,4233684.62
4186.49,463002.94,4238431.17
4186.5,463192.22,4242953.63
4186.51,463381.69,4247477.91
4186.52,463564.25,4252230.29
4186.53,463743.84,4256758.15
4186.54,463925.25,4261514.25
4186.55,464097.63,4266045.6
4186.56,464286.5,4270805.35
4186.57,464466.02,4275340.27
4186.58,464637.18,4280103.73
4186.59,464824.11,4284642.1
4186.6,464998.21,4289409.23
4186.61,465171.59,4293951.07
4186.62,465352.89,4298721.79
4186.63,465549.1,4303267.16
4186.64,465751.01,4308041.91
4186.65,465925.14,4312591.09
4186.66,466111.41,4317369.53
4186.67,466325.46,4321922.44
4186.68,466500.17,4326704.97
4186.69,466688.92,4331261.53
4186.7,466893.15,4336047.87
4186.71,467065.62,4340608.18
4186.72,467236.56,4345398.29
4186.73,467412.21,4349961.99
4186.74,467578.77,4354755.62
4186.75,467747.75,4359322.62
4186.76,467909.51,4363891.23
4186.77,468086.61,4368690
4186.78,468248.4,4373261.91
4186.79,468433.69,4378064.19
4186.8,468612.01,4382639.58
4186.81,468795.27,4387445.58
4186.82,468986.27,4392024.55
4186.83,469167.2,4396834.42
4186.84,469354.68,4401417.03
4186.85,469553.84,4406230.76
4186.86,469740.65,4410817.18
4186.87,469923.88,4415634.78
4186.88,470104.27,4420224.77
4186.89,470284.69,4425046.1
4186.9,470470.31,4429639.63
4186.91,470671.93,4434464.79
4186.92,470903.38,4439062.25
4186.93,471214.7,4443892.41
4186.94,471415.4,4448495.07
4186.95,471621.97,4453329.99
4186.96,471829.01,4457936.66
4186.97,472056.75,4462775.9
4186.98,472273.66,4467386.86
4186.99,472492.79,4472230.62
4187,472743.48,4476846.04
4187.01,472953.92,4481463.7
4187.02,473176.52,4486314.43
4187.03,473384.21,4490936.28
4187.04,473629.18,4495791.49
4187.05,473847.5,4500417.82
4187.06,474081.87,4505277.77
4187.07,474328.29,4509908.6
4187.08,474586.3,4514773.61
4187.09,474801.63,4519409.27
4187.1,475042.52,4524279.03
4187.11,475274.21,4528919.19
4187.12,475524.99,4533793.85
4187.13,475768.55,4538438.79
4187.14,476066.01,4543318.68
4187.15,476332.54,4547969.02
4187.16,476634.66,4552854.78
4187.17,476900.31,4557510.7
4187.18,477168.95,4562402.09
4187.19,477448.14,4567063.23
4187.2,477719.1,4571960.31
4187.21,477943.45,4576626.59
4187.22,478213.86,4581528.71
4187.23,478437.51,4586199.84
4187.24,478657.06,4591106.79
4187.25,478844.64,4595782.07
4187.26,479029,4600459.2
4187.27,479231.78,4605372.14
4187.28,479430.67,4610053.1
4187.29,479631.78,4614970.18
4187.3,479818.66,4619654.98
4187.31,480024.8,4624576.05
4187.32,480226.56,4629264.76
4187.33,480433.01,4634190.01
4187.34,480627.99,4638882.67
4187.35,480835.4,4643812.04
4187.36,481039.05,4648508.66
4187.37,481261.12,4653442.34
4187.38,481454.7,4658143.09
4187.39,481668.21,4663080.97
4187.4,481863.59,4667785.7
4187.41,482079.85,4672727.81
4187.42,482264.82,4677436.52
4187.43,482469.27,4682382.65
4187.44,482656.56,4687095.19
4187.45,482862.37,4692045.34
4187.46,483047.59,4696761.69
4187.47,483242.94,4701715.8
4187.48,483426.99,4706435.87
4187.49,483615.51,4711393.83
4187.5,483817.19,4716117.55
4187.51,484006.3,4720843.22
4187.52,484191.38,4725807.12
4187.53,484373.86,4730536.44
4187.54,484553.36,4735504.06
4187.55,484760.74,4740237.07
4187.56,484958.54,4745208.74
4187.57,485148.05,4749945.59
4187.58,485327.63,4754921.14
4187.59,485513.45,4759661.56
4187.6,485694.7,4764640.86
4187.61,485896.61,4769384.95
4187.62,486079.02,4774368.2
4187.63,486257.32,4779115.93
4187.64,486434.67,4784102.84
4187.65,486616.39,4788854.05
4187.66,486793.61,4793844.65
4187.67,486970.73,4798599.34
4187.68,487146.53,4803593.56
4187.69,487319.47,4808351.7
4187.7,487504.84,4813349.6
4187.71,487674.67,4818111.21
4187.72,487849.63,4823112.7
4187.73,488014.74,4827877.67
4187.74,488200.21,4832882.67
4187.75,488379.98,4837651.13
4187.76,488567.65,4842421.38
4187.77,488760.97,4847432.08
4187.78,488949.17,4852206.07
4187.79,489132.86,4857220.65
4187.8,489312.81,4861998.21
4187.81,489497.86,4867016.52
4187.82,489688.11,4871797.69
4187.83,489875.46,4876819.87
4187.84,490074.22,4881604.75
4187.85,490274.69,4886630.95
4187.86,490459.18,4891419.69
4187.87,490645.68,4896449.76
4187.88,490831.26,4901242.11
4187.89,491022,4906276.02
4187.9,491219.35,4911072.1
4187.91,491420.82,4916110.04
4187.92,491609.54,4920909.99
4187.93,491821.31,4925951.95
4187.94,492017.68,4930755.84
4187.95,492214.56,4935801.94
4187.96,492415.78,4940609.69
4187.97,492626.34,4945659.92
4187.98,492840.07,4950471.78
4187.99,493039.98,4955526.33
4188,493245.65,4960342.14
4188.01,493452.36,4965159.94
4188.02,493682.48,4970220.93
4188.03,493890.32,4975043.01
4188.04,494125.16,4980108.52
4188.05,494336.71,4984934.96
4188.06,494576.65,4990005.03
4188.07,494791.98,4994835.91
4188.08,495021.46,4999910.59
4188.09,495240.21,5004745.79
4188.1,495489.28,5009825.16
4188.11,495712.73,5014665
4188.12,495967.96,5019749.24
4188.13,496235.73,5024593.95
4188.14,496530.2,5029683.77
4188.15,496782.11,5034533.9
4188.16,497067.72,5039629.24
4188.17,497338.97,5044484.71
4188.18,497600.58,5049585.65
4188.19,497921,5054446.46
4188.2,498259.63,5059553.91
4188.21,498480.68,5064420.78
4188.22,498747.15,5069533.43
4188.23,498980.51,5074405.15
4188.24,499200.28,5079522.74
4188.25,499390.02,5084398.65
4188.26,499582.03,5089276.43
4188.27,499794.42,5094400.17
4188.28,499986.62,5099281.92
4188.29,500189.96,5104409.75
4188.3,500390.59,5109295.4
4188.31,500593.17,5114427.38
4188.32,500799.35,5119316.94
4188.33,501022.94,5124453.29
4188.34,501207.45,5129346.98
4188.35,501403.99,5134487.33
4188.36,501583.11,5139384.71
4188.37,501787.82,5144528.95
4188.38,501965.32,5149430.08
4188.39,502156.2,5154578.17
4188.4,502332.94,5159482.89
4188.41,502518.42,5164634.71
4188.42,502689.71,5169542.94
4188.43,502867.75,5174698.4
4188.44,503028.44,5179609.99
4188.45,503221.76,5184768.97
4188.46,503377.04,5189684.01
4188.47,503550.7,5194846.46
4188.48,503711.03,5199764.74
4188.49,503877.99,5204930.6
4188.5,504025.46,5209852
4188.51,504180.12,5214774.86
4188.52,504337.48,5219945.46
4188.53,504505.68,5224871.43
4188.54,504676.15,5230045.44
4188.55,504854.85,5234974.74
4188.56,505027.72,5240152.39
4188.57,505185.28,5245085.08
4188.58,505353.5,5250266.08
4188.59,505508.41,5255201.94
4188.6,505677.93,5260386.26
4188.61,505839.3,5265325.32
4188.62,506020.81,5270513.07
4188.63,506205.15,5275455.59
4188.64,506406.46,5280647.23
4188.65,506580.38,5285593.46
4188.66,506761.64,5290788.83
4188.67,506927.74,5295738.5
4188.68,507113.2,5300937.43
4188.69,507298.8,5305890.62
4188.7,507491.27,5311093.42
4188.71,507661.35,5316050.23
4188.72,507843.23,5321256.68
4188.73,508015.69,5326216.95
4188.74,508192.83,5331427.01
4188.75,508350.92,5336390.61
4188.76,508522.92,5341355.8
4188.77,508713.8,5346571.13
4188.78,508889.76,5351539.89
4188.79,509067.59,5356758.89
4188.8,509253.52,5361731.15
4188.81,509433.84,5366953.91
4188.82,509615,5371929.71
4188.83,509791.75,5377156.15
4188.84,509970.62,5382135.45
4188.85,510178.12,5387365.69
4188.86,510375.05,5392348.85
4188.87,510560.97,5397583.13
4188.88,510751.89,5402569.98
4188.89,510953.93,5407808.2
4188.9,511154.65,5412798.95
4188.91,511344.4,5418041.25
4188.92,511534.59,5423035.75
4188.93,511737.7,5428282.02
4188.94,511943.9,5433280.44
4188.95,512163.31,5438530.94
4188.96,512388.18,5443533.59
4188.97,512612.76,5448788.68
4188.98,512842.83,5453795.74
4188.99,513080.14,5459055.62
4189,513294.15,5464067.18
4189.01,513502.63,5469080.8
4189.02,513727.59,5474347.31
4189.03,513952.78,5479365.22
4189.04,514200.91,5484636.47
4189.05,514431.09,5489659.05
4189.06,514665.58,5494935.13
4189.07,514890.31,5499962.22
4189.08,515133.46,5505243.05
4189.09,515355.49,5510274.69
4189.1,515599.61,5515560.29
4189.11,515824.85,5520596.48
4189.12,516086.73,5525886.98
4189.13,516312.26,5530927.94
4189.14,516558.85,5536223.37
4189.15,516777.76,5541268.9
4189.16,517030.79,5546569.11
4189.17,517263.89,5551619.32
4189.18,517487.33,5556924.45
4189.19,517749.59,5561979.3
4189.2,518014.72,5567289.62
4189.21,518288.58,5572349.71
4189.22,518521.37,5577665.44
4189.23,518742.79,5582730.2
4189.24,518956.47,5588050.38
4189.25,519167.42,5593119.35
4189.26,519343.78,5598190.2
4189.27,519547.33,5603516.53
4189.28,519730.65,5608591.11
4189.29,519931.77,5613921.42
4189.3,520105.67,5618999.72
4189.31,520304.95,5624333.86
4189.32,520484.27,5629415.82
4189.33,520674.14,5634753.78
4189.34,520852.28,5639839.33
4189.35,521064.46,5645181.14
4189.36,521267.75,5650270.63
4189.37,521470.33,5655616.69
4189.38,521662.75,5660710.09
4189.39,521871.15,5666060.2
4189.4,522082.5,5671157.62
4189.41,522287.5,5676512.04
4189.42,522472.84,5681613.38
4189.43,522688.85,5686971.82
4189.44,522880.44,5692077.14
4189.45,523075.03,5697439.69
4189.46,523255.83,5702548.71
4189.47,523459.89,5707915.11
4189.48,523655.2,5713027.97
4189.49,523858.42,5718398.49
4189.5,524046.09,5723515.19
4189.51,524241.57,5728633.77
4189.52,524431.9,5734010.27
4189.53,524617.57,5739132.58
4189.54,524826.56,5744513.03
4189.55,525003.06,5749639.15
4189.56,525200.14,5755023.49
4189.57,525382.71,5760153.29
4189.58,525573.14,5765541.5
4189.59,525754.37,5770674.93
4189.6,525946.1,5776066.95
4189.61,526122.52,5781204.01
4189.62,526309.1,5786599.78
4189.63,526487.61,5791740.4
4189.64,526685.98,5797139.97
4189.65,526874.04,5802284.3
4189.66,527071.27,5807687.8
4189.67,527247.15,5812835.86
4189.68,527429.49,5818243.15
4189.69,527597.98,5823394.65
4189.7,527784.97,5828805.54
4189.71,527957.32,5833960.54
4189.72,528140.88,5839375.1
4189.73,528317.31,5844533.58
4189.74,528506.04,5849951.85
4189.75,528679.65,5855113.88
4189.76,528859.66,5860277.63
4189.77,529036.01,5865701.41
4189.78,529221.8,5870868.66
4189.79,529406.36,5876296.2
4189.8,529584.8,5881467.04
4189.81,529769.28,5886898.28
4189.82,529964.64,5892072.76
4189.83,530143.81,5897507.87
4189.84,530320.46,5902685.91
4189.85,530506.35,5908124.69
4189.86,530701.09,5913306.37
4189.87,530896.92,5918749.12
4189.88,531084.04,5923934.56
4189.89,531279.36,5929381.23
4189.9,531474.98,5934570.42
4189.91,531668.06,5940021.09
4189.92,531870.03,5945214.11
4189.93,532071.6,5950668.87
4189.94,532286.86,5955865.86
4189.95,532506.75,5961325
4189.96,532726.49,5966526.29
4189.97,532947.62,5971989.93
4189.98,533170.71,5977195.55
4189.99,533395.46,5982663.79
4190,533608.65,5987873.73
4190.01,533827.3,5993085.8
4190.02,534061.28,5998560.76
4190.03,534273.51,6003777.2
4190.04,534492.84,6009256.69
4190.05,534702.55,6014477.32
4190.06,534939.19,6019961.28
4190.07,535167.78,6025186.43
4190.08,535394.23,6030675.14
4190.09,535622.38,6035904.69
4190.1,535855.54,6041398.09
4190.11,536086.64,6046632.19
4190.12,536317.96,6052130.35
4190.13,536547.37,6057368.95
4190.14,536786.18,6062871.84
4190.15,537029.1,6068115.08
4190.16,537344.66,6073623.19
4190.17,537579.87,6078871.86
4190.18,537798.37,6084385.27
4190.19,538008.92,6089638.23
4190.2,538242.39,6095156.14
4190.21,538472.24,6100413.45
4190.22,538689.66,6105936.06
4190.23,538894.58,6111197.69
4190.24,539094.04,6116724.5
4190.25,539348.57,6121990.34
4190.26,539541.17,6127258.34
4190.27,539758.47,6132791.85
4190.28,539952.19,6138063.86
4190.29,540154.81,6143601.51
4190.3,540342.24,6148877.36
4190.31,540542.03,6154419
4190.32,540718.67,6159698.58
4190.33,540913.44,6165244.03
4190.34,541092.02,6170527.24
4190.35,541288.05,6176076.53
4190.36,541469.06,6181363.42
4190.37,541671.25,6186916.6
4190.38,541854.75,6192207.25
4190.39,542057.63,6197764.4
4190.4,542232.36,6203058.78
4190.41,542418.14,6208619.71
4190.42,542587.59,6213917.59
4190.43,542772.85,6219482.14
4190.44,542942.46,6224783.47
4190.45,543122.62,6230351.65
4190.46,543296.47,6235656.41
4190.47,543486.12,6241228.26
4190.48,543659.3,6246536.59
4190.49,543837.5,6252112.11
4190.5,544005.08,6257423.82
4190.51,544169.66,6262737.18
4190.52,544343.99,6268317.96
4190.53,544503.01,6273634.6
4190.54,544680.3,6279218.78
4190.55,544846.64,6284538.74
4190.56,545022.08,6290126.46
4190.57,545183.28,6295449.73
4190.58,545359.01,6301040.9
4190.59,545531.08,6306367.52
4190.6,545710.51,6311962.28
4190.61,545873.06,6317292.27
4190.62,546049.89,6322890.52
4190.63,546209.14,6328223.81
4190.64,546385.32,6333825.5
4190.65,546544.64,6339162.08
4190.66,546717.83,6344767.18
4190.67,546877.12,6350107
4190.68,547055.69,6355715.54
4190.69,547222.41,6361058.69
4190.7,547400.86,6366670.77
4190.71,547569.45,6372017.3
4190.72,547753.69,6377632.95
4190.73,547920.61,6382982.92
4190.74,548101.65,6388602.17
4190.75,548267.25,6393955.53
4190.76,548442.45,6399310.55
4190.77,548618.31,6404935.11
4190.78,548803.39,6410293.59
4190.79,548983.75,6415921.89
4190.8,549162.51,6421283.9
4190.81,549336.26,6426915.85
4190.82,549506.47,6432281.29
4190.83,549677.67,6437916.74
4190.84,549875.26,6443285.6
4190.85,550060.92,6448924.9
4190.86,550262.05,6454297.52
4190.87,550472.91,6459940.94
4190.88,550673.53,6465317.6
4190.89,550890.41,6470965.26
4190.9,551101.08,6476346.03
4190.91,551327.63,6481998.1
4190.92,551548.34,6487383.22
4190.93,551764.03,6493039.8
4190.94,552000.02,6498429.23
4190.95,552251.8,6504090.7
4190.96,552473.45,6509484.88
4190.97,552742.69,6515151.25
4190.98,552995.56,6520550.31
4190.99,553258.51,6526222.06
4191,553494.47,6531626.12
4191.01,553741.42,6537032.55
4191.02,553967.66,6542711.71
4191.03,554204.84,6548122.69
4191.04,554446.7,6553806.71
4191.05,554685.23,6559222.37
4191.06,554921.16,6564911.26
4191.07,555153.87,6570331.54
4191.08,555382.38,6576025.19
4191.09,555619.13,6581449.98
4191.1,555855.16,6587148.42
4191.11,556100.58,6592577.88
4191.12,556346.44,6598281.3
4191.13,556595.38,6603715.59
4191.14,556829.72,6609424.05
4191.15,557053.52,6614862.92
4191.16,557291.94,6620576.08
4191.17,557512.93,6626019.44
4191.18,557740.41,6631737.28
4191.19,557955.87,6637185.02
4191.2,558167.31,6642907.32
4191.21,558408.82,6648359.3
4191.22,558619.03,6654086.26
4191.23,558813.36,6659542.47
4191.24,559002.59,6665273.45
4191.25,559227.13,6670733.56
4191.26,559417.03,6676195.68
4191.27,559605.95,6681932.84
4191.28,559780.14,6687398.59
4191.29,559966.82,6693139.46
4191.3,560137.69,6698608.7
4191.31,560324.46,6704353.24
4191.32,560492.26,6709825.96
4191.33,560676.7,6715574.11
4191.34,560842.09,6721050.25
4191.35,561026.02,6726801.99
4191.36,561192.36,6732281.55
4191.37,561377.27,6738036.89
4191.38,561542.44,6743519.88
4191.39,561724.93,6749278.79
4191.4,561892.1,6754765.18
4191.41,562075.17,6760527.68
4191.42,562242.97,6766017.5
4191.43,562421.19,6771783.59
4191.44,562586.23,6777276.78
4191.45,562765.19,6783046.37
4191.46,562928.87,6788542.91
4191.47,563106.91,6794316.02
4191.48,563270.22,6799815.89
4191.49,563442.38,6805592.47
4191.5,563606.79,6811095.61
4191.51,563768.42,6816600.37
4191.52,563943.75,6822382.1
4191.53,564103.73,6827890.15
4191.54,564275.06,6833675.3
4191.55,564435.72,6839186.58
4191.56,564614.18,6844975.18
4191.57,564774.91,6850489.78
4191.58,564949.74,6856281.82
4191.59,565112.38,6861799.7
4191.6,565290.98,6867595.22
4191.61,565456.48,6873116.45
4191.62,565631.61,6878915.48
4191.63,565795.36,6884440.02
4191.64,565968.34,6890242.52
4191.65,566127.64,6895770.32
4191.66,566298.31,6901576.22
4191.67,566457.86,6907107.25
4191.68,566631.2,6912916.54
4191.69,566793.03,6918450.83
4191.7,566966.37,6924263.56
4191.71,567128.43,6929801.13
4191.72,567303.27,6935617.3
4191.73,567463.17,6941158.15
4191.74,567637.58,6946977.74
4191.75,567803.08,6952521.88
4191.76,567973.45,6958067.65
4191.77,568296.65,6963893.2
4191.78,568468.29,6969443.79
4191.79,568639.91,6975273.68
4191.8,568816.66,6980827.65
4191.81,568990.9,6986661.12
4191.82,569157.61,6992218.51
4191.83,569334.5,6998055.52
4191.84,569503.07,7003616.27
4191.85,569686.2,7009456.84
4191.86,569857.84,7015021.03
4191.87,570045.43,7020865.26
4191.88,570220.37,7026432.98
4191.89,570415.36,7032280.97
4191.9,570602.47,7037852.35
4191.91,570805.83,7043704.29
4191.92,570994.97,7049279.5
4191.93,571201.82,7055135.5
4191.94,571414.1,7060714.65
4191.95,571638.55,7066575.02
4191.96,571846.13,7072158.45
4191.97,572072.04,7078023.27
4191.98,572282.83,7083610.93
4191.99,572511.29,7089480.24
4192,572723.25,7095072.19
4192.01,572959.27,7100666.36
4192.02,573176.89,7106542.54
4192.03,573412.09,7112141.08
4192.04,573639.86,7118021.95
4192.05,573892.77,7123625.11
4192.06,574124.35,7129510.92
4192.07,574352.64,7135118.71
4192.08,574586.5,7141009.23
4192.09,574816.46,7146621.53
4192.1,575049.41,7152516.81
4192.11,575310.52,7158133.74
4192.12,575565,7164034.26
4192.13,575803.31,7169656.13
4192.14,576045.59,7175561.59
4192.15,576270.97,7181188.12
4192.16,576504.42,7187098.33
4192.17,576733.26,7192729.35
4192.18,576958.06,7198644.26
4192.19,577175.87,7204279.65
4192.2,577388,7210199.04
4192.21,577594.24,7215838.59
4192.22,577806.2,7221762.26
4192.23,578014.1,7227405.89
4192.24,578220.31,7233333.82
4192.25,578416.51,7238981.46
4192.26,578602.7,7244630.94
4192.27,578799.38,7250564.86
4192.28,578980.05,7256218.07
4192.29,579169.38,7262155.83
4192.3,579339.72,7267812.6
4192.31,579524.3,7273754.02
4192.32,579692.18,7279414.25
4192.33,579872.65,7285359.26
4192.34,580045.46,7291022.9
4192.35,580229.35,7296971.55
4192.36,580397.74,7302638.66
4192.37,580574.78,7308590.89
4192.38,580737.23,7314261.35
4192.39,580913.47,7320217.04
4192.4,581073.76,7325890.79
4192.41,581247.94,7331849.93
4192.42,581410.29,7337526.95
4192.43,581590.21,7343489.62
4192.44,581754.56,7349170.03
4192.45,581918.28,7355136.14
4192.46,582088.02,7360819.76
4192.47,582257,7366789.31
4192.48,582425.54,7372476.25
4192.49,582592.63,7378449.25
4192.5,582766.37,7384139.48
4192.51,582933.33,7389831.38
4192.52,583107.75,7395809.61
4192.53,583265.19,7401504.79
4192.54,583438.21,7407486.42
4192.55,583602.69,7413184.85
4192.56,583783.21,7419169.99
4192.57,583938.26,7424871.76
4192.58,584111.08,7430860.28
4192.59,584274.26,7436565.29
4192.6,584445.29,7442557.26
4192.61,584597.1,7448265.48
4192.62,584761.25,7454260.72
4192.63,584912.72,7459972.02
4192.64,585077.11,7465970.5
4192.65,585229.01,7471684.88
4192.66,585395.27,7477686.62
4192.67,585547.14,7483404.11
4192.68,585711.6,7489409.1
4192.69,585863.86,7495129.69
4192.7,586027.39,7501137.91
4192.71,586178.25,7506861.57
4192.72,586344.88,7512873.04
4192.73,586499.23,7518599.81
4192.74,586664.09,7524614.55
4192.75,586817.59,7530344.42
4192.76,586970.06,7536075.83
4192.77,587137.16,7542095.44
4192.78,587294.15,7547829.98
4192.79,587465.4,7553852.94
4192.8,587622.16,7559590.69
4192.81,587794.19,7565617
4192.82,587955.63,7571357.98
4192.83,588126.9,7577387.71
4192.84,588287.11,7583131.93
4192.85,588465.92,7589165.09
4192.86,588628.81,7594912.64
4192.87,588808.89,7600949.32
4192.88,588976.32,7606700.23
4192.89,589165.42,7612740.53
4192.9,589340.01,7618494.95
4192.91,589531.24,7624538.98
4192.92,589711.64,7630297.01
4192.93,589902.58,7636344.85
4192.94,590093.84,7642106.51
4192.95,590292.69,7648158.29
4192.96,590488.66,7653923.8
4192.97,590703.35,7659979.72
4192.98,590900.91,7665749.24
4192.99,591106.7,7671809.35
4193,591291.27,7677582.77
4193.01,591489.76,7683358.05
4193.02,591692.73,7689424.18
4193.03,591913.85,7695203.44
4193.04,592123.19,7701273.95
4193.05,592347.42,7707057.45
4193.06,592557.62,7713132.39
4193.07,592771.25,7718920.12
4193.08,592980.43,7724999.38
4193.09,593179.31,7730791.16
4193.1,593385.07,7736874.6
4193.11,593595.62,7742670.38
4193.12,593815.7,7748758.18
4193.13,594024.97,7754558.17
4193.14,594233.74,7760650.29
4193.15,594438.42,7766454.36
4193.16,594640.91,7772550.7
4193.17,594839.17,7778358.69
4193.18,595033.74,7784459.1
4193.19,595218.9,7790270.86
4193.2,595401.24,7796375.11
4193.21,595583.39,7802190.44
4193.22,595762.82,7808298.41
4193.23,595937.89,7814117.25
4193.24,596108.39,7820228.81
4193.25,596281.9,7826051.03
4193.26,596442.96,7831874.87
4193.27,596616.41,7837991.61
4193.28,596786.8,7843818.76
4193.29,596961.74,7849939.03
4193.3,597125.31,7855769.51
4193.31,597297.97,7861893.26
4193.32,597462.2,7867727.07
4193.33,597627.03,7873854.25
4193.34,597792.7,7879691.24
4193.35,597955.52,7885821.79
4193.36,598119.76,7891662.01
4193.37,598283.68,7897795.93
4193.38,598449.78,7903639.37
4193.39,598613.07,7909776.67
4193.4,598774.98,7915623.3
4193.41,598938.29,7921763.93
4193.42,599095.71,7927613.71
4193.43,599252.84,7933757.59
4193.44,599416.47,7939610.46
4193.45,599574.56,7945757.64
4193.46,599732.73,7951613.64
4193.47,599887.86,7957764.04
4193.48,600046.56,7963623.12
4193.49,600198.17,7969776.72
4193.5,600351.5,7975638.79
4193.51,600506.54,7981502.36
4193.52,600666.44,7987660.71
4193.53,600815.93,7993527.31
4193.54,600980.12,7999688.85
4193.55,601126.47,8005558.51
4193.56,601283.78,8011723.21
4193.57,601432.61,8017595.82
4193.58,601590.93,8023763.66
4193.59,601734.66,8029639.27
4193.6,601891.2,8035810.19
4193.61,602041.33,8041688.78
4193.62,602197.84,8047862.85
4193.63,602341.16,8053744.38
4193.64,602501.19,8059921.54
4193.65,602642.53,8065806.03
4193.66,602797.01,8071986.25
4193.67,602944.55,8077873.65
4193.68,603100.18,8084056.97
4193.69,603246.11,8089947.33
4193.7,603402.11,8096133.74
4193.71,603553.64,8102027.09
4193.72,603710.51,8108216.66
4193.73,603856.81,8114112.98
4193.74,604020.61,8120305.7
4193.75,604166.57,8126205.04
4193.76,604316.2,8132105.84
4193.77,604487.55,8138303.31
4193.78,604640.51,8144207.27
4193.79,604802.55,8150408.03
4193.8,604956.95,8156315.05
4193.81,605121.62,8162519.07
4193.82,605273.4,8168429.21
4193.83,605438.47,8174636.49
4193.84,605593.99,8180549.75
4193.85,605761.71,8186760.33
4193.86,605914.67,8192676.72
4193.87,606082.65,8198890.58
4193.88,606234.88,8204810.1
4193.89,606402.4,8211027.23
4193.9,606561.77,8216949.9
4193.91,606735.57,8223170.43
4193.92,606898.12,8229096.38
4193.93,607074.95,8235320.36
4193.94,607248,8241249.68
4193.95,607429.22,8247477.28
4193.96,607595.29,8253410.02
4193.97,607940.84,8259642.36
4193.98,608117.23,8265580.13
4193.99,608307.81,8271816.67
4194,608486.37,8277758.04
4194.01,608675.15,8283701.19
4194.02,608864.9,8289943.45
4194.03,609062.46,8295890.32
4194.04,609258.24,8302136.57
4194.05,609454.59,8308087.3
4194.06,609652.09,8314337.57
4194.07,609858.37,8320292.22
4194.08,610073.61,8326546.7
4194.09,610289.52,8332505.46
4194.1,610524.75,8338764.45
4194.11,610735.93,8344727.64
4194.12,610975.81,8350991.2
4194.13,611193.38,8356958.8
4194.14,611448.25,8363227.11
4194.15,611666.51,8369199.35
4194.16,611900.64,8375472.45
4194.17,612095.09,8381448.97
4194.18,612290.59,8387726.32
4194.19,612480.34,8393706.62
4194.2,612699.04,8399988.06
4194.21,612907.4,8405972.43
4194.22,613110.72,8412258.2
4194.23,613285.69,8418246.48
4194.24,613466.24,8424536
4194.25,613631.26,8430527.7
4194.26,613808.03,8436521.06
4194.27,613981.75,8442815.88
4194.28,614161.04,8448812.68
4194.29,614333.92,8455111.12
4194.3,614514.05,8461111.38
4194.31,614691.25,8467413.45
4194.32,614871.4,8473417.2
4194.33,615052.93,8479722.95
4194.34,615226.67,8485730.2
4194.35,615397.45,8492039.56
4194.36,615569.83,8498050.13
4194.37,615743.81,8504363.04
4194.38,615912.48,8510376.98
4194.39,616083.55,8516693.36
4194.4,616250.25,8522710.62
4194.41,616429.36,8529030.49
4194.42,616600.38,8535051.15
4194.43,616775.57,8541374.66
4194.44,616933.45,8547398.63
4194.45,617090.42,8553725.42
4194.46,617256.7,8559752.49
4194.47,617416.52,8566082.61
4194.48,617576.15,8572112.85
4194.49,617739.73,8578446.24
4194.5,617900.91,8584479.64
4194.51,618052.97,8590514.56
4194.52,618215.15,8596852.85
4194.53,618371.23,8602890.88
4194.54,618532.88,8609232.43
4194.55,618681.93,8615273.51
4194.56,618849.09,8621618.27
4194.57,619004.12,8627662.47
4194.58,619171.87,8634010.54
4194.59,619326.25,8640057.88
4194.6,619493.07,8646409.25
4194.61,619642.92,8652459.71
4194.62,619814.48,8658814.32
4194.63,619967.16,8664867.93
4194.64,620129.18,8671225.83
4194.65,620280.27,8677282.51
4194.66,620452.39,8683643.69
4194.67,620604.53,8689703.54
4194.68,620768.91,8696067.99
4194.69,620933.21,8702130.98
4194.7,621098.11,8708498.8
4194.71,621250.23,8714564.95
4194.72,621419.52,8720936.02
4194.73,621572.02,8727005.31
4194.74,621737.21,8733379.68
4194.75,621888.05,8739452.06
4194.76,622045.91,8745525.99
4194.77,622212.54,8751905.26
4194.78,622370.19,8757982.34
4194.79,622546.58,8764364.98
4194.8,622707.04,8770445.33
4194.81,622882.39,8776831.41
4194.82,623054.43,8782915.09
4194.83,623233.04,8789304.74
4194.84,623399.96,8795391.83
4194.85,623591.02,8801785.07
4194.86,623760.46,8807875.66
4194.87,623950.36,8814272.61
4194.88,624126.81,8820366.74
4194.89,624337.57,8826767.58
4194.9,624531.46,8832865.57
4194.91,624778.02,8839270.75
4194.92,624981.81,8845373.09
4194.93,625189.37,8851782.7
4194.94,625393.76,8857889.04
4194.95,625593.65,8864302.76
4194.96,625792.67,8870413.04
4194.97,626004.64,8876830.93
4194.98,626227.74,8882945.26
4194.99,626413.51,8889367.53
4195,626580.35,8895485.65
4195.01,626764.73,8901605.51
4195.02,626950.07,8908033.23
4195.03,627162.48,8914156.82
4195.04,627371.15,8920588.79
4195.05,627614.17,8926716.6
4195.06,627808.5,8933153.05
4195.07,628021.34,8939285.1
4195.08,642083.27,8945739.32
4195.09,642309.4,8952010.67
4195.1,642521.97,8958597.96
4195.11,642764.91,8964873.81
4195.12,643051.41,8971465.94
4195.13,643296.1,8977746.81
4195.14,643568.39,8984344.37
4195.15,643880.74,8990631.26
4195.16,644090.48,8997234.67
4195.17,644248.07,9003525.41
4195.18,644424.58,9010132.39
4195.19,644573.07,9016426.35
4195.2,644751,9023036.69
4195.21,644923.57,9029333.85
4195.22,645111.63,9035947.9
4195.23,645257.88,9042248.56
4195.24,645416.31,9048865.8
4195.25,645577.75,9055169.53
4195.26,645727.08,9061474.74
4195.27,645882.04,9068096.75
4195.28,646168.83,9074406.05
4195.29,646312.21,9081032.55
4195.3,646458.92,9087344.91
4195.31,646629.26,9093974.49
4195.32,646772.74,9100289.93
4195.33,646917.05,9106922.62
4195.34,647060.15,9113240.88
4195.35,647217.61,9119876.63
4195.36,647361.57,9126197.82
4195.37,647537.64,9132836.73
4195.38,647696.66,9139161.12
4195.39,647844.06,9145803.31
4195.4,648012.38,9152130.79
4195.41,648176.28,9158776.28
4195.42,648321.82,9165106.83
4195.43,648470.81,9171755.47
4195.44,648625.32,9178088.87
4195.45,648765.56,9184740.54
4195.46,648907.95,9191076.84
4195.47,649049.5,9197731.4
4195.48,649224.43,9204070.68
4195.49,649364.92,9210728.49
4195.5,649508.46,9217070.64
4195.51,649666.03,9223414.24
4195.52,649820.48,9230076.63
4195.53,649965.05,9236423.23
4195.54,650143.04,9243088.75
4195.55,650292.7,9249438.52
4195.56,650455.77,9256107.38
4195.57,650609.74,9262460.23
4195.58,650805.41,9269132.61
4195.59,650961.13,9275488.88
4195.6,651131.52,9282164.63
4195.61,651313.53,9288524.23
4195.62,651495.43,9295203.64
4195.63,651662.5,9301566.69
4195.64,651871.17,9308249.79
4195.65,652042.13,9314616.54
4195.66,652232.44,9321303.46
4195.67,652437.26,9327673.76
4195.68,652626.28,9334364.77
4195.69,652817.57,9340739.01
4195.7,653012.23,9347433.95
4195.71,653245.51,9353812.26
4195.72,653447.08,9360511.62
4195.73,653654.14,9366893.95
4195.74,653890.99,9373597.69
4195.75,654097.02,9379984.36
4195.76,654298.09,9386373
4195.77,654549.04,9393083.31
4195.78,654751.85,9399476.37
4195.79,654974.3,9406191.27
4195.8,655179.04,9412588.49
4195.81,655435.7,9419308.07
4195.82,655656.42,9425709.85
4195.83,655889.02,9432434.05
4195.84,656138.75,9438840.47
4195.85,656369.43,9445569.62
4195.86,656582.55,9451980.5
4195.87,656849.18,9458714.35
4195.88,657066.67,9465129.93
4195.89,657310.25,9471868.66
4195.9,657597.9,9478288.83
4195.91,657839.14,9485032.99
4195.92,658066.96,9491458.28
4195.93,658323.45,9498207.32
4195.94,658598.31,9504637.67
4195.95,658846.22,9511392.12
4195.96,659082.06,9517827.27
4195.97,659376.83,9524586.92
4195.98,659617.5,9531027.28
4195.99,659880.62,9537792.25
4196,660170.06,9544237.68
4196.01,660424.48,9550685.9
4196.02,660701.96,9557459.26
4196.03,660968.93,9563912.71
4196.04,661315.94,9570692.18
4196.05,661606.01,9577151.73
4196.06,661940.91,9583937.43
4196.07,662482.18,9590404.19
4196.08,662811.08,9597199.06
4196.09,663084.38,9603673.12
4196.1,663856.49,9610475.21
4196.11,664196.69,9616959.99
4196.12,664575.82,9623772.42
4196.13,664899.3,9630263.75
4196.14,665600.89,9637084.47
4196.15,665941.46,9643586.29
4196.16,666344.27,9650416.73
4196.17,666635.81,9656925.66
4196.18,666933.97,9663762.76
4196.19,667159.37,9670276.88
4196.2,667466.61,9677119.48
4196.21,667715.45,9683638.92
4196.22,668011.01,9690487.18
4196.23,668253.89,9697011.82
4196.24,668448.21,9703865.03
4196.25,668624,9710393.72
4196.26,668848.62,9716924.13
4196.27,669029.99,9723783.38
4196.28,669211,9730317.76
4196.29,669393.85,9737180.72
4196.3,669618.04,9743718.94
4196.31,669801.86,9750586.08
4196.32,669988.23,9757128.02
4196.33,670224.44,9763999.19
4196.34,670414.77,9770545.27
4196.35,670604.07,9777420.6
4196.36,670837.89,9783970.45
4196.37,671032.8,9790850.15
4196.38,671229.76,9797404.15
4196.39,671427.13,9804287.88
4196.4,671693.23,9810846.3
4196.41,671898.17,9817734.81
4196.42,672104.87,9824297.3
4196.43,672365.82,9831190.38
4196.44,672579.43,9837757.47
4196.45,672796.15,9844655.13
4196.46,673069.42,9851226.63
4196.47,673290.03,9858129.33
4196.48,673514.88,9864705.51
4196.49,673792.74,9871612.84
4196.5,674021.82,9878193.93
4196.51,674242.42,9884777.21
4196.52,674482.09,9891692.02
4196.53,674775.5,9898280.32
4196.54,675011.21,9905200.62
4196.55,675246.44,9911793.68
4196.56,675541.35,9918719.09
4196.57,675782.55,9925317.35
4196.58,676023.59,9932248.01
4196.59,676323.04,9938851.09
4196.6,676564.35,9945787.28
4196.61,676807.55,9952395.54
4196.62,677052.41,9959336.71
4196.63,677355.01,9965950.29
4196.64,677602.09,9972897.08
4196.65,677848.09,9979515.48
4196.66,678153.3,9986467.71
4196.67,678403.56,9993091.52
4196.68,678652.26,10000049.07
4196.69,678962.37,10006677.95
4196.7,679213.36,10013641.25
4196.71,679465.74,10020275.42
4196.72,679795.61,10027243.96
4196.73,680047.79,10033883.8
4196.74,680302.85,10040858.25
4196.75,680557.63,10047503.07
4196.76,680866.6,10054150.81
4196.77,681133.85,10061133.7
4196.78,681381.3,10067786.58
4196.79,681715.11,10074775.07
4196.8,681967.75,10081433.64
4196.81,682243.06,10088427.85
4196.82,682565.78,10095091.76
4196.83,682845.9,10102092.12
4196.84,683105.02,10108761.78
4196.85,683468.09,10115767.69
4196.86,683733.14,10122443.44
4196.87,684021.51,10129455.81
4196.88,684292.35,10136136.99
4196.89,684660.59,10143155.63
4196.9,684932.57,10149843.06
4196.91,685227.74,10156867.75
4196.92,685624.97,10163561.22
4196.93,685925.16,10170593.05
4196.94,686203.53,10177292.85
4196.95,686583.09,10184330.72
4196.96,686867.09,10191036.97
4196.97,687174.8,10198081.57
4196.98,687465.07,10204793.63
4196.99,687858.62,10211845.08
4197,688151.94,10218563.83
4197.01,688446.64,10225285.49
4197.02,688935.61,10232347.29
4197.03,689234.72,10239076.62
4197.04,689558.77,10246145.62
4197.05,689943.21,10252881.25
4197.06,690275.37,10259957.56
4197.07,690582.23,10266700.01
4197.08,691046.42,10273782.88
4197.09,691358.8,10280532.88
4197.1,691702.27,10287623.75
4197.11,692019.7,10294380.19
4197.12,692451.94,10301478.48
4197.13,692772.8,10308242.25
4197.14,693122.12,10315347.65
4197.15,693539.52,10322118.34
4197.16,693891.97,10329231.6
4197.17,694216.34,10336009.45
4197.18,694676.48,10343129.82
4197.19,695002.37,10349915.33
4197.2,695356,10357043.6
4197.21,695681.41,10363835.74
4197.22,696154.8,10370972.01
4197.23,696481.34,10377771.96
4197.24,696834.7,10384915.39
4197.25,697256.48,10391722.53
4197.26,697599.58,10398533.3
4197.27,697943.31,10405688.13
4197.28,698397.63,10412505.94
4197.29,698746.47,10419668.99
4197.3,699097.35,10426494.34
4197.31,699554.58,10433664.64
4197.32,699912.06,10440497.9
4197.33,700278.47,10447676.55
4197.34,700647.25,10454516.93
4197.35,701141.53,10461704.09
4197.36,701516.79,10468552.92
4197.37,701896.01,10475748.08
4197.38,702385.85,10482604.79
4197.39,702769.35,10489808.88
4197.4,703158.09,10496673.68
4197.41,703670.07,10503885.95
4197.42,704046.67,10510759.56
4197.43,704453.98,10517980.86
4197.44,704832.42,10524862.14
4197.45,705348.56,10532092.53
4197.46,705723.46,10538982.51
4197.47,706132.48,10546221.02
4197.48,706692.3,10553119.85
4197.49,707094.27,10560368.26
4197.5,707466.28,10567275.28
4197.51,708151.24,10574186.87
4197.52,708537.82,10581450.14
4197.53,708924.22,10588371.32
4197.54,709518.91,10595642.61
4197.55,709904.25,10602573.35
4197.56,710289.54,10609854.58
4197.57,710675.78,10616792.86
4197.58,711296.85,10624083.87
4197.59,711678.36,10631031.96
4197.6,712060.94,10638331.38
4197.61,712575.45,10645287.58
4197.62,712956.8,10652596.18
4197.63,713338.97,10659560.47
4197.64,713862.66,10666877.26
4197.65,714248.32,10673850.42
4197.66,714632.45,10681176.18
4197.67,715017.1,10688156.84
4197.68,715526.15,10695491.68
4197.69,715917.31,10702481.1
4197.7,716311,10709824.02
4197.71,716836.57,10716822.03
4197.72,717229.19,10724174.37
4197.73,717624.18,10731180.43
4197.74,718149.09,10738541.36
4197.75,718552.15,10745556.45
4197.76,718940.02,10752575.39
4197.77,719518.65,10759949.58
4197.78,719915.15,10766978
4197.79,720344.65,10774362.05
4197.8,720743.61,10781398.55
4197.81,721301.8,10788792.17
4197.82,721698.95,10795838
4197.83,722129.5,10803240.36
4197.84,722671.33,10810295.05
4197.85,723106.49,10817707.4
4197.86,723509.07,10824770.86
4197.87,724074.2,10832192.12
4197.88,724476.65,10839265.05
4197.89,724913.27,10846695.9
4197.9,725318.43,10853777.02
4197.91,725908.86,10861217.99
4197.92,726316.02,10868308.84
4197.93,726758.64,10875758.57
4197.94,727297.94,10882858.64
4197.95,727737.94,10890318.43
4197.96,728143.99,10897427.14
4197.97,728736.28,10904896.28
4197.98,729146.3,10912014.75
4197.99,729588.63,10919493.53
4198,730137.91,10926620.45
4198.01,730545.85,10933752.66
4198.02,730991.02,10941245.85
4198.03,731404.31,10948386.42
4198.04,732010.84,10955889.74
4198.05,732426.2,10963040.28
4198.06,732877.34,10970552.78
4198.07,733440.71,10977712.64
4198.08,733888.21,10985235.51
4198.09,734307.64,10992404.4
4198.1,734912.22,10999936.63
4198.11,735326.84,11007115.48
4198.12,735781.12,11014657.73
4198.13,736362.44,11021845.12
4198.14,736816.15,11029397.99
4198.15,737238.02,11036595.47
4198.16,737699.46,11044157.34
4198.17,738284.12,11051364.63
4198.18,738744.15,11058937.22
4198.19,739172.17,11066153.55
4198.2,739794.9,11073736.05
4198.21,740221.92,11080962.63
4198.22,740681.1,11088555.08
4198.23,741262.74,11095790.54
4198.24,741719.15,11103393.64
4198.25,742141.26,11110638.99
4198.26,742581.41,11117888.53
4198.27,743172.92,11125506.41
4198.28,743607.23,11132765.99
4198.29,744039.87,11140392.99
4198.3,744597.23,11147661.88
4198.31,745040.66,11155299.18
4198.32,745453.44,11162576.98
4198.33,746059.29,11170223.61
4198.34,746464.61,11177511.32
4198.35,746902.37,11185167.74
4198.36,747484.8,11192463.69
4198.37,747920.25,11200130.56
4198.38,748321.57,11207436.41
4198.39,748755.94,11215111.84
4198.4,749310.61,11222426.99
4198.41,749743.07,11230112.56
4198.42,750145.18,11237436.22
4198.43,750722.68,11245131.06
4198.44,751123.3,11252464.28
4198.45,751556.49,11260168.42
4198.46,752113.77,11267510.1
4198.47,752544.25,11275224.4
4198.48,752944.33,11282575.4
4198.49,753380.82,11290298.24
4198.5,753918.12,11297658.68
4198.51,754335.29,11305023.17
4198.52,754752.16,11312760.15
4198.53,755322.79,11320133.75
4198.54,755740.42,11327880.85
4198.55,756156.11,11335263.12
4198.56,756714.45,11343019.32
4198.57,757130.65,11350411.1
4198.58,757544.21,11358176.72
4198.59,758107.42,11365576.64
4198.6,758516.63,11373352.25
4198.61,758925.27,11380761.58
4198.62,759335.61,11388545.59
4198.63,759880.94,11395963.99
4198.64,760289.09,11403757.78
4198.65,760700.28,11411184.42
4198.66,761266.54,11418987.47
4198.67,761676.89,11426423.65
4198.68,762086.9,11434235.86
4198.69,762635,11441680.4
4198.7,763044.63,11449502.43
4198.71,763453.51,11456955.97
4198.72,763864.9,11464786.41
4198.73,764418.29,11472249.3
4198.74,764828.92,11480089.61
4198.75,765243.23,11487560.6
4198.76,765765.14,11495036.34
4198.77,766195.52,11502890.54
4198.78,766596.04,11510374.79
4198.79,767168.35,11518238.06
4198.8,767565.84,11525731.8
4198.81,767995.91,11533604.44
4198.82,768569.97,11541106.44
4198.83,768997.64,11548989.36
4198.84,769393.41,11556500.95
4198.85,769819.57,11564392.32
4198.86,770358.02,11571913.05
4198.87,770787.49,11579814.33
4198.88,771181.73,11587343.37
4198.89,771759.86,11595253.97
4198.9,772148.03,11602792.48
4198.91,772559.08,11610712.11
4198.92,773108.72,11618259.03
4198.93,773513.59,11626188.47
4198.94,773921.35,11633744.28
4198.95,774456.36,11641682.07
4198.96,774864.51,11649247.09
4198.97,775273.69,11657194.55
4198.98,775681.82,11664767.55
4198.99,776233.65,11672724.43
4199,776641.18,11680306.8
4199.01,777033.14,11687893.05
4199.02,777580.96,11695863.34
4199.03,777975.11,11703458.78
4199.04,778400.01,11711438.19
4199.05,778935.16,11719041.83
4199.06,779359.81,11727031.08
4199.07,779754.13,11734643.89
4199.08,780179.94,11742641.54
4199.09,780694.18,11750263.38
4199.1,781117.71,11758270.65
4199.11,781508.42,11765900.61
4199.12,782076.82,11773917.08
4199.13,782469.44,11781556.41
4199.14,782893.61,11789581.89
4199.15,783413.65,11797229.55
4199.16,783839.73,11805264.72
4199.17,784234.88,11812921.27
4199.18,784804.31,11820964.87
4199.19,785200.08,11828630.84
4199.2,785634.63,11836684.36
4199.21,786035.49,11844358.46
4199.22,786615.38,11852421.61
4199.23,787024.43,11860105.33
4199.24,787465.89,11868177.58
4199.25,788027.34,11875870.27
4199.26,788435.43,11883567.82
4199.27,788878.74,11891654.62
4199.28,789473.71,11899360.86
4199.29,789913.57,11907458.3
4199.3,790317.56,11915174.25
4199.31,790757.05,11923280.33
4199.32,791299.97,11931005.77
4199.33,791732.38,11939121.87
4199.34,792134.3,11946855.58
4199.35,792709.31,11954981.16
4199.36,793106.36,11962724.39
4199.37,793536.89,11970859.01
4199.38,794073.07,11978610.79
4199.39,794503.81,11986755.32
4199.4,794902.09,11994516.06
4199.41,795482.55,12002669.25
4199.42,795881.71,12010439.56
4199.43,796320.16,12018602.67
4199.44,796724.66,12026381.19
4199.45,797311.01,12034554.09
4199.46,797715.29,12042342.26
4199.47,798158.61,12050524.19
4199.48,798725.23,12058321.43
4199.49,799172.48,12066513.74
4199.5,799587.74,12074320.15
4199.51,800160.71,12082130.96
4199.52,800592.18,12090337.89
4199.53,801026.29,12098158.23
4199.54,801463.13,12106374.07
4199.55,802139.11,12114205.04
4199.56,802575.39,12122432.28
4199.57,803011.69,12130272
4199.58,803584.9,12138509.05
4199.59,804018.16,12146358.62
4199.6,804457.4,12154605.12
4199.61,805078.18,12162463.85
4199.62,805523.65,12170721.25
4199.63,805967.29,12178589.78
4199.64,806559.5,12186856.46
4199.65,807009.94,12194735.13
4199.66,807465.9,12203012.39
4199.67,807922.45,12210899.94
4199.68,809342.77,12219194.07
4199.69,809805.9,12227099.98
4199.7,810275.05,12235405.99
4199.71,811023.39,12243322.53
4199.72,811496.23,12251641.02
4199.73,811974,12259568.02
4199.74,812623.46,12267896.8
4199.75,813107.34,12275834.83
4199.76,813574.24,12283777.49
4199.77,814254.69,12292122.29
4199.78,814729.51,12300076.2
4199.79,815228.35,12308432.88
4199.8,815731.36,12316396.5
4199.81,816416.56,12324764.72
4199.82,816928.46,12332740.01
4199.83,817448.7,12341119.33
4199.84,818150.76,12349105.44
4199.85,818675.39,12357497.32
4199.86,819201.22,12365494.73
4199.87,819914.19,12373897.68
4199.88,820447.55,12381907.21
4199.89,820980.46,12390322.67
4199.9,821516.34,12398342.63
4199.91,822236.61,12406770.59
4199.92,822777.97,12414802.83
4199.93,823324.69,12423242.26
4199.94,824037.14,12431286.05
4199.95,824581.14,12439738.38
4199.96,825123.42,12447793.51
4199.97,825854.94,12456257.54
4199.98,826391.41,12464325.09
4199.99,826929.73,12472801.52
4200,827634.41,12480879.57
4200.01,828142.22,12488964.34
4200.02,828689.48,12497458.76
4200.03,829196.85,12505553.82
4200.04,829946.18,12514060.44
4200.05,830445.82,12522167.73
4200.06,830986.94,12530685.73
4200.07,831641.16,12538803.8
4200.08,832173.88,12547334
4200.09,832669.92,12555463.03
4200.1,833377.58,12564004.13
4200.11,833870.05,12572144.91
4200.12,834407.41,12580697.98
4200.13,834906.79,12588848.84
4200.14,835602.03,12597413.92
4200.15,836099.71,12605576.44
4200.16,836647.47,12614152.42
4200.17,837325.36,12622326.19
4200.18,837871.61,12630914.72
4200.19,838379.66,12639099.44
4200.2,839089.36,12647699.37
4200.21,839595.18,12655895.96
4200.22,840148.53,12664507.81
4200.23,840830.77,12672714.85
4200.24,841386.04,12681339.38
4200.25,841897.03,12689558.42
4200.26,842411.44,12697782.55
4200.27,843171.27,12706424.88
4200.28,843685.72,12714661.45
4200.29,844248.8,12723315.37
4200.3,844943.52,12731563.24
4200.31,845502.16,12740230.05
4200.32,846019.32,12748489.39
4200.33,846739.08,12757167.52
4200.34,847247.13,12765438.89
4200.35,847794.7,12774129.25
4200.36,848302.13,12782410.93
4200.37,849016.43,12791113.67
4200.38,849513.79,12799407.23
4200.39,850053.82,12808120.78
4200.4,850710.7,12816425.41
4200.41,851246.16,12825151.21
4200.42,851740.3,12833466.54
4200.43,852452.51,12842203.5
4200.44,852947.98,12850530.59
4200.45,853492.08,12859279.36
4200.46,854172.74,12867616.74
4200.47,854715.27,12876378.06
4200.48,855220.71,12884727.29
4200.49,855771.02,12893499.41
4200.5,856698.54,12901862.23
4200.51,857233.34,12910230.94
4200.52,857768.91,12919023.58
4200.53,858479.83,12927403.6
4200.54,859022.47,12936209.06
4200.55,859567.82,12944600.5
4200.56,860302.42,12953417.59
4200.57,860849.76,12961821.54
4200.58,861400.54,12970651.34
4200.59,861955.65,12979066.05
4200.6,862667.12,12987908.77
4200.61,863215.22,12996335.81
4200.62,863766.95,13005189.87
4200.63,864498.36,13013628.81
4200.64,865048.64,13022495.99
4200.65,865601.58,13030946.31
4200.66,866318.83,13039825.47
4200.67,866847.25,13048288.19
4200.68,867424.01,13057179.69
4200.69,868143.52,13065653.42
4200.7,868725.06,13074558.24
4200.71,869263.33,13083044.49
4200.72,869851.23,13091960.82
4200.73,870552.98,13100459.45
4200.74,871141.07,13109389.02
4200.75,871684.32,13117898.88
4200.76,872433.17,13126415.06
4200.77,872990.11,13135363.7
4200.78,873541.88,13143891.63
4200.79,874251.29,13152852
4200.8,874790.27,13161392.2
4200.81,875323.62,13170364.89
4200.82,875861.74,13178915.54
4200.83,876555.56,13187900.87
4200.84,877073.73,13196463.47
4200.85,877586.96,13205459.47
4200.86,878248.73,13214033.16
4200.87,878748.36,13223041.14
4200.88,879251.73,13231625.08
4200.89,879903.3,13240643.96
4200.9,880397.17,13249239.13
4200.91,880888.03,13258269.1
4200.92,881525.51,13266874.08
4200.93,882006.1,13275915.57
4200.94,882490.15,13284531.21
4200.95,882971,13293582.59
4200.96,883590.08,13302208.89
4200.97,884060.27,13311271.49
4200.98,884529.99,13319907.12
4200.99,885130.97,13328980.14
4201,885589.29,13337626.17
4201.01,886034.07,13346276.6
4201.02,886648.27,13355364.68
4201.03,887087.57,13364025.42
4201.04,887566.45,13373123.9
4201.05,888155,13381793.61
4201.06,888635.22,13390903.02
4201.07,889083.01,13399583.2
4201.08,889570.05,13408702.17
4201.09,890156.55,13417392.47
4201.1,890651.1,13426522.48
4201.11,891111.98,13435222.4
4201.12,891760.27,13444362.87
4201.13,892225.19,13453073.64
4201.14,892733.19,13462224.92
4201.15,893333.83,13470945.39
4201.16,893831.76,13480107.99
4201.17,894294.15,13488838.99
4201.18,894795.17,13498011.43
4201.19,895401.22,13506753.1
4201.2,895896.94,13515936.89
4201.21,896354.43,13524688.01
4201.22,896980.38,13533882.41
4201.23,897429.32,13542644.08
4201.24,897918.5,13551848.63
4201.25,898516.97,13560619.89
4201.26,898963.13,13569396.61
4201.27,899447.94,13578616.93
4201.28,900027.08,13587402.74
4201.29,900509.13,13596633.96
4201.3,900955.6,13605430.14
4201.31,901444.18,13614670.91
4201.32,902038.35,13623477.3
4201.33,902526.46,13632729.16
4201.34,902979.79,13641545.07
4201.35,903618.97,13650807.31
4201.36,904080.26,13659633.9
4201.37,904577.27,13668906.74
4201.38,905185.46,13677742.99
4201.39,905686.19,13687027.17
4201.4,906146.62,13695873.95
4201.41,906650.15,13705168
4201.42,907262.06,13714025.62
4201.43,907761.33,13723331.09
4201.44,908223.29,13732198.14
4201.45,908865.07,13741514.45
4201.46,909320.31,13750392.25
4201.47,909813.1,13759718.79
4201.48,910413.16,13768606.34
4201.49,910897.46,13777944.05
4201.5,911345.31,13786841.66
4201.51,911962.43,13795743.78
4201.52,912425.6,13805097.25
4201.53,912886.59,13814009.81
4201.54,913354.74,13823372.78
4201.55,914164.01,13832297.28
4201.56,914645.45,13841673.49
4201.57,915089.88,13850607.75
4201.58,915699.01,13859994.14
4201.59,916143.95,13868938.68
4201.6,916625.46,13878335.19
4201.61,917209.05,13887289.05
4201.62,917693.06,13896696.5
4201.63,918138.01,13905660.5
4201.64,918626.77,13915077.5
4201.65,919210.72,13924051.86
4201.66,919705.9,13933479.89
4201.67,920162.84,13942463.6
4201.68,920795.89,13951902.33
4201.69,921251.39,13960896.68
4201.7,921745.2,13970345.62
4201.71,922329.34,13979349.75
4201.72,922824.51,13988809.74
4201.73,923283.99,13997823.91
4201.74,923921.06,14007293.92
4201.75,924379.31,14016318.79
4201.76,924856.68,14025348.23
4201.77,925338.05,14034834.04
4201.78,925946.42,14043873.91
4201.79,926430.03,14053370.9
4201.8,926914.22,14062420.37
4201.81,927538.62,14071928.12
4201.82,928020.59,14080988.41
4201.83,928507.42,14090506.69
4201.84,929126.42,14099576.78
4201.85,929610.59,14109106.39
4201.86,930097.21,14118186.93
4201.87,930728.88,14127726.51
4201.88,931209.92,14136817.96
4201.89,931693.16,14146368.92
4201.9,932176.06,14155469.77
4201.91,932797.37,14165031.66
4201.92,933272.56,14174143.26
4201.93,933750.38,14183715.32
4201.94,934360.37,14192836.83
4201.95,934831.28,14202420.03
4201.96,935304.73,14211551.48
4201.97,935909.6,14221144.56
4201.98,936381.99,14230286.54
4201.99,936854.83,14239890.46
4202,937326.36,14249041.66
4202.01,937920.44,14258198.54
4202.02,938417.22,14267818.33
4202.03,938875.2,14276984.71
4202.04,939503.52,14286615.07
4202.05,939957.71,14295792.04
4202.06,940453.81,14305432.71
4202.07,941057.46,14314619.39
4202.08,941550.76,14324271.33
4202.09,942003.77,14333468.28
4202.1,942635.36,14343129.96
4202.11,943093,14352337.52
4202.12,943585.86,14362010.32
4202.13,944042.91,14371227.16
4202.14,944683.74,14380910.78
4202.15,945138.53,14390138.33
4202.16,945614.78,14399832.11
4202.17,946223.09,14409069.58
4202.18,946698.07,14418774.49
4202.19,947172.09,14428021.89
4202.2,947790.76,14437736.79
4202.21,948258.37,14446994.82
4202.22,948727.59,14456720.55
4202.23,949195.14,14465987.72
4202.24,949790.24,14475724.25
4202.25,950244.82,14485001.75
4202.26,950680.25,14494283.58
4202.27,951300.52,14504035.08
4202.28,951733.99,14513327.2
4202.29,952205.05,14523088.55
4202.3,952762.35,14532389.94
4202.31,953229.97,14542161.82
4202.32,953664.65,14551472.79
4202.33,954273.06,14561254
4202.34,954702.26,14570575.1
4202.35,955170.16,14580366.87
4202.36,955598.75,14589696.76
4202.37,956186.3,14599498.67
4202.38,956612.28,14608838.44
4202.39,957076.91,14618649.78
4202.4,957641.17,14627998.95
4202.41,958098.42,14637820.81
4202.42,958519.4,14647179.24
4202.43,959088.34,14657010.36
4202.44,959497.64,14666378.4
4202.45,959942.34,14676219.22
4202.46,960352.34,14685595.6
4202.47,960932.42,14695446.44
4202.48,961341.42,14704832.49
4202.49,961785.4,14714692.21
4202.5,962313.49,14724087.36
4202.51,962724.4,14733486.97
4202.52,963167.33,14743360.94
4202.53,963700.57,14752769.3
4202.54,964140.43,14762653.25
4202.55,964545.8,14772070.67
4202.56,965105.85,14781963.42
4202.57,965505.42,14791390.24
4202.58,965938.79,14801292.67
4202.59,966335.85,14810727.6
4202.6,966932.72,14820639.9
4202.61,967332.28,14830084.54
4202.62,967766.68,14840005.69
4202.63,968281.78,14849459.11
4202.64,968709.33,14859389.97
4202.65,969108.61,14868851.96
4202.66,969653.56,14878791.65
4202.67,970046.57,14888262.82
4202.68,970473.32,14898211.77
4202.69,970868.2,14907690.96
4202.7,971413.91,14917649.49
4202.71,971808.36,14927137.87
4202.72,972235.74,14937104.89
4202.73,972738.67,14946602.03
4202.74,973165.03,14956578.58
4202.75,973556.91,14966084.04
4202.76,974088.62,14975593.86
4202.77,974495.79,14985584.13
4202.78,974905.45,14995102.65
4202.79,975421.56,15005101.46
4202.8,975828.35,15014629.01
4202.81,976232.05,15024637.08
4202.82,976640.1,15034172.54
4202.83,977159.88,15044189.9
4202.84,977565.54,15053734.41
4202.85,977970.78,15063760.3
4202.86,978479.98,15073313.29
4202.87,978885.09,15083348.56
4202.88,979291.94,15092909.92
4202.89,979812.64,15102953.86
4202.9,980216.54,15112524.26
4202.91,980621.19,15122577.34
4202.92,981139.8,15132155.65
4202.93,981546.78,15142218.2
4202.94,981958.57,15151805.56
4202.95,982372.08,15161876.54
4202.96,982902.73,15171472.75
4202.97,983316.34,15181553.41
4202.98,983737.08,15191158.1
4202.99,984263.25,15201247.84
4203,984681.46,15210861.76
4203.01,985078.83,15220479.65
4203.02,985642.58,15230582.94
4203.03,986042.85,15240210.22
4203.04,986455.79,15250323.13
4203.05,986876.57,15259958.53
4203.06,987404.91,15270080.99
4203.07,987823.74,15279725.66
4203.08,988239.63,15289856.82
4203.09,988771.65,15299510.29
4203.1,989189.03,15309651.19
4203.11,989609.05,15319313.28
4203.12,990140.71,15329463.15
4203.13,990558.26,15339134.53
4203.14,990976.81,15349293.74
4203.15,991512.61,15358973.34
4203.16,991929.27,15369142.33
4203.17,992349.06,15378831.17
4203.18,992768.36,15389008.76
4203.19,993306.27,15398706.65
4203.2,993724.74,15408894.03
4203.21,994149.68,15418600.42
4203.22,994681.93,15428797.02
4203.23,995104.58,15438512.74
4203.24,995525.18,15448718.58
4203.25,996068.96,15458442.78
4203.26,996476.74,15468171.94
4203.27,996919.9,15478391.94
4203.28,997331.67,15488129.43
4203.29,997882.75,15498359.19
4203.3,998291.49,15508106.08
4203.31,998734.97,15518344.68
4203.32,999265.97,15528100.6
4203.33,999713.08,15538349.21
4203.34,1000131.91,15548114
4203.35,1000699.76,15558371.9
4203.36,1001121.39,15568146.35
4203.37,1001584.46,15578414.04
4203.38,1002131.65,15588197.28
4203.39,1002590.96,15598475.32
4203.4,1003016.94,15608268.26
4203.41,1003483.21,15618555.4
4203.42,1004020.48,15628357.93
4203.43,1004483.52,15638655.34
4203.44,1004921.13,15648466.81
4203.45,1005504.05,15658774.12
4203.46,1005932.08,15668595.51
4203.47,1006401.39,15678912.54
4203.48,1025501.15,15688788.29
4203.49,1025959.28,15699305.95
4203.5,1026385,15709327.07
4203.51,1026812.65,15719352.43
4203.52,1027409.3,15729884.97
4203.53,1027830.01,15739920.3
4203.54,1028287.64,15750461.91
4203.55,1028814.33,15760506.49
4203.56,1029262.5,15771058.12
4203.57,1029685.35,15781111.55
4203.58,1030250.56,15791672.59
4203.59,1030666.65,15801735.63
4203.6,1031114.25,15812306.26
4203.61,1031639.2,15822377.87
4203.62,1032084.88,15832958.45
4203.63,1032496.04,15843039.39
4203.64,1032943.18,15853628.77
4203.65,1033482.82,15863719.18
4203.66,1033922.92,15874318.64
4203.67,1034329.93,15884417.51
4203.68,1034869.34,15895026.19
4203.69,1035271.81,15905134.28
4203.7,1035709.87,15915752.08
4203.71,1036227.19,15925868.65
4203.72,1036659.21,15936496.22
4203.73,1037052.43,15946621.73
4203.74,1037578.99,15957257.74
4203.75,1037974.93,15967392.24
4203.76,1038382.49,15977530.65
4203.77,1038792.35,15988180.17
4203.78,1039305.06,15998327.28
4203.79,1039707.46,16008986.24
4203.8,1040109.2,16019141.53
4203.81,1040607.85,16029809.18
4203.82,1041008.66,16039973.26
4203.83,1041405.34,16050649.65
4203.84,1041905.23,16060821.68
4203.85,1042305.3,16071507.27
4203.86,1042702.74,16081687.92
4203.87,1043108.5,16092381.72
4203.88,1043601.84,16102571.02
4203.89,1044005.6,16113274.03
4203.9,1044399.07,16123471.33
4203.91,1048539.34,16134204.45
4203.92,1048939.54,16144446.06
4203.93,1049381.67,16155204.04
4203.94,1049918.8,16165454.3
4203.95,1050364.9,16176222.36
4203.96,1050786.17,16186481.87
4203.97,1051347.57,16197258.93
4203.98,1051773.52,16207528.07
4203.99,1052246.7,16218315.27
4204,1052686.1,16228593.24
4204.01,1053236.15,16238876.27
4204.02,1053701.58,16249678.41
4204.03,1054165.31,16259970.7
4204.04,1054746.48,16270782.87
4204.05,1055224.09,16281085.44
4204.06,1055708.87,16291908.06
4204.07,1056281.22,16302220.16
4204.08,1056770.48,16313053.64
4204.09,1057248.35,16323375.96
4204.1,1057732.39,16334219.32
4204.11,1058346.09,16344552.23
4204.12,1058833.19,16355406.87
4204.13,1059314.44,16365749.35
4204.14,1059915.52,16376614.57
4204.15,1060404.43,16386967.65
4204.16,1060899.07,16397843.43
4204.17,1061494.72,16408206.42
4204.18,1061992.09,16419093.4
4204.19,1062479.18,16429466.75
4204.2,1063068.95,16440363.86
4204.21,1063547.62,16450747.69
4204.22,1064026.67,16461655.62
4204.23,1064499.26,16472048.76
4204.24,1065076.98,16482967.3
4204.25,1065538.52,16493370.66
4204.26,1065983.48,16503778.43
4204.27,1067552.39,16514716.64
4204.28,1067993.44,16525144.06
4204.29,1068471.42,16536097.54
4204.3,1069025,16546534.14
4204.31,1069503.41,16557498.21
4204.32,1069945.14,16567944.68
4204.33,1070422.28,16578918.18
4204.34,1070983.22,16589374.76
4204.35,1071452.59,16600358.86
4204.36,1071887.51,16610824.32
4204.37,1072466.24,16621818.43
4204.38,1072905.27,16632293.81
4204.39,1073384.92,16643297.65
4204.4,1073962.42,16653782.48
4204.41,1074444.38,16664797.19
4204.42,1074894.47,16675291.94
4204.43,1075491.28,16686316.33
4204.44,1075944.22,16696821.3
4204.45,1076437.61,16707856.37
4204.46,1076894.33,16718370.6
4204.47,1077514.47,16729416.44
4204.48,1077974.94,16739941.2
4204.49,1078473.84,16750997.11
4204.5,1079054.27,16761531.83
4204.51,1079516.92,16772071.71
4204.52,1080019.45,16783143.51
4204.53,1089395.55,16793710.23
4204.54,1089896.59,16804883.34
4204.55,1090362.73,16815529.12
4204.56,1090869.7,16826712.17
4204.57,1091436.4,16837368.38
4204.58,1091944.75,16848562.44
4204.59,1092418.13,16859228.24
4204.6,1093041.57,16870433.16
4204.61,1093512.88,16881109.65
4204.62,1094024.29,16892325.02
4204.63,1094602.07,16903011.54
4204.64,1095106.14,16914238.03
4204.65,1095570.78,16924934.66
4204.66,1097742.81,16936173.55
4204.67,1098207.16,16946895.92
4204.68,1098709.07,16958159.36
4204.69,1099174.24,16968891.18
4204.7,1099780.49,16980165.47
4204.71,1100239.6,16990907.72
4204.72,1100742.64,17002192.02
4204.73,1101327.46,17012944.39
4204.74,1101825.8,17024239.81
4204.75,1102287.16,17035002.02
4204.76,1103314.42,17045770.16
4204.77,1103791.26,17057085.8
4204.78,1104253.3,17067867.29
4204.79,1104856.06,17079192.78
4204.8,1105316.84,17089984.67
4204.81,1105818.2,17101321.08
4204.82,1106277.16,17112122.34
4204.83,1106887.49,17123469.42
4204.84,1107344.98,17134281.11
4204.85,1107839.28,17145638.28
4204.86,1108876.23,17156461.55
4204.87,1109363.21,17167834.39
4204.88,1109807.51,17178670.2
4204.89,1110382.36,17190052.69
4204.9,1110818.05,17200898.41
4204.91,1111287.51,17212291.06
4204.92,1111712.01,17223145.57
4204.93,1112254.48,17234548.09
4204.94,1112669.37,17245411.99
4204.95,1113118.04,17256823.51
4204.96,1113620.94,17267696.36
4204.97,1114064.21,17279117.61
4204.98,1114471.69,17289999.14
4204.99,1117054.11,17301435.38
4205,1117462.37,17312346.12
4205.01,1117889.51,17323260.89
4205.02,1118408.49,17334725.81
4205.03,1118831.83,17345649.84
4205.04,1119249.74,17357124.35
4205.05,1119672.5,17368056.57
4205.06,1120169.79,17379540.35
4205.07,1120584.94,17390481.51
4205.08,1120995.21,17401973.96
4205.09,1121847.1,17412925.1
4205.1,1122250.3,17424430.46
4205.11,1122656.22,17435391.88
4205.12,1123136.14,17446905.68
4205.13,1123539.92,17457875.74
4205.14,1123935.33,17469398.41
4205.15,1124337.28,17480376.26
4205.16,1124823.27,17491907.96
4205.17,1125222.3,17502894.47
4205.18,1125616.42,17514434.38
4205.19,1126090.35,17525429.12
4205.2,1126484.81,17536977.94
4205.21,1126880.96,17547980.66
4205.22,1127376.29,17559537.91
4205.23,1127771.84,17570549.34
4205.24,1128164.41,17582115.38
4205.25,1128684.11,17593134.58
4205.26,1129069.42,17604158.7
4205.27,1129485.39,17615738.13
4205.28,1129874,17626770.09
4205.29,1130435,17638358.88
4205.3,1130825.13,17649400.12
4205.31,1131248.14,17660997.58
4205.32,1131756.67,17672047.34
4205.33,1132185.29,17683654.38
4205.34,1132582.33,17694712.73
4205.35,1133116.96,17706328.46
4205.36,1133521.46,17717395.95
4205.37,1133962.87,17729021.13
4205.38,1134374.33,17740096.91
4205.39,1134875.1,17751731.58
4205.4,1135308.32,17762816.45
4205.41,1135732.47,17774459.98
4205.42,1136294.31,17785554.05
4205.43,1136712.1,17797207.65
4205.44,1137134.84,17808310.42
4205.45,1137647.65,17819973.01
4205.46,1138061.04,17831084.87
4205.47,1138472.66,17842756.55
4205.48,1138997.91,17853876.59
4205.49,1139410.71,17865557.88
4205.5,1139832.88,17876687
4205.51,1140232.69,17887820.1
4205.52,1140759.69,17899514.89
4205.53,1141164.89,17910657.06
4205.54,1141598.71,17922360.65
4205.55,1142145.17,17933511.79
4205.56,1142579.62,17945225.41
4205.57,1142978.74,17956385.34
4205.58,1143493.63,17968107.7
4205.59,1143889.55,17979276.53
4205.6,1144315.73,17991008
4205.61,1144709.96,18002184.85
4205.62,1147463.88,18013947.45
4205.63,1147854.76,18025155.02
4205.64,1148275.78,18036927.14
4205.65,1148875.5,18048144.07
4205.66,1149291.14,18059926.61
4205.67,1149676.27,18071151.99
4205.68,1151080.36,18082947.09
4205.69,1151452.83,18094189.89
4205.7,1151853.13,18105998.78
4205.71,1153467.3,18117250.33
4205.72,1153862.61,18129079.85
4205.73,1154227.47,18140349.79
4205.74,1154619.87,18152187.08
4205.75,1155255.97,18163466.67
4205.76,1155618.13,18174750.25
4205.77,1156007.31,18186601.87
4205.78,1156458.24,18197893.25
4205.79,1156842.37,18209753.44
4205.8,1157198.11,18221052.48
4205.81,1157733.9,18232920.71
4205.82,1158092.29,18244228.47
4205.83,1158484.3,18256105.46
4205.84,1160016.55,18267420.56
4205.85,1160406.21,18279317.26
4205.86,1160768.55,18290651.12
4205.87,1161160.05,18302555.53
4205.88,1161616.63,18313897.45
4205.89,1162009.48,18325810.57
4205.9,1162375.22,18337160.1
4205.91,1162904.34,18349081.67
4205.92,1163272.32,18360439.94
4205.93,1163676.94,18372370.09
4205.94,1164189.12,18383736.14
4205.95,1164605.76,18395675.75
4205.96,1164995.47,18407050.74
4205.97,1165427.19,18418998.68
4205.98,1165930.78,18430382.62
4205.99,1166378.46,18442340.22
4206,1166802.73,18453732.68
4206.01,1167343.1,18465129.91
4206.02,1167811.07,18477102.09
4206.03,1168292.19,18488508.75
4206.04,1168894.36,18500491.16
4206.05,1169426.7,18511908.65
4206.06,1169997.89,18523902.67
4206.07,1171569.79,18535331.24
4206.08,1172208.62,18547347.58
4206.09,1172863.01,18558798.01
4206.1,1173540.67,18570827.79
4206.11,1174305.31,18582291.99
4206.12,1174992.07,18594336.62
4206.13,1175662.41,18605814.31
4206.14,1176419.07,18617873.19
4206.15,1177080.19,18629364.78
4206.16,1177755.4,18641437.8
4206.17,1178513,18652942.59
4206.18,1179178.28,18665030.27
4206.19,1179825.96,18676548.71
4206.2,1180473.46,18688649.76
4206.21,1181181.95,18700181.48
4206.22,1181806.4,18712296.31
4206.23,1182405.74,18723840.22
4206.24,1183332.05,18735969.54
4206.25,1183915.65,18747528.26
4206.26,1184473.74,18759092.56
4206.27,1185184.66,18771241.51
4206.28,1185740.93,18782818.29
4206.29,1186304.18,18794979.65
4206.3,1188196.33,18806567.95
4206.31,1188741.63,18818754.39
4206.32,1189273.02,18830365.78
4206.33,1189806.32,18842563.2
4206.34,1190516.11,18854186.41
4206.35,1191034.64,18866396.48
4206.36,1191542.65,18878030.15
4206.37,1192145.85,18890251.22
4206.38,1192639.43,18901895.67
4206.39,1193129.73,18914127.39
4206.4,1193694.74,18925781.58
4206.41,1194172.2,18938024.05
4206.42,1194636.21,18949688.14
4206.43,1195103.44,18961940.21
4206.44,1195909.36,18973616.59
4206.45,1196371.12,18985881.69
4206.46,1196824.81,18997567.19
4206.47,1197405.66,19009842.51
4206.48,1197848.41,19021538.07
4206.49,1198295.55,19033822.97
4206.5,1198827.28,19045527.57
4206.51,1199244.89,19057236.87
4206.52,1199699.97,19069536.14
4206.53,1200228.2,19081254.05
4206.54,1200677.32,19093563.35
4206.55,1201085.34,19105290.68
4206.56,1201528.65,19117608.75
4206.57,1202007.08,19129344.97
4206.58,1202441.73,19141672.43
4206.59,1202843.25,19153416.97
4206.6,1203355.17,19165753.44
4206.61,1203745.74,19177506.83
4206.62,1204166.63,19189852.04
4206.63,1204628.34,19201613.54
4206.64,1205044.5,19213967.78
4206.65,1205427.78,19225737.64
4206.66,1205916.4,19238100.07
4206.67,1206288.83,19249878.39
4206.68,1206692.12,19262249.6
4206.69,1207061.36,19274035.48
4206.7,1207551.7,19286415.24
4206.71,1207921.49,19298209.52
4206.72,1208319.45,19310597.44
4206.73,1208831.16,19322399.84
4206.74,1209226.26,19334797.06
4206.75,1209588.46,19346607.65
4206.76,1210008.65,19358421.89
4206.77,1210386.36,19370831.17
4206.78,1210730.08,19382653.05
4206.79,1211097.88,19395069.68
4206.8,1211499.45,19406899.04
4206.81,1211852.61,19419323.49
4206.82,1212171.77,19431159.57
4206.83,1212573.47,19443591.21
4206.84,1212876.43,19455434.26
4206.85,1213201.98,19467872.67
4206.86,1213571.56,19479722.04
4206.87,1213887.23,19492167.53
4206.88,1214180.47,19504023.35
4206.89,1214570,19516475.13
4206.9,1214861.75,19528337.61
4206.91,1215180.08,19540796.33
4206.92,1215478.2,19552664.8
4206.93,1215877.05,19565130.41
4206.94,1216181.09,19577005.71
4206.95,1216510.74,19589478.02
4206.96,1217172.53,19601361.09
4206.97,1217502.09,19613843.56
4206.98,1217807.89,19625734.73
4206.99,1218213.34,19638223.89
4207,1218516.64,19650122
4207.01,1218836.82,19662023.13
4207.02,1219153.52,19674522.59
4207.03,1219682.29,19686431.78
4207.04,1219998.6,19698939.89
4207.05,1220316.46,19710855.47
4207.06,1220714.91,19723370.58
4207.07,1221033.14,19735293.15
4207.08,1221352.44,19747815.14
4207.09,1223102.36,19759748.84
4207.1,1223422.72,19772292.04
4207.11,1223748.92,19784241.09
4207.12,1224142.86,19796791
4207.13,1224469.21,19808747.09
4207.14,1224788.76,19821304.3
4207.15,1225100.16,19833266.7
4207.16,1225665.37,19845832.31
4207.17,1225976.65,19857803.26
4207.18,1226320.37,19870376.12
4207.19,1228110.87,19882360.69
4207.2,1228456.97,19894955.45
4207.21,1228776.23,19906953.7
4207.22,1229191.13,19919555.45
4207.23,1229516.3,19931560.89
4207.24,1229868.4,19944170.09
4207.25,1230192.87,19956182.14
4207.26,1230728.55,19968199.24
4207.27,1231064.39,19980820.75
4207.28,1231405.28,19992844.55
4207.29,1231842.36,20005473.64
4207.3,1232182.58,20017505.02
4207.31,1232519.36,20030141.44
4207.32,1233925.89,20042183.08
4207.33,1234258.14,20054837.36
4207.34,1234597.98,20066892.32
4207.35,1235000.22,20079553.56
4207.36,1235338.53,20091615.77
4207.37,1235673.51,20104284.54
4207.38,1236016.41,20116353.34
4207.39,1236602.24,20129031.13
4207.4,1236943.28,20141109
4207.41,1237278.92,20153794.22
4207.42,1239354.85,20165887.16
4207.43,1239691.9,20178597.1
4207.44,1240032.72,20190705.14
4207.45,1240756.83,20203422.99
4207.46,1241093.93,20215541.4
4207.47,1241423.18,20228269.14
4207.48,1241811.94,20240394.04
4207.49,1242141.77,20253129.15
4207.5,1242481.34,20265261.09
4207.51,1242806.24,20277396.26
4207.52,1244879.69,20290153.39
4207.53,1245210.25,20302312
4207.54,1245566.88,20315082.06
4207.55,1245950.01,20327247.59
4207.56,1246298.93,20340025.19
4207.57,1246623.69,20352197.63
4207.58,1247169.84,20364982.45
4207.59,1247495.73,20377163.4
4207.6,1247846.38,20389956.86
4207.61,1248167.15,20402144.39
4207.62,1251325.89,20414969.47
4207.63,1251631.17,20427190.92
4207.64,1251959.81,20440026.68
4207.65,1252366.5,20452254.87
4207.66,1252682.55,20465098.1
4207.67,1252970.99,20477332.71
4207.68,1253334.4,20490182.27
4207.69,1253621.15,20502423.24
4207.7,1253928.84,20515279.3
4207.71,1254256.67,20527526.07
4207.72,1254562.27,20540388.63
4207.73,1254844.73,20552641.56
4207.74,1255149.13,20565510.14
4207.75,1255500.93,20577769.31
4207.76,1255782.1,20590031.45
4207.77,1256090.51,20602909.71
4207.78,1256678.33,20615178.8
4207.79,1256988.55,20628066.24
4207.8,1257279.58,20640342.95
4207.81,1258223.95,20653237.53
4207.82,1258522.16,20665526.33
4207.83,1258846.5,20678432.77
4207.84,1259149.77,20690727.67
4207.85,1260710.24,20703651.39
4207.86,1261011.17,20715964.48
4207.87,1261335.28,20728896.43
4207.88,1261689.75,20741215.95
4207.89,1262012.1,20754154.83
4207.9,1262304.58,20766480.61
4207.91,1262669.97,20779425.96
4207.92,1262959.13,20791758.14
4207.93,1263264.65,20804709.98
4207.94,1263599.38,20817047.94
4207.95,1263893.77,20830006.28
4207.96,1264162.49,20842350.31
4207.97,1264446.73,20855314.37
4207.98,1265421.52,20867669.33
4207.99,1265704.2,20880646.3
4208,1265965.98,20893007.96
4208.01,1269819.59,20905387.98
4208.02,1270095.57,20918409.99
4208.03,1270360.81,20930814.61
4208.04,1270946.19,20943842.86
4208.05,1271213.53,20956255.79
4208.06,1271502.79,20969292.22
4208.07,1271769.91,20981710.58
4208.08,1272809.53,20994759.69
4208.09,1273073.27,21007190.79
4208.1,1273359.99,21020246.28
4208.11,1273693.48,21032683.21
4208.12,1273976.99,21045745.04
4208.13,1274237.47,21058187.53
4208.14,1274694.84,21071255.53
4208.15,1274953.64,21083705.02
4208.16,1275238.41,21096779.77
4208.17,1275571.85,21109234.63
4208.18,1275857.66,21122315.71
4208.19,1276122.58,21134776.59
4208.2,1276411.4,21147863.34
4208.21,1276846.39,21160330.94
4208.22,1277138.56,21173425.13
4208.23,1277409.61,21185898.53
4208.24,1277956.54,21198999.87
4208.25,1278235.23,21211481.3
4208.26,1278528.78,21223965.52
4208.27,1278903.47,21237077.12
4208.28,1279198.04,21249567.87
4208.29,1279495.44,21262686.18
4208.3,1279791.18,21275182.71
4208.31,1280266.9,21288308.84
4208.32,1280562.07,21300812.9
4208.33,1280860.59,21313945.21
4208.34,1281225.8,21326455.53
4208.35,1281528.55,21339594.67
4208.36,1281828.79,21352111.06
4208.37,1282347.38,21365257.22
4208.38,1282652.06,21377781.63
4208.39,1282967.44,21390935.45
4208.4,1283374.29,21403466.04
4208.41,1283690.46,21416627.26
4208.42,1284007.85,21429164.85
4208.43,1284330.2,21442332.6
4208.44,1284878.1,21454878.33
4208.45,1285198.83,21468054.99
4208.46,1285518.61,21480607.32
4208.47,1286395.87,21493793.81
4208.48,1286714.45,21506357.82
4208.49,1287035.84,21519553.31
4208.5,1287424.22,21532123.73
4208.51,1287737.62,21544697.76
4208.52,1288071.96,21557903.79
4208.53,1288383.13,21570484.13
4208.54,1288778.29,21583697.41
4208.55,1289078.8,21596284.6
4208.56,1289396.82,21609504.31
4208.57,1289748.04,21622097.97
4208.58,1290036.85,21635324.4
4208.59,1290301.68,21647923.71
4208.6,1290647.63,21661156.06
4208.61,1290915.08,21673761.34
4208.62,1291202.89,21686999.73
4208.63,1292135.09,21699611.08
4208.64,1292412.51,21712861.97
4208.65,1292685.5,21725484.56
4208.66,1292960.13,21738741.09
4208.67,1293852.79,21751374.16
4208.68,1294129.64,21764642.65
4208.69,1294402.85,21777282.01
4208.7,1294819.8,21790556.96
4208.71,1295096.51,21803203.07
4208.72,1295379.63,21816484.36
4208.73,1296023.48,21829137.01
4208.74,1296304.31,21842427.79
4208.75,1296584.2,21855088.41
4208.76,1297342.86,21867751.7
4208.77,1297637.2,21881056.06
4208.78,1297910.58,21893729.66
4208.79,1298206.53,21907039.85
4208.8,1298626.22,21919720.07
4208.81,1298925.14,21933037.62
4208.82,1299200.89,21945723.8
4208.83,1300221.4,21959050.76
4208.84,1300495.66,21971749.59
4208.85,1300791.55,21985086.29
4208.86,1301173.27,21997790.85
4208.87,1301471.04,22011134.5
4208.88,1301745.83,22023845.53
4208.89,1302043.14,22037195.06
4208.9,1302467.36,22049912.99
4208.91,1302763.55,22063269.9
4208.92,1303037.25,22075993.56
4208.93,1303745.05,22089358.93
4208.94,1304017.41,22102092.15
4208.95,1304312.63,22115464.94
4208.96,1304693.58,22128204.09
4208.97,1304987.01,22141583.8
4208.98,1305260.26,22154329.17
4208.99,1305649.94,22167714.74
4209,1305917.57,22180466.56
4209.01,1306185.91,22193221.01
4209.02,1306472.84,22206616.06
4209.03,1307035.13,22219378.09
4209.04,1307320.82,22232781.83
4209.05,1307583.85,22245549.97
4209.06,1307922.77,22258959.58
4209.07,1308182.82,22271733.58
4209.08,1308463.33,22285149.06
4209.09,1308811.55,22297928.47
4209.1,1309089.02,22311350.36
4209.11,1309342.4,22324135.72
4209.12,1309616.7,22337563.05
4209.13,1310276.86,22350357.33
4209.14,1310551.42,22363794.25
4209.15,1310804.53,22376593.88
4209.16,1311155.38,22390036.73
4209.17,1311405.41,22402842.25
4209.18,1311676.36,22416290.71
4209.19,1312534.15,22429103.68
4209.2,1312804.64,22442563.72
4209.21,1313056.14,22455385.34
4209.22,1313489.59,22468850.9
4209.23,1313742.6,22481679.22
4209.24,1314016.56,22495151.66
4209.25,1314270.87,22507985.14
4209.26,1315184.16,22520826.17
4209.27,1315453.31,22534313.34
4209.28,1315726.07,22547160.91
4209.29,1316101.58,22560654.21
4209.3,1316373.77,22573508.1
4209.31,1316640.31,22587007.47
4209.32,1317093.99,22599867.06
4209.33,1317357.51,22613373.78
4209.34,1317626.97,22626239.93
4209.35,1317891.9,22639752.13
4209.36,1318205.07,22652623.9
4209.37,1318470.06,22666142.02
4209.38,1318741.02,22679019.03
4209.39,1319058.11,22692543
4209.4,1319332.02,22705425.76
4209.41,1319605.34,22718955.48
4209.42,1319934.42,22731843.8
4209.43,1320210.46,22745379.71
4209.44,1320491.6,22758273.76
4209.45,1325844.27,22771820.35
4209.46,1326133.51,22784769.45
4209.47,1326423.73,22798368.99
4209.48,1326722.78,22811323.8
4209.49,1327128.98,22824930.29
4209.5,1327441,22837892.05
4209.51,1327750.68,22850856.8
4209.52,1328121.52,22864473.37
4209.53,1328468.89,22877445.01
4209.54,1328821.76,22891068.84
4209.55,1329487.66,22904048.31
4209.56,1329850.89,22917682.64
4209.57,1330219.56,22930671.28
4209.58,1331035.7,22944313.12
4209.59,1331396.19,22957313.29
4209.6,1331746.87,22970967.13
4209.61,1332097.11,22983974.22
4209.62,1332567.03,22997636.16
4209.63,1332896.09,23010651.15
4209.64,1333209.57,23024320.18
4209.65,1333643.1,23037341.91
4209.66,1333934.71,23051018.49
4209.67,1334220.53,23064046.62
4209.68,1334664.09,23077729.37
4209.69,1334942.35,23090764.58
4209.7,1335216.89,23104454.39
4209.71,1335500,23117495.01
4209.72,1335966.22,23131192.19
4209.73,1336260.74,23144240.18
4209.74,1336564.22,23157943.64
4209.75,1336919.05,23170997.79
4209.76,1337239.57,23184055.18
4209.77,1337603.22,23197768.93
4209.78,1338080.08,23210833.5
4209.79,1338463.52,23224555.96
4209.8,1338831.19,23237628.64
4209.81,1339343.61,23251358.97
4209.82,1339753.67,23264440.44
4209.83,1340213.73,23278180.43
4209.84,1340650.87,23291270.51
4209.85,1341225.42,23305020.48
4209.86,1341685.06,23318120.57
4209.87,1342182.9,23331880.55
4209.88,1342689.33,23344990.19
4209.89,1343187.36,23358760.47
4209.9,1343648.26,23371879.71
4209.91,1344197.3,23385659.95
4209.92,1344662.8,23398789.07
4209.93,1345164.08,23412579.6
4209.94,1345613.89,23425718.1
4209.95,1346131.75,23439518.63
4209.96,1346573.47,23452666.53
4209.97,1347053.63,23466476.53
4209.98,1347601.84,23479634.1
4209.99,1348092.14,23493454.68
4210,1348550.66,23506621.8
4210.01,1349122,23519793.84
4210.02,1349608.93,23533630.11
4210.03,1350048.59,23546812.03
4210.04,1350531.9,23560657.67
4210.05,1350939.49,23573848.45
4210.06,1351363.89,23587703.03
4210.07,1351742.25,23600901.79
4210.08,1352557.87,23614767.72
4210.09,1352913.31,23627978.04
4210.1,1353285.8,23641852.6
4210.11,1353715.18,23655070.39
4210.12,1354065.45,23668953.07
4210.13,1354386.62,23682177.94
4210.14,1355049.99,23696068.25
4210.15,1355356.69,23709302.67
4210.16,1355681.46,23723202.06
4210.17,1355972.15,23736442.58
4210.18,1356522.03,23750350.41
4210.19,1356806.99,23763599.1
4210.2,1357110,23777513.24
4210.21,1357412.55,23790767.8
4210.22,1357705.18,23804688.1
4210.23,1357971.48,23817948.25
4210.24,1358352.23,23831874.61
4210.25,1358613.76,23845141.05
4210.26,1358882.26,23858410.08
4210.27,1359207.81,23872345.4
4210.28,1359473.7,23885620.22
4210.29,1359742.84,23899561.53
4210.3,1360003.09,23912841.54
4210.31,1360292.01,23926788.44
4210.32,1360553.92,23940073.83
4210.33,1360818.84,23954026.2
4210.34,1361124.29,23967316.95
4210.35,1361377.92,23981275.11
4210.36,1361630.76,23994571.06
4210.37,1362056.61,24008534.92
4210.38,1362309.75,24021837.5
4210.39,1362564.68,24035807.81
4210.4,1362806.17,24049115.33
4210.41,1363090.21,24063091.05
4210.42,1363327.05,24076403.68
4210.43,1363584.55,24090384.48
4210.44,1363845.88,24103702.09
4210.45,1364103.98,24117688.22
4210.46,1364343.11,24131010.75
4210.47,1364625.78,24145002.08
4210.48,1364870.09,24158329.74
4210.49,1365136.96,24172326.4
4210.5,1365407.67,24185659.1
4210.51,1365665.75,24198994.44
4210.52,1365927.84,24212999.24
4210.53,1366189.53,24226339.69
4210.54,1366481.34,24240350.08
4210.55,1366744.14,24253695.94
4210.56,1367011.15,24267711.81
4210.57,1367290.17,24281062.94
4210.58,1367546.69,24295084.35
4210.59,1367797.71,24308440.56
4210.6,1368071.52,24322467.22
4210.61,1368316.63,24335828.53
4210.62,1368564.33,24349860.43
4210.63,1369014.73,24363226.54
4210.64,1369258.55,24377265.57
4210.65,1369495.65,24390638.43
4210.66,1369736.52,24404682.38
4210.67,1370558.87,24418063.91
4210.68,1370797.46,24432118.75
4210.69,1371031.78,24445506.62
4210.7,1371289.16,24459566.39
4210.71,1371525.57,24472959.06
4210.72,1371766.03,24487023.83
4210.73,1372052.36,24500421.23
4210.74,1372295.61,24514491.4
4210.75,1372535.49,24527893.92
4210.76,1372766.61,24541298.75
4210.77,1373036.47,24555376.44
4210.78,1373270.11,24568786.17
4210.79,1373521.26,24582868.86
4210.8,1373771.12,24596283.43
4210.81,1374021.62,24610371.25
4210.82,1374246.14,24623790.55
4210.83,1374533.54,24637883.37
4210.84,1374748.04,24651307.63
4210.85,1374972.73,24665405.35
4210.86,1375261.58,24678833.88
4210.87,1375468.9,24692936.78
4210.88,1375656.16,24706370.04
4210.89,1375853.25,24720476.94
4210.9,1376065.12,24733914.15
4210.91,1376264.6,24748025.24
4210.92,1376451.89,24761466.27
4210.93,1376675.06,24775581.45
4210.94,1376871.78,24789026.53
4210.95,1377096.19,24803146
4210.96,1377338.75,24816595.33
4210.97,1377587.62,24830719.71
4210.98,1377831.52,24844173.9
4210.99,1378103.18,24858303.44
4211,1378386.59,24871762.93
4211.01,1378673.6,24885225.16
4211.02,1379016.71,24899363.7
4211.03,1379424.45,24912832.71
4211.04,1379847.4,24926979.36
4211.05,1380266.24,24940456.47
4211.06,1380774.78,24954612.16
4211.07,1381248.28,24968098.58
4211.08,1381772.94,24982264.46
4211.09,1382300.78,24995760.74
4211.1,1382841.91,25009937.48
4211.11,1383356.78,25023444.29
4211.12,1383915.66,25037631.95
4211.13,1384488.48,25051149.75
4211.14,1385013.07,25065348.87
4211.15,1385466.25,25078876.61
4211.16,1385941.17,25093085.5
4211.17,1386341.29,25106622.06
4211.18,1386757.56,25120839.63
4211.19,1387168.52,25134384.09
4211.2,1387531.78,25148609.88
4211.21,1387851.96,25162161.59
4211.22,1388249.8,25176394.22
4211.23,1388545.35,25189952.8
4211.24,1388870.46,25204192.5
4211.25,1389176.64,25217757.19
4211.26,1389520.41,25231325.05
4211.27,1389845.85,25245574.73
4211.28,1390157.41,25259149.03
4211.29,1390502.23,25273405.39
4211.3,1390806.69,25286986.06
4211.31,1391132.52,25301249
4211.32,1391442.32,25314835.8
4211.33,1391740.54,25329105.12
4211.34,1392000.42,25342697.69
4211.35,1392261.74,25356972.56
4211.36,1392516.24,25370570.29
4211.37,1392742.78,25384850.27
4211.38,1392935.99,25398452.3
4211.39,1393145.74,25412736.5
4211.4,1393312.89,25426342.34
4211.41,1393480.28,25440630.18
4211.42,1393726.92,25454239.43
4211.43,1393877.2,25468531.42
4211.44,1394009.47,25482144.23
4211.45,1394164.41,25496439.04
4211.46,1394286.31,25510054.6
4211.47,1394414.54,25524352.21
4211.48,1394528.26,25537970.17
4211.49,1394664.55,25552270.34
4211.5,1394774.88,25565890.72
4211.51,1394887.53,25579512.19
4211.52,1395477.78,25593817.75
4211.53,1395587.22,25607446.06
4211.54,1395692.39,25621756.89
4211.55,1395839.72,25635387.33
4211.56,1395946,25649700.75
4211.57,1396051.26,25663333.61
4211.58,1396155.23,25677649.19
4211.59,1396271.35,25691284.2
4211.6,1396373.92,25705602.03
4211.61,1396477.22,25719239.06
4211.62,1396588.75,25733559.06
4211.63,1396690.45,25747198.18
4211.64,1396792.63,25761520.3
4211.65,1396904.49,25775161.44
4211.66,1397003.3,25789485.74
4211.67,1397103.73,25803128.9
4211.68,1397371.03,25817455.34
4211.69,1397472.39,25831102.1
4211.7,1397570.94,25845432.22
4211.71,1397672.69,25859080.93
4211.72,1397781.2,25873413.19
4211.73,1397878.92,25887063.94
4211.74,1397974.63,25901398.21
4211.75,1398205.45,25915051.43
4211.76,1398298.65,25928706.3
4211.77,1398399.73,25943044.9
4211.78,1398528.54,25956701.71
4211.79,1398627.45,25971042.65
4211.8,1398718.36,25984701.62
4211.81,1398817.51,25999044.51
4211.82,1398924.95,26012705.48
4211.83,1399023.58,26027050.49
4211.84,1399114.94,26040713.32
4211.85,1399228.09,26055060.38
4211.86,1399315.97,26068725.2
4211.87,1399411.29,26083074.2
4211.88,1399515.8,26096740.86
4211.89,1399604.45,26111091.9
4211.9,1399693.79,26124760.42
4211.91,1399798.14,26139113.3
4211.92,1399888.02,26152783.71
4211.93,1399976.85,26167138.57
4211.94,1400065.7,26180810.72
4211.95,1400212.56,26195167.85
4211.96,1400302.7,26208842.31
4211.97,1400390.78,26223201.41
4211.98,1400490.62,26236877.66
4211.99,1400578.71,26251238.69
4212,1400667.64,26264916.73
4212.01,1400761.41,26278595.62
4212.02,1400853.34,26292959.44
4212.03,1400939.04,26306640.13
4212.04,1401032.4,26321005.77
4212.05,1401208.07,26334689.05
4212.06,1401300.96,26349057.46
4212.07,1401385,26362742.51
4212.08,1401486.33,26377112.78
4212.09,1401572.23,26390799.65
4212.1,1401666.46,26405171.8
4212.11,1401763.43,26418860.47
4212.12,1401857.03,26433234.56
4212.13,1401942,26446925.05
4212.14,1402057.32,26461300.99
4212.15,1402143.43,26474993.44
4212.16,1402236.72,26489371.43
4212.17,1402322.25,26503065.63
4212.18,1402463.85,26517445.86
4212.19,1402550.77,26531142.28
4212.2,1402644.2,26545524.44
4212.21,1403140.29,26559224.82
4212.22,1403233.71,26573613.03
4212.23,1403319.63,26587316.97
4212.24,1403445.78,26601707.1
4212.25,1403532.13,26615413.11
4212.26,1403618.4,26629119.98
4212.27,1403711.8,26643513.1
4212.28,1403808.09,26657221.82
4212.29,1403900.26,26671616.88
4212.3,1403985.16,26685327.33
4212.31,1404367.07,26699726.2
4212.32,1404451.03,26713441.2
4212.33,1404542.06,26727842.85
4212.34,1404692.02,26741559.82
4212.35,1404784.24,26755963.94
4212.36,1404868.05,26769683.02
4212.37,1404980.57,26784088.97
4212.38,1405067.89,26797809.98
4212.39,1405161.53,26812217.97
4212.4,1405250.16,26825940.76
4212.41,1405353.95,26840350.7
4212.42,1405444.05,26854075.37
4212.43,1405540.79,26868487.23
4212.44,1405643.07,26882213.79
4212.45,1405740.35,26896627.7
4212.46,1405829.86,26910356.14
4212.47,1405935.76,26924771.98
4212.48,1406023.45,26938502.32
4212.49,1406117.93,26952920.11
4212.5,1406332.3,26966652.23
4212.51,1406421.79,26980386.45
4212.52,1406515.01,26994808.32
4212.53,1406605.87,27008544.32
4212.54,1406749.01,27022968.44
4212.55,1406841.31,27036706.74
4212.56,1406935.76,27051132.91
4212.57,1407555.04,27064875.35
4212.58,1407647.37,27079308.83
4212.59,1407738.58,27093055.9
4212.6,1407840.15,27107491.27
4212.61,1407927.42,27121240.21
4212.62,1408015.45,27135677.48
4212.63,1408101.01,27149428.11
4212.64,1408195.89,27163867.24
4212.65,1408280.81,27177619.63
4212.66,1408366.85,27192060.53
4212.67,1408465.32,27205814.67
4212.68,1408550.73,27220257.45
4212.69,1408634.41,27234013.3
4212.7,1408727.87,27248457.84
4212.71,1408812.34,27262215.42
4212.72,1408896.27,27276661.75
4212.73,1408990.28,27290420.97
4212.74,1409073.08,27304869.12
4212.75,1409153.31,27318630.07
4212.76,1409235.05,27332391.8
4212.77,1409345.26,27346842.67
4212.78,1409427.45,27360606.28
4212.79,1409509.3,27375058.92
4212.8,1409718.35,27388824.7
4212.81,1409801.71,27403280.32
4212.82,1409882.33,27417048.39
4212.83,1409992.8,27431505.75
4212.84,1410072.26,27445275.67
4212.85,1410153.31,27459734.91
4212.86,1410233.48,27473506.42
4212.87,1410327.78,27487967.43
4212.88,1410407.6,27501740.63
4212.89,1410487.92,27516203.3
4212.9,1410578.21,27529978.13
4212.91,1410657.69,27544442.56
4212.92,1410736.47,27558218.97
4212.93,1410825.51,27572685.05
4212.94,1410903.28,27586463.1
4212.95,1410982.1,27600930.85
4212.96,1411068.71,27614710.43
4212.97,1411147.9,27629179.88
4212.98,1411225.57,27642961.07
4212.99,1411306.29,27657432.14
4213,1411413.31,27671215.1
4213.01,1411489.76,27684998.88
4213.02,1411572.2,27699472.66
4213.03,1411677.15,27713258.13
4213.04,1411759.09,27727733.83
4213.05,1411834.88,27741520.98
4213.06,1411966.68,27755998.42
4213.07,1412041.4,27769787.59
4213.08,1412122.51,27784267.02
4213.09,1412196.74,27798057.72
4213.1,1412285.02,27812538.81
4213.11,1412360.12,27826331.09
4213.12,1412441.45,27840813.79
4213.13,1412534.33,27854607.71
4213.14,1412615.26,27869092.19
4213.15,1412690.45,27882887.7
4213.16,1412786.56,27897373.84
4213.17,1412862.47,27911171.03
4213.18,1412945.22,27925658.88
4213.19,1413026.9,27939457.62
4213.2,1413106.9,27953947.15
4213.21,1413182.09,27967747.45
4213.22,1413261.68,27982238.57
4213.23,1413343.83,27996040.45
4213.24,1413424.36,28010533.22
4213.25,1413498.89,28024336.63
4213.26,1413595.21,28038140.88
4213.27,1413674.78,28052636.25
4213.28,1413748.08,28066442.11
4213.29,1413834.23,28080939.06
4213.3,1413907.7,28094746.47
4213.31,1413987.05,28109245.04
4213.32,1414060.52,28123053.94
4213.33,1414145.95,28137554.14
4213.34,1414220.23,28151364.6
4213.35,1414298.53,28165866.37
4213.36,1414379.42,28179678.36
4213.37,1414459.61,28194181.77
4213.38,1414534.08,28207995.29
4213.39,1414622.17,28222500.32
4213.4,1414695.61,28236315.42
4213.41,1414776.98,28250822.08
4213.42,1414860.1,28264638.71
4213.43,1414941.04,28279147.05
4213.44,1415014.59,28292965.27
4213.45,1415095.77,28307475.19
4213.46,1415178.21,28321295
4213.47,1415258.73,28335806.59
4213.48,1415331.57,28349627.91
4213.49,1415420.64,28364141.13
4213.5,1415494.24,28377964.03
4213.51,1415571.33,28391787.66
4213.52,1415656.44,28406303.29
4213.53,1415734.36,28420128.51
4213.54,1415809.16,28434645.77
4213.55,1415936.5,28448472.48
4213.56,1416010.89,28462991.81
4213.57,1416086.79,28476820.48
4213.58,1416161.92,28491341.36
4213.59,1416263.16,28505171.68
4213.6,1416336.25,28519694.35
4213.61,1416410.52,28533526.19
4213.62,1416499.93,28548050.45
4213.63,1416570.32,28561883.88
4213.64,1416648.12,28576409.75
4213.65,1416932.98,28590245.05
4213.66,1417008.7,28604774.62
4213.67,1417079.79,28618613.03
4213.68,1417157.52,28633144.13
4213.69,1417257.21,28646984.24
4213.7,1417332.9,28661517.14
4213.71,1417403.27,28675358.71
4213.72,1417485.4,28689893.14
4213.73,1417554.38,28703736.2
4213.74,1417628.72,28718272.13
4213.75,1417703.51,28732116.6
4213.76,1417774.91,28745961.79
4213.77,1417844.83,28760499.96
4213.78,1417922.11,28774346.53
4213.79,1417992.28,28788886.21
4213.8,1418062.76,28802734.21
4213.81,1418130.75,28817275.32
4213.82,1418207.5,28831124.72
4213.83,1418276.74,28845667.32
4213.84,1418346.96,28859518.09
4213.85,1418464.84,28874062.36
4213.86,1418535.26,28887914.98
4213.87,1418603.38,28902460.93
4213.88,1418679.49,28916314.91
4213.89,1418748.45,28930862.35
4213.9,1418818.01,28944717.73
4213.91,1418886.77,28959266.58
4213.92,1418962.67,28973123.37
4213.93,1419031.75,28987673.71
4213.94,1419101.05,29001531.86
4213.95,1419175.62,29016083.65
4213.96,1419245.26,29029943.21
4213.97,1419314.25,29044496.45
4213.98,1419422.45,29058357.48
4213.99,1419491.38,29072912.54
4214,1419560.12,29086775.17
4214.01,1419638.33,29100638.46
4214.02,1419711.08,29115195.75
4214.03,1419776.21,29129060.5
4214.04,1419847.12,29143619.19
4214.05,1419920.08,29157485.33
4214.06,1419992.02,29172045.49
4214.07,1420058.58,29185913
4214.08,1420137.98,29200474.62
4214.09,1420205.54,29214343.56
4214.1,1420277.83,29228906.65
4214.11,1420353.17,29242776.97
4214.12,1420425.58,29257341.58
4214.13,1420493.31,29271213.32
4214.14,1420579.95,29285779.36
4214.15,1420647.54,29299652.61
4214.16,1420720.62,29314220.24
4214.17,1420787.11,29328094.85
4214.18,1420885.31,29342664.08
4214.19,1420950.84,29356540.3
4214.2,1421023.11,29371111.04
4214.21,1421195.09,29384989.02
4214.22,1421265.38,29399562.25
4214.23,1421329.99,29413442.18
4214.24,1421667.15,29428017.2
4214.25,1421735.2,29441901.08
4214.26,1421800.47,29455785.61
4214.27,1421871.16,29470365.05
4214.28,1421965.25,29484251.15
4214.29,1422036.48,29498832.29
4214.3,1422101.64,29512719.76
4214.31,1422180.36,29527302.33
4214.32,1422245.44,29541191.21
4214.33,1422317.11,29555775.22
4214.34,1422405.8,29569665.48
4214.35,1422476.11,29584251.14
4214.36,1422540.84,29598142.89
4214.37,1422629.07,29612729.93
4214.38,1422692.89,29626623.18
4214.39,1422762.24,29641211.77
4214.4,1422826.98,29655106.33
4214.41,1422902.02,29669696.33
4214.42,1422965.36,29683592.25
4214.43,1423033.59,29698183.62
4214.44,1423102.8,29712080.84
4214.45,1423169.54,29726673.62
4214.46,1423232.03,29740572.14
4214.47,1423304.49,29755166.26
4214.48,1423366.01,29769066.09
4214.49,1423431.42,29783661.56
4214.5,1423493.17,29797562.63
4214.51,1423558.46,29811464.35
4214.52,1423623.94,29826061.81
4214.53,1423683.48,29839964.76
4214.54,1423755.15,29854563.53
4214.55,1423816.44,29868467.77
4214.56,1423882.59,29883067.88
4214.57,1423948.24,29896973.37
4214.58,1424013.62,29911574.82
4214.59,1424074.91,29925481.58
4214.6,1424146.4,29940084.34
4214.61,1424206.57,29953992.39
4214.62,1424272.01,29968596.5
4214.63,1424333.18,29982505.78
4214.64,1424416.11,29997111.31
4214.65,1424476.9,30011022
4214.66,1424542.8,30025628.88
4214.67,1424608.53,30039540.83
4214.68,1424674.37,30054149.05
4214.69,1424735.59,30068062.26
4214.7,1424839.82,30082671.86
4214.71,1424901.1,30096586.69
4214.72,1424966.63,30111197.92
4214.73,1425027.57,30125113.98
4214.74,1425124.01,30139726.78
4214.75,1425185.24,30153644.39
4214.76,1425248.01,30167562.6
4214.77,1425317,30182177.4
4214.78,1425380,30196096.89
4214.79,1425442.34,30210713
4214.8,1425507.96,30224633.73
4214.81,1425569.77,30239251.15
4214.82,1425631.71,30253173.11
4214.83,1425697.22,30267791.8
4214.84,1425756.76,30281714.99
4214.85,1425816.74,30296334.96
4214.86,1425875.42,30310259.31
4214.87,1425938.91,30324880.53
4214.88,1425998.19,30338806.08
4214.89,1426058.67,30353428.52
4214.9,1426120.67,30367355.25
4214.91,1426179.65,30381978.94
4214.92,1426239.59,30395906.84
4214.93,1426303.86,30410531.77
4214.94,1426361.94,30424460.88
4214.95,1426419.63,30439087.03
4214.96,1426476.63,30453017.27
4214.97,1426552.85,30467644.78
4214.98,1426610.24,30481576.31
4214.99,1426668.28,30496205.02
4215,1426729.17,30510137.71
