Date,LakeLevel(ft)
1/1/1999,4202.3
1/2/1999,4202.4
1/3/1999,4202.4
1/4/1999,4202.4
1/5/1999,4202.4
1/6/1999,4202.4
1/7/1999,4202.4
1/8/1999,4202.4
1/9/1999,4202.4
1/10/1999,4202.4
1/11/1999,4202.4
1/12/1999,4202.4
1/13/1999,4202.4
1/14/1999,4202.4
1/15/1999,4202.4
1/16/1999,4202.5
1/17/1999,4202.5
1/18/1999,4202.5
1/19/1999,4202.5
1/20/1999,4202.5
1/21/1999,4202.6
1/22/1999,4202.5
1/23/1999,4202.6
1/24/1999,4202.6
1/25/1999,4202.6
1/26/1999,4202.6
1/27/1999,4202.7
1/28/1999,4202.7
1/29/1999,4202.7
1/30/1999,4202.7
1/31/1999,4202.7
2/1/1999,4202.7
2/2/1999,4202.7
2/3/1999,4202.7
2/4/1999,4202.7
2/5/1999,4202.8
2/6/1999,4202.7
2/7/1999,4202.7
2/8/1999,4202.8
2/9/1999,4202.7
2/10/1999,4203
2/11/1999,4202.9
2/12/1999,4202.8
2/13/1999,4202.9
2/14/1999,4202.9
2/15/1999,4202.9
2/16/1999,4202.9
2/17/1999,4202.9
2/18/1999,4202.9
2/19/1999,4203
2/20/1999,4202.9
2/21/1999,4203
2/22/1999,4202.9
2/23/1999,4202.9
2/24/1999,4202.9
2/25/1999,4203
2/26/1999,4203
2/27/1999,4203
2/28/1999,4203
3/1/1999,4203
3/2/1999,4203
3/3/1999,4203.1
3/4/1999,4203.1
3/5/1999,4203
3/6/1999,4203
3/7/1999,4203.1
3/8/1999,4203
3/9/1999,4203.1
3/10/1999,4203
3/11/1999,4203.1
3/12/1999,4203.1
3/13/1999,4203.1
3/14/1999,4203.1
3/15/1999,4203.1
3/16/1999,4203.1
3/17/1999,4203.1
3/18/1999,4203.1
3/19/1999,4203.1
3/20/1999,4203.1
3/21/1999,4203.1
3/22/1999,4203.2
3/23/1999,4203.2
3/24/1999,4203.2
3/25/1999,4203.2
3/26/1999,4203.2
3/27/1999,4203.3
3/28/1999,4203.2
3/29/1999,4203.2
3/30/1999,4203.2
3/31/1999,4203.4
4/1/1999,4203.2
4/2/1999,4203.3
4/3/1999,4203.2
4/4/1999,4203.3
4/5/1999,4203.2
4/6/1999,4203.2
4/7/1999,4203.2
4/8/1999,4203.2
4/9/1999,4203.5
4/10/1999,4203.3
4/11/1999,4203.3
4/12/1999,4203.3
4/13/1999,4203.3
4/14/1999,4203.4
4/15/1999,4203.4
4/16/1999,4203.3
4/17/1999,4203.3
4/18/1999,4203.3
4/19/1999,4203.3
4/20/1999,4203.3
4/21/1999,4203.3
4/22/1999,4203.4
4/23/1999,4203.3
4/24/1999,4203.3
4/25/1999,4203.3
4/26/1999,4203.3
4/27/1999,4203.3
4/28/1999,4203.4
4/29/1999,4203.4
4/30/1999,4203.5
5/1/1999,4203.5
5/2/1999,4203.5
5/3/1999,4203.6
5/4/1999,4203.8
5/5/1999,4203.7
5/6/1999,4203.6
5/7/1999,4203.6
5/8/1999,4203.7
5/9/1999,4203.8
5/10/1999,4203.7
5/11/1999,4203.7
5/12/1999,4203.7
5/13/1999,4203.8
5/14/1999,4203.9
5/15/1999,4203.9
5/16/1999,4203.8
5/17/1999,4203.8
5/18/1999,4203.8
5/19/1999,4203.9
5/20/1999,4203.9
5/21/1999,4203.9
5/22/1999,4203.9
5/23/1999,4203.9
5/24/1999,4203.9
5/25/1999,4203.9
5/26/1999,4203.9
5/27/1999,4203.9
5/28/1999,4203.9
5/29/1999,4203.9
5/30/1999,4204
5/31/1999,4204
6/1/1999,4203.9
6/2/1999,4203.7
6/3/1999,4203.8
6/4/1999,4203.9
6/5/1999,4204
6/6/1999,4204
6/7/1999,4204
6/8/1999,4204.2
6/9/1999,4204.2
6/10/1999,4204.1
6/11/1999,4204.1
6/12/1999,4204.1
6/13/1999,4204.1
6/14/1999,4204.1
6/15/1999,4204.2
6/16/1999,4204.1
6/17/1999,4204.1
6/18/1999,4204.1
6/19/1999,4204.1
6/20/1999,4204.1
6/21/1999,4204.1
6/22/1999,4204.1
6/23/1999,4204.1
6/24/1999,4204.1
6/25/1999,4204.1
6/26/1999,4204.1
6/27/1999,4204.1
6/28/1999,4204.1
6/29/1999,4204
6/30/1999,4204
7/1/1999,4204
7/2/1999,4204
7/3/1999,4203.9
7/4/1999,4203.9
7/5/1999,4204
7/6/1999,4203.9
7/7/1999,4203.8
7/8/1999,4203.9
7/9/1999,4203.8
7/10/1999,4203.8
7/11/1999,4203.8
7/12/1999,4203.8
7/13/1999,4203.7
7/14/1999,4203.7
7/15/1999,4203.7
7/16/1999,4203.6
7/17/1999,4203.7
7/18/1999,4203.6
7/19/1999,4203.6
7/20/1999,4203.6
7/21/1999,4203.6
7/22/1999,4203.6
7/23/1999,4203.6
7/24/1999,4203.5
7/25/1999,4203.6
7/26/1999,4203.5
7/27/1999,4203.4
7/28/1999,4203.4
7/29/1999,4203.4
7/30/1999,4203.3
7/31/1999,4203.4
8/1/1999,4203.4
8/2/1999,4203.3
8/3/1999,4203.3
8/4/1999,4203.3
8/5/1999,4203.3
8/6/1999,4203.2
8/7/1999,4203.2
8/8/1999,4203.2
8/9/1999,4203.2
8/10/1999,4203.2
8/11/1999,4203.2
8/12/1999,4203.1
8/13/1999,4203.1
8/14/1999,4203
8/15/1999,4203.1
8/16/1999,4203.1
8/17/1999,4203.1
8/18/1999,4203.1
8/19/1999,4203
8/20/1999,4203
8/21/1999,4203
8/22/1999,4203
8/23/1999,4203
8/24/1999,4203
8/25/1999,4203
8/26/1999,4203
8/27/1999,4203
8/28/1999,4202.9
8/29/1999,4202.9
8/30/1999,4202.8
8/31/1999,4202.9
9/1/1999,4202.9
9/2/1999,4202.9
9/3/1999,4202.8
9/4/1999,4202.8
9/5/1999,4202.8
9/6/1999,4202.8
9/7/1999,4202.8
9/8/1999,4202.8
9/9/1999,4202.7
9/10/1999,4202.7
9/11/1999,4202.7
9/12/1999,4202.7
9/13/1999,4202.7
9/14/1999,4202.7
9/15/1999,4202.7
9/16/1999,4202.7
9/17/1999,4202.7
9/18/1999,4202.6
9/19/1999,4202.6
9/20/1999,4202.6
9/21/1999,4202.6
9/22/1999,4202.6
9/23/1999,4202.6
9/24/1999,4202.6
9/25/1999,4202.6
9/26/1999,4202.6
9/27/1999,4202.6
9/28/1999,4202.6
9/29/1999,4202.5
9/30/1999,4202.5
10/1/1999,4202.5
10/2/1999,4202.5
10/3/1999,4202.5
10/4/1999,4202.5
10/5/1999,4202.5
10/6/1999,4202.6
10/7/1999,4202.5
10/8/1999,4202.4
10/9/1999,4202.4
10/10/1999,4202.4
10/11/1999,4202.4
10/12/1999,4202.4
10/13/1999,4202.4
10/14/1999,4202.4
10/15/1999,4202.5
10/16/1999,4202.5
10/17/1999,4202.4
10/18/1999,4202.4
10/19/1999,4202.4
10/20/1999,4202.4
10/21/1999,4202.4
10/22/1999,4202.4
10/23/1999,4202.4
10/24/1999,4202.4
10/25/1999,4202.4
10/26/1999,4202.4
10/27/1999,4202.4
10/28/1999,4202.4
10/29/1999,4202.4
10/30/1999,4202.3
10/31/1999,4202.3
11/1/1999,4202.4
11/2/1999,4202.3
11/3/1999,4202.3
11/4/1999,4202.3
11/5/1999,4202.3
11/6/1999,4202.3
11/7/1999,4202.3
11/8/1999,4202.3
11/9/1999,4202.3
11/10/1999,4202.3
11/11/1999,4202.3
11/12/1999,4202.3
11/13/1999,4202.3
11/14/1999,4202.3
11/15/1999,4202.3
11/16/1999,4202.3
11/17/1999,4202.5
11/18/1999,4202.4
11/19/1999,4202.3
11/20/1999,4202.3
11/21/1999,4202.4
11/22/1999,4202.4
11/23/1999,4202.3
11/24/1999,4202.3
11/25/1999,4202.3
11/26/1999,4202.3
11/27/1999,4202.4
11/28/1999,4202.4
11/29/1999,4202.4
11/30/1999,4202.3
12/1/1999,4202.4
12/2/1999,4202.4
12/3/1999,4202.5
12/4/1999,4202.4
12/5/1999,4202.4
12/6/1999,4202.4
12/7/1999,4202.4
12/8/1999,4202.5
12/9/1999,4202.4
12/10/1999,4202.5
12/11/1999,4202.4
12/12/1999,4202.4
12/13/1999,4202.6
12/14/1999,4202.4
12/15/1999,4202.4
12/16/1999,4202.4
12/17/1999,4202.4
12/18/1999,4202.5
12/19/1999,4202.4
12/20/1999,4202.4
12/21/1999,4202.5
12/22/1999,4202.4
12/23/1999,4202.4
12/24/1999,4202.4
12/25/1999,4202.5
12/26/1999,4202.5
12/27/1999,4202.5
12/28/1999,4202.5
12/29/1999,4202.5
12/30/1999,4202.5
12/31/1999,4202.5
1/1/2000,4202.5
1/2/2000,4202.5
1/3/2000,4202.5
1/4/2000,4202.4
1/5/2000,4202.5
1/6/2000,4202.5
1/7/2000,4202.5
1/8/2000,4202.5
1/9/2000,4202.5
1/10/2000,4202.5
1/11/2000,4202.5
1/12/2000,4202.5
1/13/2000,4202.5
1/14/2000,4202.5
1/15/2000,4202.5
1/16/2000,4202.5
1/17/2000,4202.6
1/18/2000,4202.6
1/19/2000,4202.6
1/20/2000,4202.6
1/21/2000,4202.6
1/22/2000,4202.6
1/23/2000,4202.6
1/24/2000,4202.7
1/25/2000,4202.7
1/26/2000,4202.8
1/27/2000,4202.8
1/28/2000,4202.8
1/29/2000,4202.7
1/30/2000,4202.7
1/31/2000,4202.8
2/1/2000,4202.8
2/2/2000,4202.8
2/3/2000,4202.8
2/4/2000,4202.8
2/5/2000,4202.8
2/6/2000,4202.8
2/7/2000,4202.8
2/8/2000,4202.8
2/9/2000,4202.8
2/10/2000,4202.8
2/11/2000,4202.8
2/12/2000,4202.8
2/13/2000,4202.8
2/14/2000,4202.8
2/15/2000,4202.9
2/16/2000,4202.9
2/17/2000,4203
2/18/2000,4203
2/19/2000,4203
2/20/2000,4203
2/21/2000,4203
2/22/2000,4203
2/23/2000,4203
2/24/2000,4203.2
2/25/2000,4203.1
2/26/2000,4203.1
2/27/2000,4203.1
2/28/2000,4203.1
2/29/2000,4203.1
3/1/2000,4203.2
3/2/2000,4203.2
3/3/2000,4203.2
3/4/2000,4203.2
3/5/2000,4203.1
3/6/2000,4203.2
3/7/2000,4203.2
3/8/2000,4203.2
3/9/2000,4203.2
3/10/2000,4203.2
3/11/2000,4203.2
3/12/2000,4203.2
3/13/2000,4203.2
3/14/2000,4203.2
3/15/2000,4203.4
3/16/2000,4203.3
3/17/2000,4203.4
3/18/2000,4203.3
3/19/2000,4203.4
3/20/2000,4203.6
3/21/2000,4203.4
3/22/2000,4203.3
3/23/2000,4203.3
3/24/2000,4203.3
3/25/2000,4203.3
3/26/2000,4203.3
3/27/2000,4203.3
3/28/2000,4203.4
3/29/2000,4203.4
3/30/2000,4203.5
3/31/2000,4203.5
4/1/2000,4203.4
4/2/2000,4203.3
4/3/2000,4203.4
4/4/2000,4203.3
4/5/2000,4203.3
4/6/2000,4203.3
4/7/2000,4203.4
4/8/2000,4203.3
4/9/2000,4203.4
4/10/2000,4203.4
4/11/2000,4203.3
4/12/2000,4203.3
4/13/2000,4203.3
4/14/2000,4203.4
4/15/2000,4203.4
4/16/2000,4203.3
4/17/2000,4203.3
4/18/2000,4203.2
4/19/2000,4203.3
4/20/2000,4203.3
4/21/2000,4203.3
4/22/2000,4203.3
4/23/2000,4203.4
4/24/2000,4203.4
4/25/2000,4203.3
4/26/2000,4203.3
4/27/2000,4203.3
4/28/2000,4203.4
4/29/2000,4203.4
4/30/2000,4203.3
5/1/2000,4203.3
5/2/2000,4203.3
5/3/2000,4203.3
5/4/2000,4203.3
5/5/2000,4203.4
5/6/2000,4203.3
5/7/2000,4203.3
5/8/2000,4203.2
5/9/2000,4203.2
5/10/2000,4203.3
5/11/2000,4203.3
5/12/2000,4203.2
5/13/2000,4203.2
5/14/2000,4203.2
5/15/2000,4203.1
5/16/2000,4203
5/17/2000,4203.1
5/18/2000,4203.1
5/19/2000,4203.1
5/20/2000,4203.1
5/21/2000,4203.1
5/22/2000,4203.1
5/23/2000,4203.1
5/24/2000,4203.1
5/25/2000,4203.1
5/26/2000,4203.1
5/27/2000,4203.1
5/28/2000,4203.1
5/29/2000,4203.1
5/30/2000,4203.1
5/31/2000,4203.2
6/1/2000,4203.1
6/2/2000,4203
6/3/2000,4203
6/4/2000,4203
6/5/2000,4203
6/6/2000,4203
6/7/2000,4202.9
6/8/2000,4202.7
6/9/2000,4202.9
6/10/2000,4202.8
6/11/2000,4202.9
6/12/2000,4202.9
6/13/2000,4202.8
6/14/2000,4202.8
6/15/2000,4202.9
6/16/2000,4202.9
6/17/2000,4202.7
6/18/2000,4202.6
6/19/2000,4202.7
6/20/2000,4202.7
6/21/2000,4202.6
6/22/2000,4202.6
6/23/2000,4202.6
6/24/2000,4202.6
6/25/2000,4202.5
6/26/2000,4202.5
6/27/2000,4202.5
6/28/2000,4202.5
6/29/2000,4202.5
6/30/2000,4202.4
7/1/2000,4202.4
7/2/2000,4202.4
7/3/2000,4202.3
7/4/2000,4202.4
7/5/2000,4202.3
7/6/2000,4202.3
7/7/2000,4202.3
7/8/2000,4202.2
7/9/2000,4202.2
7/10/2000,4202.2
7/11/2000,4202.2
7/12/2000,4202.2
7/13/2000,4202.2
7/14/2000,4202.2
7/15/2000,4202.2
7/16/2000,4202.1
7/17/2000,4202.2
7/18/2000,4202.2
7/19/2000,4202.1
7/20/2000,4202.1
7/21/2000,4202.1
7/22/2000,4202
7/23/2000,4202
7/24/2000,4202
7/25/2000,4202
7/26/2000,4201.9
7/27/2000,4202
7/28/2000,4201.9
7/29/2000,4201.9
7/30/2000,4201.9
7/31/2000,4201.9
8/1/2000,4201.9
8/2/2000,4201.9
8/3/2000,4201.8
8/4/2000,4201.8
8/5/2000,4201.8
8/6/2000,4201.8
8/7/2000,4201.8
8/8/2000,4201.7
8/9/2000,4201.7
8/10/2000,4201.7
8/11/2000,4201.7
8/12/2000,4201.7
8/13/2000,4201.6
8/14/2000,4201.6
8/15/2000,4201.5
8/16/2000,4201.5
8/17/2000,4201.5
8/18/2000,4201.4
8/19/2000,4201.4
8/20/2000,4201.5
8/21/2000,4201.5
8/22/2000,4201.4
8/23/2000,4201.4
8/24/2000,4201.4
8/25/2000,4201.4
8/26/2000,4201.3
8/27/2000,4201.3
8/28/2000,4201.3
8/29/2000,4201.3
8/30/2000,4201.3
8/31/2000,4201.4
9/1/2000,4201.4
9/2/2000,4201.3
9/3/2000,4201.4
9/4/2000,4201.3
9/5/2000,4201.4
9/6/2000,4201.4
9/7/2000,4201.3
9/8/2000,4201.3
9/9/2000,4201.3
9/10/2000,4201.3
9/11/2000,4201.3
9/12/2000,4201.3
9/13/2000,4201.3
9/14/2000,4201.3
9/15/2000,4201.2
9/16/2000,4201.2
9/17/2000,4201.3
9/18/2000,4201.2
9/19/2000,4201.3
9/20/2000,4201.3
9/21/2000,4201.2
9/22/2000,4201.2
9/23/2000,4201.3
9/24/2000,4201.2
9/25/2000,4201.2
9/26/2000,4201.2
9/27/2000,4201.1
9/28/2000,4201.1
9/29/2000,4201.1
9/30/2000,4201.1
10/1/2000,4201.1
10/2/2000,4201.1
10/3/2000,4201.2
10/4/2000,4201.1
10/5/2000,4201.1
10/6/2000,4201.1
10/7/2000,4201.1
10/8/2000,4201.1
10/9/2000,4201
10/10/2000,4200.9
10/11/2000,4200.9
10/12/2000,4201
10/13/2000,4201
10/14/2000,4201
10/15/2000,4201
10/16/2000,4201
10/17/2000,4201
10/18/2000,4201
10/19/2000,4201
10/20/2000,4201
10/21/2000,4201.1
10/22/2000,4201.2
10/23/2000,4201
10/24/2000,4201
10/25/2000,4201
10/26/2000,4200.9
10/27/2000,4201
10/28/2000,4201
10/29/2000,4201
10/30/2000,4201.1
10/31/2000,4201.3
11/1/2000,4201.2
11/2/2000,4201.1
11/3/2000,4201.1
11/4/2000,4201.1
11/5/2000,4201.2
11/6/2000,4201.1
11/7/2000,4201.1
11/8/2000,4201
11/9/2000,4201.1
11/10/2000,4201.1
11/11/2000,4201.1
11/12/2000,4201.1
11/13/2000,4201
11/14/2000,4201.1
11/15/2000,4201.1
11/16/2000,4201.1
11/17/2000,4201.1
11/18/2000,4201
11/19/2000,4201.1
11/20/2000,4201.1
11/21/2000,4201.1
11/22/2000,4201.1
11/23/2000,4201.1
11/24/2000,4201
11/25/2000,4201
11/26/2000,4201
11/27/2000,4201
11/28/2000,4201.1
11/29/2000,4201.1
11/30/2000,4201.1
12/1/2000,4201.1
12/2/2000,4201.1
12/3/2000,4201.1
12/4/2000,4201.1
12/5/2000,4201.1
12/6/2000,4201.1
12/7/2000,4201.1
12/8/2000,4201.1
12/9/2000,4201.1
12/10/2000,4201.2
12/11/2000,4201.1
12/12/2000,4201.1
12/13/2000,4201.1
12/14/2000,4201.1
12/15/2000,4201.2
12/16/2000,4201.1
12/17/2000,4201.3
12/18/2000,4201.1
12/19/2000,4201.1
12/20/2000,4201.1
12/21/2000,4201.1
12/22/2000,4201.1
12/23/2000,4201.1
12/24/2000,4201.2
12/25/2000,4201.2
12/26/2000,4201.2
12/27/2000,4201.2
12/28/2000,4201.2
12/29/2000,4201.2
12/30/2000,4201.2
12/31/2000,4201.2
1/1/2001,4201.2
1/2/2001,4201.2
1/3/2001,4201.2
1/4/2001,4201.2
1/5/2001,4201.2
1/6/2001,4201.2
1/7/2001,4201.2
1/8/2001,4201.2
1/9/2001,4201.2
1/10/2001,4201.2
1/11/2001,4201.1
1/12/2001,4201.2
1/13/2001,4201.2
1/14/2001,4201.2
1/15/2001,4201.3
1/16/2001,4201.3
1/17/2001,4201.3
1/18/2001,4201.2
1/19/2001,4201.2
1/20/2001,4201.2
1/21/2001,4201.2
1/22/2001,4201.2
1/23/2001,4201.2
1/24/2001,4201.2
1/25/2001,4201.2
1/26/2001,4201.2
1/27/2001,4201.3
1/28/2001,4201.3
1/29/2001,4201.2
1/30/2001,4201.3
1/31/2001,4201.2
2/1/2001,4201.2
2/2/2001,4201.2
2/3/2001,4201.2
2/4/2001,4201.2
2/5/2001,4201.2
2/6/2001,4201.3
2/7/2001,4201.4
2/8/2001,4201.4
2/9/2001,4201.3
2/10/2001,4201.3
2/11/2001,4201.3
2/12/2001,4201.3
2/13/2001,4201.3
2/14/2001,4201.4
2/15/2001,4201.3
2/16/2001,4201.3
2/17/2001,4201.3
2/18/2001,4201.3
2/19/2001,4201.3
2/20/2001,4201.3
2/21/2001,4201.3
2/22/2001,4201.3
2/23/2001,4201.4
2/24/2001,4201.4
2/25/2001,4201.4
2/26/2001,4201.4
2/27/2001,4201.4
2/28/2001,4201.4
3/1/2001,4201.4
3/2/2001,4201.4
3/3/2001,4201.4
3/4/2001,4201.4
3/5/2001,4201.4
3/6/2001,4201.4
3/7/2001,4201.4
3/8/2001,4201.4
3/9/2001,4201.5
3/10/2001,4201.5
3/11/2001,4201.6
3/12/2001,4201.5
3/13/2001,4201.4
3/14/2001,4201.6
3/15/2001,4201.4
3/16/2001,4201.5
3/17/2001,4201.5
3/18/2001,4201.4
3/19/2001,4201.4
3/20/2001,4201.5
3/21/2001,4201.5
3/22/2001,4201.5
3/23/2001,4201.5
3/24/2001,4201.5
3/25/2001,4201.5
3/26/2001,4201.5
3/27/2001,4201.5
3/28/2001,4201.5
3/29/2001,4201.5
3/30/2001,4201.5
3/31/2001,4201.5
4/1/2001,4201.5
4/2/2001,4201.5
4/3/2001,4201.5
4/4/2001,4201.5
4/5/2001,4201.5
4/6/2001,4201.4
4/7/2001,4201.3
4/8/2001,4201.5
4/9/2001,4201.6
4/10/2001,4201.7
4/11/2001,4201.5
4/12/2001,4201.6
4/13/2001,4201.5
4/14/2001,4201.5
4/15/2001,4201.5
4/16/2001,4201.5
4/17/2001,4201.5
4/18/2001,4201.4
4/19/2001,4201.5
4/20/2001,4201.5
4/21/2001,4201.5
4/22/2001,4201.7
4/23/2001,4201.5
4/24/2001,4201.5
4/25/2001,4201.5
4/26/2001,4201.5
4/27/2001,4201.4
4/28/2001,4201.4
4/29/2001,4201.5
4/30/2001,4201.4
5/1/2001,4201.6
5/2/2001,4201.6
5/3/2001,4201.6
5/4/2001,4201.4
5/5/2001,4201.4
5/6/2001,4201.4
5/7/2001,4201.4
5/8/2001,4201.3
5/9/2001,4201.4
5/10/2001,4201.3
5/11/2001,4201.3
5/12/2001,4201.3
5/13/2001,4201.2
5/14/2001,4201.3
5/15/2001,4201.3
5/16/2001,4201.3
5/17/2001,4201.3
5/18/2001,4201.3
5/19/2001,4201.3
5/20/2001,4201.5
5/21/2001,4201.3
5/22/2001,4201.2
5/23/2001,4201.2
5/24/2001,4201.2
5/25/2001,4201.2
5/26/2001,4201.2
5/27/2001,4201.2
5/28/2001,4201.2
5/29/2001,4201.2
5/30/2001,4201.2
5/31/2001,4201.1
6/1/2001,4201.1
6/2/2001,4201.1
6/3/2001,4201.2
6/4/2001,4201.1
6/5/2001,4201
6/6/2001,4201.1
6/7/2001,4201
6/8/2001,4201
6/9/2001,4201
6/10/2001,4200.9
6/11/2001,4201
6/12/2001,4201.1
6/13/2001,4201
6/14/2001,4201
6/15/2001,4200.9
6/16/2001,4200.9
6/17/2001,4200.9
6/18/2001,4201
6/19/2001,4200.9
6/20/2001,4200.9
6/21/2001,4200.9
6/22/2001,4200.8
6/23/2001,4200.8
6/24/2001,4200.7
6/25/2001,4200.8
6/26/2001,4200.7
6/27/2001,4200.7
6/28/2001,4200.7
6/29/2001,4200.7
6/30/2001,4200.7
7/1/2001,4200.7
7/2/2001,4200.7
7/3/2001,4200.6
7/4/2001,4200.6
7/5/2001,4200.6
7/6/2001,4200.6
7/7/2001,4200.6
7/8/2001,4200.6
7/9/2001,4200.6
7/10/2001,4200.5
7/11/2001,4200.5
7/12/2001,4200.5
7/13/2001,4200.5
7/14/2001,4200.4
7/15/2001,4200.4
7/16/2001,4200.3
7/17/2001,4200.3
7/18/2001,4200.4
7/19/2001,4200.3
7/20/2001,4200.2
7/21/2001,4200.2
7/22/2001,4200.3
7/23/2001,4200.3
7/24/2001,4200.2
7/25/2001,4200.2
7/26/2001,4200.2
7/27/2001,4200.2
7/28/2001,4200.2
7/29/2001,4200.2
7/30/2001,4200.2
7/31/2001,4200.1
8/1/2001,4200.1
8/2/2001,4200
8/3/2001,4200
8/4/2001,4200
8/5/2001,4200
8/6/2001,4200
8/7/2001,4200
8/8/2001,4200
8/9/2001,4200
8/10/2001,4199.9
8/11/2001,4199.9
8/12/2001,4199.9
8/13/2001,4199.9
8/14/2001,4199.8
8/15/2001,4199.9
8/16/2001,4199.8
8/17/2001,4199.8
8/18/2001,4199.8
8/19/2001,4199.8
8/20/2001,4199.7
8/21/2001,4199.5
8/22/2001,4199.6
8/23/2001,4199.7
8/24/2001,4199.7
8/25/2001,4199.7
8/26/2001,4199.6
8/27/2001,4199.6
8/28/2001,4199.6
8/29/2001,4199.6
8/30/2001,4199.6
8/31/2001,4199.6
9/1/2001,4199.5
9/2/2001,4199.5
9/3/2001,4199.5
9/4/2001,4199.5
9/5/2001,4199.4
9/6/2001,4199.6
9/7/2001,4199.5
9/8/2001,4199.5
9/9/2001,4199.4
9/10/2001,4199.4
9/11/2001,4199.4
9/12/2001,4199.4
9/13/2001,4199.4
9/14/2001,4199.4
9/15/2001,4199.3
9/16/2001,4199.4
9/17/2001,4199.3
9/18/2001,4199.3
9/19/2001,4199.3
9/20/2001,4199.3
9/21/2001,4199.2
9/22/2001,4199.2
9/23/2001,4199.2
9/24/2001,4199.2
9/25/2001,4199.2
9/26/2001,4199.2
9/27/2001,4199.2
9/28/2001,4199.1
9/29/2001,4199.2
9/30/2001,4199.2
10/1/2001,4199.11
10/2/2001,4199.1
10/3/2001,4199.1
10/4/2001,4199.11
10/5/2001,4199.12
10/6/2001,4199.04
10/7/2001,4199
10/8/2001,4199.03
10/9/2001,4199.14
10/10/2001,4198.98
10/11/2001,4199.11
10/12/2001,4198.96
10/13/2001,4198.97
10/14/2001,4198.92
10/15/2001,4198.93
10/16/2001,4198.9
10/17/2001,4198.91
10/18/2001,4198.91
10/19/2001,4198.86
10/20/2001,4198.87
10/21/2001,4198.85
10/22/2001,4198.85
10/23/2001,4199.11
10/24/2001,4198.86
10/25/2001,4198.8
10/26/2001,4198.8
10/27/2001,4198.8
10/28/2001,4198.8
10/29/2001,4198.8
10/30/2001,4198.76
10/31/2001,4198.83
11/1/2001,4198.81
11/2/2001,4198.8
11/3/2001,4198.8
11/4/2001,4198.8
11/5/2001,4198.8
11/6/2001,4198.8
11/7/2001,4198.88
11/8/2001,4198.84
11/9/2001,4198.8
11/10/2001,4198.8
11/11/2001,4198.8
11/12/2001,4198.8
11/13/2001,4198.83
11/14/2001,4198.8
11/15/2001,4198.8
11/16/2001,4198.8
11/17/2001,4198.83
11/18/2001,4198.83
11/19/2001,4198.8
11/20/2001,4198.81
11/21/2001,4198.81
11/22/2001,4198.86
11/23/2001,4198.96
11/24/2001,4198.76
11/25/2001,4199.06
11/26/2001,4198.98
11/27/2001,4198.99
11/28/2001,4198.89
11/29/2001,4198.91
11/30/2001,4198.95
12/1/2001,4198.93
12/2/2001,4198.86
12/3/2001,4198.96
12/4/2001,4199.04
12/5/2001,4198.87
12/6/2001,4199.03
12/7/2001,4199.12
12/8/2001,4199.05
12/9/2001,4199.09
12/10/2001,4199.13
12/11/2001,4199.1
12/12/2001,4199.09
12/13/2001,4199.03
12/14/2001,4199.12
12/15/2001,4199.19
12/16/2001,4199.11
12/17/2001,4199.13
12/18/2001,4199.13
12/19/2001,4199.13
12/20/2001,4199.16
12/21/2001,4199.16
12/22/2001,4199.13
12/23/2001,4199.16
12/24/2001,4199.17
12/25/2001,4199.12
12/26/2001,4199.14
12/27/2001,4199.15
12/28/2001,4199.14
12/29/2001,4199.14
12/30/2001,4199.16
12/31/2001,4199.16
1/1/2002,4199.18
1/2/2002,4199.17
1/3/2002,4199.18
1/4/2002,4199.18
1/5/2002,4199.18
1/6/2002,4199.18
1/7/2002,4199.19
1/8/2002,4199.19
1/9/2002,4199.2
1/10/2002,4199.2
1/11/2002,4199.2
1/12/2002,4199.19
1/13/2002,4199.22
1/14/2002,4199.2
1/15/2002,4199.23
1/16/2002,4199.22
1/17/2002,4199.2
1/18/2002,4199.25
1/19/2002,4199.19
1/20/2002,4199.2
1/21/2002,4199.16
1/22/2002,4199.29
1/23/2002,4199.21
1/24/2002,4199.2
1/25/2002,4199.23
1/26/2002,4199.21
1/27/2002,4199.22
1/28/2002,4199.35
1/29/2002,4199.32
1/30/2002,4199.31
1/31/2002,4199.29
2/1/2002,4199.28
2/2/2002,4199.29
2/3/2002,4199.29
2/4/2002,4199.29
2/5/2002,4199.29
2/6/2002,4199.28
2/7/2002,4199.28
2/8/2002,4199.38
2/9/2002,4199.3
2/10/2002,4199.29
2/11/2002,4199.29
2/12/2002,4199.3
2/13/2002,4199.3
2/14/2002,4199.31
2/15/2002,4199.3
2/16/2002,4199.3
2/17/2002,4199.3
2/18/2002,4199.31
2/19/2002,4199.3
2/20/2002,4199.32
2/21/2002,4199.34
2/22/2002,4199.35
2/23/2002,4199.38
2/24/2002,4199.44
2/25/2002,4199.49
2/26/2002,4199.38
2/27/2002,4199.38
2/28/2002,4199.5
3/1/2002,4199.53
3/2/2002,4199.42
3/3/2002,4199.4
3/4/2002,4199.4
3/5/2002,4199.4
3/6/2002,4199.36
3/7/2002,4199.35
3/8/2002,4199.66
3/9/2002,4199.4
3/10/2002,4199.4
3/11/2002,4199.4
3/12/2002,4199.38
3/13/2002,4199.46
3/14/2002,4199.56
3/15/2002,4199.47
3/16/2002,4199.44
3/17/2002,4199.51
3/18/2002,4199.53
3/19/2002,4199.43
3/20/2002,4199.46
3/21/2002,4199.5
3/22/2002,4199.5
3/23/2002,4199.48
3/24/2002,4199.54
3/25/2002,4199.54
3/26/2002,4199.54
3/27/2002,4199.55
3/28/2002,4199.56
3/29/2002,4199.58
3/30/2002,4199.57
3/31/2002,4199.56
4/1/2002,4199.56
4/2/2002,4199.6
4/3/2002,4199.58
4/4/2002,4199.59
4/5/2002,4199.58
4/6/2002,4199.58
4/7/2002,4199.58
4/8/2002,4199.55
4/9/2002,4199.52
4/10/2002,4199.59
4/11/2002,4199.53
4/12/2002,4199.55
4/13/2002,4199.51
4/14/2002,4199.57
4/15/2002,4199.75
4/16/2002,4199.57
4/17/2002,4199.57
4/18/2002,4199.61
4/19/2002,4199.64
4/20/2002,4199.67
4/21/2002,4199.6
4/22/2002,4199.6
4/23/2002,4199.67
4/24/2002,4199.65
4/25/2002,4199.6
4/26/2002,4199.68
4/27/2002,4199.67
4/28/2002,4199.71
4/29/2002,4199.73
4/30/2002,4199.74
5/1/2002,4199.77
5/2/2002,4199.71
5/3/2002,4199.68
5/4/2002,4199.73
5/5/2002,4199.71
5/6/2002,4199.7
5/7/2002,4199.89
5/8/2002,4199.74
5/9/2002,4199.66
5/10/2002,4199.7
5/11/2002,4199.69
5/12/2002,4199.66
5/13/2002,4199.65
5/14/2002,4199.68
5/15/2002,4199.66
5/16/2002,4199.64
5/17/2002,4199.61
5/18/2002,4199.59
5/19/2002,4199.54
5/20/2002,4199.51
5/21/2002,4199.41
5/22/2002,4199.53
5/23/2002,4199.52
5/24/2002,4199.49
5/25/2002,4199.48
5/26/2002,4199.52
5/27/2002,4199.52
5/28/2002,4199.5
5/29/2002,4199.5
5/30/2002,4199.49
5/31/2002,4199.48
6/1/2002,4199.46
6/2/2002,4199.51
6/3/2002,4199.49
6/4/2002,4199.44
6/5/2002,4199.4
6/6/2002,4199.4
6/7/2002,4199.44
6/8/2002,4199.62
6/9/2002,4199.5
6/10/2002,4199.35
6/11/2002,4199.34
6/12/2002,4199.31
6/13/2002,4199.3
6/14/2002,4199.3
6/15/2002,4199.29
6/16/2002,4199.28
6/17/2002,4199.27
6/18/2002,4199.3
6/19/2002,4199.38
6/20/2002,4199.22
6/21/2002,4199.17
6/22/2002,4199.18
6/23/2002,4199.15
6/24/2002,4199.12
6/25/2002,4199.11
6/26/2002,4199.1
6/27/2002,4199.08
6/28/2002,4199.07
6/29/2002,4199.01
6/30/2002,4199.01
7/1/2002,4199.04
7/2/2002,4199.03
7/3/2002,4198.92
7/4/2002,4198.9
7/5/2002,4198.94
7/6/2002,4198.89
7/7/2002,4198.89
7/8/2002,4198.86
7/9/2002,4198.91
7/10/2002,4198.81
7/11/2002,4198.8
7/12/2002,4198.8
7/13/2002,4198.8
7/14/2002,4198.77
7/15/2002,4198.72
7/16/2002,4198.74
7/17/2002,4198.67
7/18/2002,4198.63
7/19/2002,4198.55
7/20/2002,4198.6
7/21/2002,4198.6
7/22/2002,4198.54
7/23/2002,4198.44
7/24/2002,4198.46
7/25/2002,4198.41
7/26/2002,4198.4
7/27/2002,4198.44
7/28/2002,4198.43
7/29/2002,4198.39
7/30/2002,4198.37
7/31/2002,4198.41
8/1/2002,4198.38
8/2/2002,4198.28
8/3/2002,4198.21
8/4/2002,4198.06
8/5/2002,4198.05
8/6/2002,4198.02
8/7/2002,4198.1
8/8/2002,4198.13
8/9/2002,4198.09
8/10/2002,4198.05
8/11/2002,4198.02
8/12/2002,4198.05
8/13/2002,4198.01
8/14/2002,4198
8/15/2002,4197.99
8/16/2002,4197.97
8/17/2002,4197.96
8/18/2002,4197.94
8/19/2002,4197.93
8/20/2002,4197.86
8/21/2002,4197.91
8/22/2002,4197.88
8/23/2002,4197.87
8/24/2002,4197.84
8/25/2002,4197.8
8/26/2002,4197.82
8/27/2002,4197.82
8/28/2002,4197.76
8/29/2002,4197.73
8/30/2002,4197.71
8/31/2002,4197.7
9/1/2002,4197.7
9/2/2002,4197.7
9/3/2002,4197.66
9/4/2002,4197.6
9/5/2002,4197.57
9/6/2002,4197.5
9/7/2002,4197.59
9/8/2002,4197.62
9/9/2002,4197.6
9/10/2002,4197.6
9/11/2002,4197.58
9/12/2002,4197.59
9/13/2002,4197.59
9/14/2002,4197.6
9/15/2002,4197.58
9/16/2002,4197.62
9/17/2002,4197.68
9/18/2002,4197.66
9/19/2002,4197.57
9/20/2002,4197.5
9/21/2002,4197.58
9/22/2002,4197.59
9/23/2002,4197.55
9/24/2002,4197.56
9/25/2002,4197.5
9/26/2002,4197.58
9/27/2002,4197.5
9/28/2002,4197.5
9/29/2002,4197.5
9/30/2002,4197.5
10/1/2002,4197.5
10/2/2002,4197.5
10/3/2002,4197.6
10/4/2002,4197.6
10/5/2002,4197.6
10/6/2002,4197.7
10/7/2002,4197.7
10/8/2002,4197.38
10/9/2002,4197.36
10/10/2002,4197.33
10/11/2002,4197.39
10/12/2002,4197.34
10/13/2002,4197.3
10/14/2002,4197.3
10/15/2002,4197.29
10/16/2002,4197.28
10/17/2002,4197.3
10/18/2002,4197.3
10/19/2002,4197.4
10/20/2002,4197.4
10/21/2002,4197.4
10/22/2002,4197.4
10/23/2002,4197.34
10/24/2002,4197.33
10/25/2002,4197.34
10/26/2002,4197.34
10/27/2002,4197.3
10/28/2002,4197.3
10/29/2002,4197.3
10/30/2002,4197.33
10/31/2002,4197.39
11/1/2002,4197.31
11/2/2002,4197.3
11/3/2002,4197.2
11/4/2002,4197.2
11/5/2002,4197.22
11/6/2002,4197.24
11/7/2002,4197.2
11/8/2002,4197.28
11/9/2002,4197.34
11/10/2002,4197.3
11/11/2002,4197.3
11/12/2002,4197.29
11/13/2002,4197.31
11/14/2002,4197.36
11/15/2002,4197.35
11/16/2002,4197.32
11/17/2002,4197.34
11/18/2002,4197.34
11/19/2002,4197.32
11/20/2002,4197.31
11/21/2002,4197.32
11/22/2002,4197.34
11/23/2002,4197.34
11/24/2002,4197.37
11/25/2002,4197.53
11/26/2002,4197.38
11/27/2002,4197.34
11/28/2002,4197.33
11/29/2002,4197.23
11/30/2002,4197.22
12/1/2002,4197.24
12/2/2002,4197.24
12/3/2002,4197.23
12/4/2002,4197.24
12/5/2002,4197.26
12/6/2002,4197.27
12/7/2002,4197.29
12/8/2002,4197.26
12/9/2002,4197.25
12/10/2002,4197.26
12/11/2002,4197.24
12/12/2002,4197.23
12/13/2002,4197.24
12/14/2002,4197.26
12/15/2002,4197.3
12/16/2002,4197.3
12/17/2002,4197.3
12/18/2002,4197.3
12/19/2002,4197.26
12/20/2002,4197.28
12/21/2002,4197.28
12/22/2002,4197.34
12/23/2002,4197.4
12/24/2002,4197.33
12/25/2002,4197.31
12/26/2002,4197.29
12/27/2002,4197.33
12/28/2002,4197.31
12/29/2002,4197.28
12/30/2002,4197.3
12/31/2002,4197.33
1/1/2003,4197.37
1/2/2003,4197.35
1/3/2003,4197.44
1/4/2003,4197.42
1/5/2003,4197.51
1/6/2003,4197.51
1/7/2003,4197.48
1/8/2003,4197.47
1/9/2003,4197.4
1/10/2003,4197.42
1/11/2003,4197.48
1/12/2003,4197.49
1/13/2003,4197.5
1/14/2003,4197.5
1/15/2003,4197.53
1/16/2003,4197.52
1/17/2003,4197.53
1/18/2003,4197.53
1/19/2003,4197.52
1/20/2003,4197.55
1/21/2003,4197.54
1/22/2003,4197.56
1/23/2003,4197.53
1/24/2003,4197.56
1/25/2003,4197.56
1/26/2003,4197.55
1/27/2003,4197.55
1/28/2003,4197.6
1/29/2003,4197.6
1/30/2003,4197.6
1/31/2003,4197.56
2/1/2003,4197.47
2/2/2003,4198.02
2/3/2003,4197.68
2/4/2003,4197.61
2/5/2003,4197.62
2/6/2003,4197.64
2/7/2003,4197.59
2/8/2003,4197.58
2/9/2003,4197.58
2/10/2003,4197.56
2/11/2003,4197.58
2/12/2003,4197.59
2/13/2003,4197.6
2/14/2003,4197.6
2/15/2003,4197.61
2/16/2003,4197.58
2/17/2003,4197.61
2/18/2003,4197.62
2/19/2003,4197.64
2/20/2003,4197.65
2/21/2003,4197.64
2/22/2003,4197.87
2/23/2003,4197.67
2/24/2003,4197.7
2/25/2003,4197.68
2/26/2003,4197.65
2/27/2003,4197.62
2/28/2003,4197.68
3/1/2003,4197.68
3/2/2003,4197.67
3/3/2003,4197.67
3/4/2003,4197.73
3/5/2003,4197.65
3/6/2003,4197.62
3/7/2003,4197.64
3/8/2003,4197.63
3/9/2003,4197.64
3/10/2003,4197.65
3/11/2003,4197.66
3/12/2003,4197.77
3/13/2003,4197.74
3/14/2003,4197.69
3/15/2003,4197.65
3/16/2003,4197.73
3/17/2003,4197.97
3/18/2003,4198.08
3/19/2003,4197.87
3/20/2003,4197.79
3/21/2003,4197.78
3/22/2003,4197.76
3/23/2003,4197.77
3/24/2003,4197.76
3/25/2003,4197.74
3/26/2003,4197.81
3/27/2003,4197.89
3/28/2003,4197.82
3/29/2003,4197.8
3/30/2003,4197.7
3/31/2003,4197.7
4/1/2003,4197.61
4/2/2003,4197.6
4/3/2003,4197.6
4/4/2003,4197.7
4/5/2003,4197.6
4/6/2003,4197.6
4/7/2003,4197.7
4/8/2003,4197.6
4/9/2003,4197.7
4/10/2003,4197.6
4/11/2003,4197.7
4/12/2003,4197.7
4/13/2003,4197.7
4/14/2003,4197.7
4/15/2003,4197.76
4/16/2003,4197.69
4/17/2003,4197.7
4/18/2003,4197.7
4/19/2003,4197.77
4/20/2003,4197.72
4/21/2003,4197.65
4/22/2003,4197.58
4/23/2003,4197.65
4/24/2003,4197.64
4/25/2003,4197.65
4/26/2003,4197.76
4/27/2003,4197.73
4/28/2003,4197.68
4/29/2003,4197.78
4/30/2003,4197.68
5/1/2003,4197.66
5/2/2003,4197.64
5/3/2003,4197.58
5/4/2003,4197.6
5/5/2003,4197.71
5/6/2003,4197.6
5/7/2003,4197.64
5/8/2003,4197.62
5/9/2003,4197.65
5/10/2003,4197.67
5/11/2003,4197.66
5/12/2003,4197.67
5/13/2003,4197.74
5/14/2003,4197.67
5/15/2003,4197.66
5/16/2003,4197.69
5/17/2003,4197.66
5/18/2003,4197.78
5/19/2003,4197.73
5/20/2003,4197.6
5/21/2003,4197.6
5/22/2003,4197.6
5/23/2003,4197.6
5/24/2003,4197.55
5/25/2003,4197.54
5/26/2003,4197.59
5/27/2003,4197.6
5/28/2003,4197.56
5/29/2003,4197.56
5/30/2003,4197.53
5/31/2003,4197.59
6/1/2003,4197.6
6/2/2003,4197.53
6/3/2003,4197.52
6/4/2003,4197.5
6/5/2003,4197.53
6/6/2003,4197.4
6/7/2003,4197.46
6/8/2003,4197.37
6/9/2003,4197.33
6/10/2003,4197.28
6/11/2003,4197.31
6/12/2003,4197.28
6/13/2003,4197.24
6/14/2003,4197.24
6/15/2003,4197.24
6/16/2003,4197.25
6/17/2003,4197.19
6/18/2003,4197.15
6/19/2003,4196.98
6/20/2003,4197.05
6/21/2003,4197.13
6/22/2003,4197.09
6/23/2003,4196.93
6/24/2003,4197.04
6/25/2003,4197.03
6/26/2003,4197.01
6/27/2003,4197
6/28/2003,4197
6/29/2003,4197
6/30/2003,4196.97
7/1/2003,4196.91
7/2/2003,4196.95
7/3/2003,4196.96
7/4/2003,4196.91
7/5/2003,4196.89
7/6/2003,4196.89
7/7/2003,4196.87
7/8/2003,4196.86
7/9/2003,4196.81
7/10/2003,4196.77
7/11/2003,4196.77
7/12/2003,4196.77
7/13/2003,4196.78
7/14/2003,4196.75
7/15/2003,4196.7
7/16/2003,4196.65
7/17/2003,4196.66
7/18/2003,4196.65
7/19/2003,4196.61
7/20/2003,4196.6
7/21/2003,4196.6
7/22/2003,4196.6
7/23/2003,4196.59
7/24/2003,4196.55
7/25/2003,4196.55
7/26/2003,4196.54
7/27/2003,4196.57
7/28/2003,4196.53
7/29/2003,4196.48
7/30/2003,4196.44
7/31/2003,4196.36
8/1/2003,4196.35
8/2/2003,4196.34
8/3/2003,4196.36
8/4/2003,4196.34
8/5/2003,4196.31
8/6/2003,4196.23
8/7/2003,4196.2
8/8/2003,4196.14
8/9/2003,4196.15
8/10/2003,4196.14
8/11/2003,4196.14
8/12/2003,4196.07
8/13/2003,4196.06
8/14/2003,4196.08
8/15/2003,4196.01
8/16/2003,4195.95
8/17/2003,4196.02
8/18/2003,4196.04
8/19/2003,4195.98
8/20/2003,4195.94
8/21/2003,4195.94
8/22/2003,4195.89
8/23/2003,4195.93
8/24/2003,4195.88
8/25/2003,4195.87
8/26/2003,4195.88
8/27/2003,4195.93
8/28/2003,4195.86
8/29/2003,4195.93
8/30/2003,4195.81
8/31/2003,4195.78
9/1/2003,4195.75
9/2/2003,4195.75
9/3/2003,4195.79
9/4/2003,4195.78
9/5/2003,4195.77
9/6/2003,4195.75
9/7/2003,4195.65
9/8/2003,4195.71
9/9/2003,4195.71
9/10/2003,4195.76
9/11/2003,4195.63
9/12/2003,4195.7
9/13/2003,4195.68
9/14/2003,4195.57
9/15/2003,4195.54
9/16/2003,4195.57
9/17/2003,4195.72
9/18/2003,4195.56
9/19/2003,4195.54
9/20/2003,4195.5
9/21/2003,4195.52
9/22/2003,4195.5
9/23/2003,4195.5
9/24/2003,4195.51
9/25/2003,4195.49
9/26/2003,4195.5
9/27/2003,4195.5
9/28/2003,4195.49
9/29/2003,4195.49
9/30/2003,4195.48
10/1/2003,4195.43
10/2/2003,4195.45
10/3/2003,4195.44
10/4/2003,4195.41
10/5/2003,4195.41
10/6/2003,4195.41
10/7/2003,4195.4
10/8/2003,4195.38
10/9/2003,4195.38
10/10/2003,4195.52
10/11/2003,4195.36
10/12/2003,4195.39
10/13/2003,4195.35
10/14/2003,4195.29
10/15/2003,4195.3
10/16/2003,4195.26
10/17/2003,4195.28
10/18/2003,4195.28
10/19/2003,4195.28
10/20/2003,4195.27
10/21/2003,4195.28
10/22/2003,4195.28
10/23/2003,4195.28
10/24/2003,4195.26
10/25/2003,4195.28
10/26/2003,4195.21
10/27/2003,4195.2
10/28/2003,4195.18
10/29/2003,4195.25
10/30/2003,4195.29
10/31/2003,4195.19
11/1/2003,4195.19
11/2/2003,4195.19
11/3/2003,4195.19
11/4/2003,4195.18
11/5/2003,4195.16
11/6/2003,4195.07
11/7/2003,4195.04
11/8/2003,4195.05
11/9/2003,4195.03
11/10/2003,4195.03
11/11/2003,4195.04
11/12/2003,4195.06
11/13/2003,4195.04
11/14/2003,4195.08
11/15/2003,4195.05
11/16/2003,4195.07
11/17/2003,4195.22
11/18/2003,4195.05
11/19/2003,4195.06
11/20/2003,4195.12
11/21/2003,4195.1
11/22/2003,4195.28
11/23/2003,4195.05
11/24/2003,4195.05
11/25/2003,4195.03
11/26/2003,4195.08
11/27/2003,4195.07
11/28/2003,4195.01
11/29/2003,4195.05
11/30/2003,4195.05
12/1/2003,4195.08
12/2/2003,4195.06
12/3/2003,4195.06
12/4/2003,4195.05
12/5/2003,4195.07
12/6/2003,4195.08
12/7/2003,4195.06
12/8/2003,4195.16
12/9/2003,4195.08
12/10/2003,4195.2
12/11/2003,4195.2
12/12/2003,4195.2
12/13/2003,4195.2
12/14/2003,4195.16
12/15/2003,4195.28
12/16/2003,4195.09
12/17/2003,4195.1
12/18/2003,4195.1
12/19/2003,4195.1
12/20/2003,4195.1
12/21/2003,4195.12
12/22/2003,4195.12
12/23/2003,4195.13
12/24/2003,4195.15
12/25/2003,4195.2
12/26/2003,4195.41
12/27/2003,4195.4
12/28/2003,4195.26
12/29/2003,4195.2
12/30/2003,4195.29
12/31/2003,4195.31
1/1/2004,4195.16
1/2/2004,4195.32
1/3/2004,4195.36
1/4/2004,4195.3
1/5/2004,4195.35
1/6/2004,4195.3
1/7/2004,4195.4
1/8/2004,4195.4
1/9/2004,4195.4
1/10/2004,4195.4
1/11/2004,4195.4
1/12/2004,4195.4
1/13/2004,4195.4
1/14/2004,4195.4
1/15/2004,4195.4
1/16/2004,4195.4
1/17/2004,4195.4
1/18/2004,4195.4
1/19/2004,4195.4
1/20/2004,4195.4
1/21/2004,4195.4
1/22/2004,4195.4
1/23/2004,4195.4
1/24/2004,4195.4
1/25/2004,4195.4
1/26/2004,4195.4
1/27/2004,4195.4
1/28/2004,4195.4
1/29/2004,4195.4
1/30/2004,4195.5
1/31/2004,4195.5
2/1/2004,4195.5
2/2/2004,4195.5
2/3/2004,4195.5
2/4/2004,4195.5
2/5/2004,4195.5
2/6/2004,4195.5
2/7/2004,4195.53
2/8/2004,4195.56
2/9/2004,4195.55
2/10/2004,4195.53
2/11/2004,4195.56
2/12/2004,4195.53
2/13/2004,4195.52
2/14/2004,4195.54
2/15/2004,4195.54
2/16/2004,4195.54
2/17/2004,4195.56
2/18/2004,4195.56
2/19/2004,4195.59
2/20/2004,4195.59
2/21/2004,4195.6
2/22/2004,4195.6
2/23/2004,4195.6
2/24/2004,4195.6
2/25/2004,4195.61
2/26/2004,4195.61
2/27/2004,4195.72
2/28/2004,4195.8
2/29/2004,4195.84
3/1/2004,4195.83
3/2/2004,4195.87
3/3/2004,4195.88
3/4/2004,4195.91
3/5/2004,4195.95
3/6/2004,4195.98
3/7/2004,4196
3/8/2004,4196.03
3/9/2004,4196.08
3/10/2004,4196.12
3/11/2004,4196.16
3/12/2004,4196.15
3/13/2004,4196.18
3/14/2004,4196.19
3/15/2004,4196.22
3/16/2004,4196.23
3/17/2004,4196.16
3/18/2004,4196.12
3/19/2004,4196.15
3/20/2004,4196.19
3/21/2004,4196.2
3/22/2004,4196.2
3/23/2004,4196.22
3/24/2004,4196.2
3/25/2004,4196.21
3/26/2004,4196.24
3/27/2004,4196.23
3/28/2004,4196.32
3/29/2004,4196.26
3/30/2004,4196.24
3/31/2004,4196.17
4/1/2004,4196.25
4/2/2004,4196.31
4/3/2004,4196.19
4/4/2004,4196.26
4/5/2004,4196.26
4/6/2004,4196.26
4/7/2004,4196.29
4/8/2004,4196.26
4/9/2004,4196.38
4/10/2004,4196.3
4/11/2004,4196.24
4/12/2004,4196.24
4/13/2004,4196.23
4/14/2004,4196.22
4/15/2004,4196.21
4/16/2004,4196.26
4/17/2004,4196.23
4/18/2004,4196.24
4/19/2004,4196.21
4/20/2004,4196.21
4/21/2004,4196.23
4/22/2004,4196.35
4/23/2004,4196.3
4/24/2004,4196.24
4/25/2004,4196.25
4/26/2004,4196.22
4/27/2004,4196.2
4/28/2004,4196.18
4/29/2004,4196.29
4/30/2004,4196.25
5/1/2004,4196.18
5/2/2004,4196.18
5/3/2004,4196.17
5/4/2004,4196.16
5/5/2004,4196.14
5/6/2004,4196.08
5/7/2004,4196.11
5/8/2004,4196.09
5/9/2004,4196.14
5/10/2004,4196.01
5/11/2004,4196.07
5/12/2004,4196.07
5/13/2004,4196.07
5/14/2004,4196.02
5/15/2004,4196.04
5/16/2004,4196.04
5/17/2004,4196.03
5/18/2004,4195.98
5/19/2004,4196.02
5/20/2004,4195.98
5/21/2004,4195.97
5/22/2004,4195.95
5/23/2004,4196.03
5/24/2004,4195.92
5/25/2004,4195.89
5/26/2004,4195.87
5/27/2004,4195.86
5/28/2004,4195.93
5/29/2004,4196
5/30/2004,4195.98
5/31/2004,4195.91
6/1/2004,4195.91
6/2/2004,4195.91
6/3/2004,4195.84
6/4/2004,4195.82
6/5/2004,4195.82
6/6/2004,4195.9
6/7/2004,4195.93
6/8/2004,4195.83
6/9/2004,4195.76
6/10/2004,4195.72
6/11/2004,4195.64
6/12/2004,4195.73
6/13/2004,4195.74
6/14/2004,4195.8
6/15/2004,4195.8
6/16/2004,4195.85
6/17/2004,4195.74
6/18/2004,4195.68
6/19/2004,4195.69
6/20/2004,4195.73
6/21/2004,4195.72
6/22/2004,4195.63
6/23/2004,4195.61
6/24/2004,4195.61
6/25/2004,4195.61
6/26/2004,4195.52
6/27/2004,4195.51
6/28/2004,4195.46
6/29/2004,4195.44
6/30/2004,4195.42
7/1/2004,4195.43
7/2/2004,4195.48
7/3/2004,4195.44
7/4/2004,4195.43
7/5/2004,4195.41
7/6/2004,4195.38
7/7/2004,4195.34
7/8/2004,4195.38
7/9/2004,4195.33
7/10/2004,4195.3
7/11/2004,4195.28
7/12/2004,4195.28
7/13/2004,4195.22
7/14/2004,4195.21
7/15/2004,4195.22
7/16/2004,4195.2
7/17/2004,4195.15
7/18/2004,4195.18
7/19/2004,4195.21
7/20/2004,4195.19
7/21/2004,4195.16
7/22/2004,4195.19
7/23/2004,4195.1
7/24/2004,4195.09
7/25/2004,4195.1
7/26/2004,4195.06
7/27/2004,4195.07
7/28/2004,4195
7/29/2004,4194.98
7/30/2004,4194.99
7/31/2004,4194.95
8/1/2004,4194.91
8/2/2004,4194.87
8/3/2004,4194.83
8/4/2004,4194.82
8/5/2004,4194.78
8/6/2004,4194.76
8/7/2004,4194.83
8/8/2004,4194.81
8/9/2004,4194.77
8/10/2004,4194.77
8/11/2004,4194.75
8/12/2004,4194.72
8/13/2004,4194.69
8/14/2004,4194.7
8/15/2004,4194.67
8/16/2004,4194.64
8/17/2004,4194.61
8/18/2004,4194.6
8/19/2004,4194.61
8/20/2004,4194.59
8/21/2004,4194.58
8/22/2004,4194.54
8/23/2004,4194.54
8/24/2004,4194.5
8/25/2004,4194.5
8/26/2004,4194.4
8/27/2004,4194.48
8/28/2004,4194.42
8/29/2004,4194.41
8/30/2004,4194.4
8/31/2004,4194.4
9/1/2004,4194.38
9/2/2004,4194.47
9/3/2004,4194.6
9/4/2004,4194.5
9/5/2004,4194.4
9/6/2004,4194.4
9/7/2004,4194.4
9/8/2004,4194.4
9/9/2004,4194.4
9/10/2004,4194.38
9/11/2004,4194.38
9/12/2004,4194.36
9/13/2004,4194.44
9/14/2004,4194.45
9/15/2004,4194.31
9/16/2004,4194.29
9/17/2004,4194.26
9/18/2004,4194.06
9/19/2004,4194.33
9/20/2004,4194.27
9/21/2004,4194.26
9/22/2004,4194.17
9/23/2004,4194.12
9/24/2004,4194.15
9/25/2004,4194.15
9/26/2004,4194.14
9/27/2004,4194.11
9/28/2004,4194.1
9/29/2004,4194.12
9/30/2004,4194.15
10/1/2004,4194.12
10/2/2004,4194.1
10/3/2004,4194.1
10/4/2004,4194.1
10/5/2004,4194.1
10/6/2004,4194.1
10/7/2004,4194.1
10/8/2004,4194
10/9/2004,4194
10/10/2004,4194.2
10/11/2004,4194
10/12/2004,4194
10/13/2004,4194
10/14/2004,4194
10/15/2004,4194
10/16/2004,4194
10/17/2004,4194
10/18/2004,4194
10/19/2004,4194
10/20/2004,4194
10/21/2004,4194
10/22/2004,4194
10/23/2004,4194.1
10/24/2004,4194.1
10/25/2004,4194.1
10/26/2004,4194.1
10/27/2004,4194.1
10/28/2004,4194.08
10/29/2004,4194.09
10/30/2004,4194.11
10/31/2004,4194.27
11/1/2004,4194.22
11/2/2004,4194.17
11/3/2004,4194.18
11/4/2004,4194.19
11/5/2004,4194.2
11/6/2004,4194.2
11/7/2004,4194.2
11/8/2004,4194.23
11/9/2004,4194.22
11/10/2004,4194.22
11/11/2004,4194.24
11/12/2004,4194.29
11/13/2004,4194.3
11/14/2004,4194.3
11/15/2004,4194.3
11/16/2004,4194.31
11/17/2004,4194.31
11/18/2004,4194.31
11/19/2004,4194.36
11/20/2004,4194.36
11/21/2004,4194.37
11/22/2004,4194.34
11/23/2004,4194.34
11/24/2004,4194.3
11/25/2004,4194.32
11/26/2004,4194.43
11/27/2004,4194.41
11/28/2004,4194.69
11/29/2004,4194.47
11/30/2004,4194.32
12/1/2004,4194.33
12/2/2004,4194.33
12/3/2004,4194.31
12/4/2004,4194.31
12/5/2004,4194.32
12/6/2004,4194.33
12/7/2004,4194.27
12/8/2004,4194.29
12/9/2004,4194.35
12/10/2004,4194.36
12/11/2004,4194.38
12/12/2004,4194.39
12/13/2004,4194.4
12/14/2004,4194.4
12/15/2004,4194.4
12/16/2004,4194.41
12/17/2004,4194.41
12/18/2004,4194.42
12/19/2004,4194.45
12/20/2004,4194.49
12/21/2004,4194.5
12/22/2004,4194.5
12/23/2004,4194.63
12/24/2004,4194.5
12/25/2004,4194.5
12/26/2004,4194.51
12/27/2004,4194.54
12/28/2004,4194.52
12/29/2004,4194.43
12/30/2004,4194.41
12/31/2004,4194.4
1/1/2005,4194.49
1/2/2005,4194.56
1/3/2005,4194.57
1/4/2005,4194.58
1/5/2005,4194.5
1/6/2005,4194.5
1/7/2005,4194.5
1/8/2005,4194.5
1/9/2005,4194.6
1/10/2005,4194.6
1/11/2005,4194.7
1/12/2005,4194.7
1/13/2005,4194.8
1/14/2005,4194.8
1/15/2005,4194.8
1/16/2005,4194.8
1/17/2005,4194.9
1/18/2005,4194.9
1/19/2005,4194.9
1/20/2005,4194.9
1/21/2005,4195
1/22/2005,4195
1/23/2005,4195
1/24/2005,4195.1
1/25/2005,4195.08
1/26/2005,4195.02
1/27/2005,4195.07
1/28/2005,4195.1
1/29/2005,4195.18
1/30/2005,4195.37
1/31/2005,4195.3
2/1/2005,4195.28
2/2/2005,4195.25
2/3/2005,4195.2
2/4/2005,4195.19
2/5/2005,4195.21
2/6/2005,4195.22
2/7/2005,4195.29
2/8/2005,4195.3
2/9/2005,4195.24
2/10/2005,4195.26
2/11/2005,4195.23
2/12/2005,4195.3
2/13/2005,4195.31
2/14/2005,4195.39
2/15/2005,4195.45
2/16/2005,4195.41
2/17/2005,4195.4
2/18/2005,4195.4
2/19/2005,4195.39
2/20/2005,4195.4
2/21/2005,4195.41
2/22/2005,4195.45
2/23/2005,4195.52
2/24/2005,4195.51
2/25/2005,4195.5
2/26/2005,4195.5
2/27/2005,4195.5
2/28/2005,4195.5
3/1/2005,4195.52
3/2/2005,4195.51
3/3/2005,4195.54
3/4/2005,4195.55
3/5/2005,4195.58
3/6/2005,4195.56
3/7/2005,4195.51
3/8/2005,4195.51
3/9/2005,4195.5
3/10/2005,4195.54
3/11/2005,4195.56
3/12/2005,4195.55
3/13/2005,4195.76
3/14/2005,4195.67
3/15/2005,4195.51
3/16/2005,4195.49
3/17/2005,4195.57
3/18/2005,4195.44
3/19/2005,4195.46
3/20/2005,4195.49
3/21/2005,4195.53
3/22/2005,4195.47
3/23/2005,4195.5
3/24/2005,4195.59
3/25/2005,4195.83
3/26/2005,4195.78
3/27/2005,4195.65
3/28/2005,4195.7
3/29/2005,4195.75
3/30/2005,4195.94
3/31/2005,4195.81
4/1/2005,4195.77
4/2/2005,4195.8
4/3/2005,4195.78
4/4/2005,4195.86
4/5/2005,4195.89
4/6/2005,4195.84
4/7/2005,4195.84
4/8/2005,4195.89
4/9/2005,4196.02
4/10/2005,4196.15
4/11/2005,4195.92
4/12/2005,4195.87
4/13/2005,4195.8
4/14/2005,4195.98
4/15/2005,4195.92
4/16/2005,4195.9
4/17/2005,4195.91
4/18/2005,4196.02
4/19/2005,4195.99
4/20/2005,4195.91
4/21/2005,4195.98
4/22/2005,4196.01
4/23/2005,4196.02
4/24/2005,4196.03
4/25/2005,4196.08
4/26/2005,4196.08
4/27/2005,4196.06
4/28/2005,4196.14
4/29/2005,4196.15
4/30/2005,4196.16
5/1/2005,4196.22
5/2/2005,4196.21
5/3/2005,4196.22
5/4/2005,4196.24
5/5/2005,4196.24
5/6/2005,4196.21
5/7/2005,4196.23
5/8/2005,4196.32
5/9/2005,4196.33
5/10/2005,4196.51
5/11/2005,4196.58
5/12/2005,4196.69
5/13/2005,4196.75
5/14/2005,4196.8
5/15/2005,4196.81
5/16/2005,4196.91
5/17/2005,4196.96
5/18/2005,4196.95
5/19/2005,4197
5/20/2005,4197.05
5/21/2005,4197.24
5/22/2005,4197.16
5/23/2005,4197.2
5/24/2005,4197.31
5/25/2005,4197.37
5/26/2005,4197.31
5/27/2005,4197.31
5/28/2005,4197.28
5/29/2005,4197.24
5/30/2005,4197.4
5/31/2005,4197.27
6/1/2005,4197.34
6/2/2005,4197.38
6/3/2005,4197.4
6/4/2005,4197.3
6/5/2005,4197.22
6/6/2005,4197.37
6/7/2005,4197.41
6/8/2005,4197.35
6/9/2005,4197.38
6/10/2005,4197.4
6/11/2005,4197.36
6/12/2005,4197.38
6/13/2005,4197.4
6/14/2005,4197.38
6/15/2005,4197.39
6/16/2005,4197.35
6/17/2005,4197.28
6/18/2005,4197.45
6/19/2005,4197.35
6/20/2005,4197.32
6/21/2005,4197.33
6/22/2005,4197.27
6/23/2005,4197.3
6/24/2005,4197.32
6/25/2005,4197.22
6/26/2005,4197.27
6/27/2005,4197.32
6/28/2005,4197.36
6/29/2005,4197.32
6/30/2005,4197.29
7/1/2005,4197.3
7/2/2005,4197.28
7/3/2005,4197.33
7/4/2005,4197.27
7/5/2005,4197.24
7/6/2005,4197.21
7/7/2005,4197.2
7/8/2005,4197.16
7/9/2005,4197.14
7/10/2005,4197.15
7/11/2005,4197.16
7/12/2005,4197.1
7/13/2005,4197.09
7/14/2005,4197.1
7/15/2005,4197.07
7/16/2005,4197.02
7/17/2005,4197.06
7/18/2005,4196.98
7/19/2005,4196.93
7/20/2005,4196.92
7/21/2005,4196.92
7/22/2005,4196.88
7/23/2005,4196.87
7/24/2005,4196.82
7/25/2005,4196.82
7/26/2005,4196.84
7/27/2005,4196.76
7/28/2005,4196.72
7/29/2005,4196.7
7/30/2005,4196.72
7/31/2005,4196.67
8/1/2005,4196.6
8/2/2005,4196.63
8/3/2005,4196.57
8/4/2005,4196.59
8/5/2005,4196.58
8/6/2005,4196.56
8/7/2005,4196.56
8/8/2005,4196.53
8/9/2005,4196.51
8/10/2005,4196.46
8/11/2005,4196.47
8/12/2005,4196.46
8/13/2005,4196.45
8/14/2005,4196.39
8/15/2005,4196.34
8/16/2005,4196.29
8/17/2005,4196.28
8/18/2005,4196.32
8/19/2005,4196.28
8/20/2005,4196.25
8/21/2005,4196.24
8/22/2005,4196.22
8/23/2005,4196.17
8/24/2005,4196.15
8/25/2005,4196.17
8/26/2005,4196.13
8/27/2005,4196.1
8/28/2005,4196.1
8/29/2005,4196.07
8/30/2005,4196.12
8/31/2005,4196.03
9/1/2005,4196.01
9/2/2005,4195.99
9/3/2005,4195.9
9/4/2005,4195.88
9/5/2005,4195.94
9/6/2005,4195.92
9/7/2005,4195.91
9/8/2005,4195.9
9/9/2005,4195.78
9/10/2005,4195.92
9/11/2005,4195.88
9/12/2005,4195.84
9/13/2005,4195.77
9/14/2005,4195.78
9/15/2005,4195.74
9/16/2005,4195.71
9/17/2005,4195.72
9/18/2005,4195.73
9/19/2005,4195.67
9/20/2005,4195.67
9/21/2005,4195.65
9/22/2005,4195.65
9/23/2005,4195.64
9/24/2005,4195.78
9/25/2005,4195.67
9/26/2005,4195.6
9/27/2005,4195.6
9/28/2005,4195.63
9/29/2005,4195.59
9/30/2005,4195.58
10/1/2005,4195.57
10/2/2005,4195.6
10/3/2005,4195.66
10/4/2005,4195.67
10/5/2005,4195.52
10/6/2005,4195.52
10/7/2005,4195.5
10/8/2005,4195.57
10/9/2005,4195.6
10/10/2005,4195.59
10/11/2005,4195.48
10/12/2005,4195.49
10/13/2005,4195.46
10/14/2005,4195.46
10/15/2005,4195.43
10/16/2005,4195.44
10/17/2005,4195.46
10/18/2005,4195.47
10/19/2005,4195.42
10/20/2005,4195.47
10/21/2005,4195.47
10/22/2005,4195.46
10/23/2005,4195.46
10/24/2005,4195.47
10/25/2005,4195.46
10/26/2005,4195.46
10/27/2005,4195.46
10/28/2005,4195.46
10/29/2005,4195.44
10/30/2005,4195.5
10/31/2005,4195.48
11/1/2005,4195.48
11/2/2005,4195.45
11/3/2005,4195.49
11/4/2005,4195.5
11/5/2005,4195.51
11/6/2005,4195.42
11/7/2005,4195.44
11/8/2005,4195.48
11/9/2005,4195.49
11/10/2005,4195.48
11/11/2005,4195.46
11/12/2005,4195.53
11/13/2005,4195.47
11/14/2005,4195.71
11/15/2005,4195.52
11/16/2005,4195.44
11/17/2005,4195.45
11/18/2005,4195.46
11/19/2005,4195.48
11/20/2005,4195.48
11/21/2005,4195.48
11/22/2005,4195.49
11/23/2005,4195.49
11/24/2005,4195.5
11/25/2005,4195.5
11/26/2005,4195.69
11/27/2005,4195.56
11/28/2005,4195.5
11/29/2005,4195.49
11/30/2005,4195.56
12/1/2005,4195.5
12/2/2005,4195.48
12/3/2005,4195.58
12/4/2005,4195.65
12/5/2005,4195.49
12/6/2005,4195.61
12/7/2005,4195.54
12/8/2005,4195.49
12/9/2005,4195.45
12/10/2005,4195.44
12/11/2005,4195.5
12/12/2005,4195.5
12/13/2005,4195.51
12/14/2005,4195.51
12/15/2005,4195.5
12/16/2005,4195.53
12/17/2005,4195.44
12/18/2005,4195.52
12/19/2005,4195.54
12/20/2005,4195.55
12/21/2005,4195.56
12/22/2005,4195.57
12/23/2005,4195.57
12/24/2005,4195.58
12/25/2005,4195.6
12/26/2005,4195.63
12/27/2005,4195.64
12/28/2005,4195.64
12/29/2005,4195.74
12/30/2005,4195.69
12/31/2005,4195.66
1/1/2006,4195.78
1/2/2006,4195.76
1/3/2006,4195.77
1/4/2006,4195.88
1/5/2006,4195.89
1/6/2006,4195.9
1/7/2006,4195.94
1/8/2006,4196
1/9/2006,4195.98
1/10/2006,4196
1/11/2006,4196.03
1/12/2006,4196.08
1/13/2006,4196.08
1/14/2006,4196.07
1/15/2006,4196.17
1/16/2006,4196.13
1/17/2006,4196.08
1/18/2006,4196.13
1/19/2006,4196.23
1/20/2006,4196.14
1/21/2006,4196.13
1/22/2006,4196.19
1/23/2006,4196.18
1/24/2006,4196.18
1/25/2006,4196.2
1/26/2006,4196.19
1/27/2006,4196.19
1/28/2006,4196.21
1/29/2006,4196.22
1/30/2006,4196.21
1/31/2006,4196.3
2/1/2006,4196.28
2/2/2006,4196.31
2/3/2006,4196.33
2/4/2006,4196.42
2/5/2006,4196.44
2/6/2006,4196.37
2/7/2006,4196.4
2/8/2006,4196.4
2/9/2006,4196.4
2/10/2006,4196.58
2/11/2006,4196.47
2/12/2006,4196.41
2/13/2006,4196.41
2/14/2006,4196.46
2/15/2006,4196.59
2/16/2006,4196.51
2/17/2006,4196.49
2/18/2006,4196.5
2/19/2006,4196.5
2/20/2006,4196.48
2/21/2006,4196.43
2/22/2006,4196.47
2/23/2006,4196.46
2/24/2006,4196.49
2/25/2006,4196.5
2/26/2006,4196.51
2/27/2006,4196.52
2/28/2006,4196.44
3/1/2006,4196.58
3/2/2006,4196.59
3/3/2006,4196.57
3/4/2006,4196.59
3/5/2006,4196.6
3/6/2006,4196.58
3/7/2006,4196.66
3/8/2006,4196.77
3/9/2006,4196.68
3/10/2006,4196.7
3/11/2006,4196.64
3/12/2006,4196.71
3/13/2006,4196.69
3/14/2006,4196.64
3/15/2006,4196.79
3/16/2006,4196.72
3/17/2006,4196.78
3/18/2006,4196.8
3/19/2006,4196.9
3/20/2006,4196.82
3/21/2006,4196.85
3/22/2006,4196.91
3/23/2006,4196.9
3/24/2006,4196.91
3/25/2006,4196.85
3/26/2006,4197.07
3/27/2006,4196.94
3/28/2006,4196.91
3/29/2006,4196.95
3/30/2006,4197.04
3/31/2006,4197.04
4/1/2006,4197.07
4/2/2006,4197.04
4/3/2006,4197.08
4/4/2006,4197.05
4/5/2006,4196.92
4/6/2006,4197.21
4/7/2006,4197.21
4/8/2006,4197.27
4/9/2006,4197.33
4/10/2006,4197.38
4/11/2006,4197.36
4/12/2006,4197.4
4/13/2006,4197.4
4/14/2006,4197.45
4/15/2006,4197.51
4/16/2006,4197.43
4/17/2006,4197.77
4/18/2006,4197.69
4/19/2006,4197.63
4/20/2006,4197.65
4/21/2006,4197.7
4/22/2006,4197.75
4/23/2006,4197.8
4/24/2006,4197.75
4/25/2006,4197.81
4/26/2006,4197.84
4/27/2006,4197.9
4/28/2006,4198.04
4/29/2006,4197.94
4/30/2006,4197.93
5/1/2006,4197.96
5/2/2006,4198.02
5/3/2006,4198.02
5/4/2006,4197.96
5/5/2006,4198.01
5/6/2006,4198
5/7/2006,4198.02
5/8/2006,4198.12
5/9/2006,4198.15
5/10/2006,4198.09
5/11/2006,4198.11
5/12/2006,4198.1
5/13/2006,4198.14
5/14/2006,4198.14
5/15/2006,4198.13
5/16/2006,4198.12
5/17/2006,4198.1
5/18/2006,4198.12
5/19/2006,4198.15
5/20/2006,4198.06
5/21/2006,4198.05
5/22/2006,4198
5/23/2006,4197.99
5/24/2006,4197.99
5/25/2006,4198.02
5/26/2006,4198.1
5/27/2006,4198.3
5/28/2006,4198.04
5/29/2006,4197.98
5/30/2006,4198.04
5/31/2006,4198.03
6/1/2006,4198.02
6/2/2006,4198.02
6/3/2006,4198.06
6/4/2006,4198.03
6/5/2006,4198.09
6/6/2006,4198.03
6/7/2006,4197.98
6/8/2006,4197.94
6/9/2006,4197.91
6/10/2006,4198
6/11/2006,4198
6/12/2006,4197.99
6/13/2006,4197.95
6/14/2006,4198.08
6/15/2006,4198.01
6/16/2006,4198.02
6/17/2006,4197.93
6/18/2006,4197.97
6/19/2006,4197.95
6/20/2006,4198.02
6/21/2006,4197.92
6/22/2006,4197.92
6/23/2006,4197.84
6/24/2006,4197.84
6/25/2006,4197.83
6/26/2006,4197.82
6/27/2006,4197.82
6/28/2006,4197.8
6/29/2006,4197.8
6/30/2006,4197.82
7/1/2006,4197.76
7/2/2006,4197.72
7/3/2006,4197.71
7/4/2006,4197.63
7/5/2006,4197.66
7/6/2006,4197.64
7/7/2006,4197.59
7/8/2006,4197.62
7/9/2006,4197.59
7/10/2006,4197.52
7/11/2006,4197.45
7/12/2006,4197.42
7/13/2006,4197.48
7/14/2006,4197.44
7/15/2006,4197.41
7/16/2006,4197.41
7/17/2006,4197.4
7/18/2006,4197.34
7/19/2006,4197.3
7/20/2006,4197.34
7/21/2006,4197.32
7/22/2006,4197.31
7/23/2006,4197.3
7/24/2006,4197.32
7/25/2006,4197.26
7/26/2006,4197.23
7/27/2006,4197.23
7/28/2006,4197.19
7/29/2006,4197.16
7/30/2006,4197.12
7/31/2006,4197.12
8/1/2006,4197.11
8/2/2006,4197.09
8/3/2006,4197.03
8/4/2006,4197.04
8/5/2006,4197.03
8/6/2006,4196.99
8/7/2006,4196.89
8/8/2006,4196.89
8/9/2006,4196.95
8/10/2006,4196.88
8/11/2006,4196.89
8/12/2006,4196.84
8/13/2006,4196.92
8/14/2006,4196.81
8/15/2006,4196.77
8/16/2006,4196.72
8/17/2006,4196.77
8/18/2006,4196.81
8/19/2006,4196.73
8/20/2006,4196.71
8/21/2006,4196.68
8/22/2006,4196.65
8/23/2006,4196.63
8/24/2006,4196.68
8/25/2006,4196.65
8/26/2006,4196.71
8/27/2006,4196.6
8/28/2006,4196.6
8/29/2006,4196.57
8/30/2006,4196.54
8/31/2006,4196.66
9/1/2006,4196.52
9/2/2006,4196.49
9/3/2006,4196.46
9/4/2006,4196.43
9/5/2006,4196.43
9/6/2006,4196.44
9/7/2006,4196.43
9/8/2006,4196.4
9/9/2006,4196.33
9/10/2006,4196.34
9/11/2006,4196.36
9/12/2006,4196.36
9/13/2006,4196.32
9/14/2006,4196.27
9/15/2006,4196.38
9/16/2006,4196.48
9/17/2006,4196.41
9/18/2006,4196.37
9/19/2006,4196.38
9/20/2006,4196.52
9/21/2006,4196.38
9/22/2006,4196.61
9/23/2006,4196.44
9/24/2006,4196.4
9/25/2006,4196.4
9/26/2006,4196.4
9/27/2006,4196.39
9/28/2006,4196.38
9/29/2006,4196.37
9/30/2006,4196.37
10/1/2006,4196.36
10/2/2006,4196.4
10/3/2006,4196.38
10/4/2006,4196.28
10/5/2006,4196.27
10/6/2006,4196.33
10/7/2006,4196.36
10/8/2006,4196.44
10/9/2006,4196.49
10/10/2006,4196.46
10/11/2006,4196.42
10/12/2006,4196.41
10/13/2006,4196.42
10/14/2006,4196.43
10/15/2006,4196.44
10/16/2006,4196.5
10/17/2006,4196.63
10/18/2006,4196.54
10/19/2006,4196.4
10/20/2006,4196.54
10/21/2006,4196.5
10/22/2006,4196.42
10/23/2006,4196.42
10/24/2006,4196.42
10/25/2006,4196.6
10/26/2006,4196.49
10/27/2006,4196.42
10/28/2006,4196.42
10/29/2006,4196.41
10/30/2006,4196.48
10/31/2006,4196.45
11/1/2006,4196.42
11/2/2006,4196.4
11/3/2006,4196.41
11/4/2006,4196.42
11/5/2006,4196.41
11/6/2006,4196.41
11/7/2006,4196.4
11/8/2006,4196.44
11/9/2006,4196.5
11/10/2006,4196.5
11/11/2006,4196.46
11/12/2006,4196.5
11/13/2006,4196.38
11/14/2006,4196.62
11/15/2006,4196.48
11/16/2006,4196.5
11/17/2006,4196.5
11/18/2006,4196.51
11/19/2006,4196.53
11/20/2006,4196.54
11/21/2006,4196.55
11/22/2006,4196.54
11/23/2006,4196.57
11/24/2006,4196.56
11/25/2006,4196.57
11/26/2006,4196.59
11/27/2006,4196.5
11/28/2006,4196.63
11/29/2006,4196.67
11/30/2006,4196.53
12/1/2006,4196.56
12/2/2006,4196.59
12/3/2006,4196.55
12/4/2006,4196.57
12/5/2006,4196.56
12/6/2006,4196.58
12/7/2006,4196.59
12/8/2006,4196.6
12/9/2006,4196.6
12/10/2006,4196.61
12/11/2006,4196.62
12/12/2006,4196.62
12/13/2006,4196.65
12/14/2006,4196.65
12/15/2006,4196.73
12/16/2006,4196.73
12/17/2006,4196.7
12/18/2006,4196.75
12/19/2006,4196.73
12/20/2006,4196.7
12/21/2006,4196.71
12/22/2006,4196.72
12/23/2006,4196.72
12/24/2006,4196.72
12/25/2006,4196.72
12/26/2006,4196.72
12/27/2006,4196.76
12/28/2006,4196.95
12/29/2006,4196.89
12/30/2006,4196.8
12/31/2006,4196.8
1/1/2007,4196.81
1/2/2007,4196.79
1/3/2007,4196.79
1/4/2007,4196.8
1/5/2007,4196.96
1/6/2007,4196.83
1/7/2007,4196.88
1/8/2007,4196.84
1/9/2007,4196.82
1/10/2007,4196.85
1/11/2007,4196.92
1/12/2007,4197.02
1/13/2007,4196.87
1/14/2007,4196.84
1/15/2007,4196.81
1/16/2007,4196.81
1/17/2007,4196.83
1/18/2007,4196.81
1/19/2007,4196.82
1/20/2007,4196.83
1/21/2007,4196.87
1/22/2007,4196.84
1/23/2007,4196.8
1/24/2007,4196.8
1/25/2007,4196.8
1/26/2007,4196.82
1/27/2007,4196.84
1/28/2007,4196.82
1/29/2007,4196.81
1/30/2007,4196.81
1/31/2007,4196.86
2/1/2007,4196.82
2/2/2007,4196.84
2/3/2007,4196.82
2/4/2007,4196.82
2/5/2007,4196.81
2/6/2007,4196.82
2/7/2007,4196.84
2/8/2007,4196.86
2/9/2007,4196.86
2/10/2007,4196.86
2/11/2007,4196.88
2/12/2007,4196.92
2/13/2007,4196.95
2/14/2007,4196.99
2/15/2007,4196.97
2/16/2007,4197
2/17/2007,4197
2/18/2007,4197.03
2/19/2007,4197.14
2/20/2007,4197.08
2/21/2007,4197.1
2/22/2007,4197.08
2/23/2007,4197.19
2/24/2007,4197.2
2/25/2007,4197.14
2/26/2007,4197.18
2/27/2007,4197.23
2/28/2007,4197.22
3/1/2007,4197.24
3/2/2007,4197.33
3/3/2007,4197.24
3/4/2007,4197.26
3/5/2007,4197.28
3/6/2007,4197.3
3/7/2007,4197.31
3/8/2007,4197.32
3/9/2007,4197.32
3/10/2007,4197.37
3/11/2007,4197.37
3/12/2007,4197.4
3/13/2007,4197.39
3/14/2007,4197.41
3/15/2007,4197.42
3/16/2007,4197.41
3/17/2007,4197.41
3/18/2007,4197.41
3/19/2007,4197.44
3/20/2007,4197.45
3/21/2007,4197.6
3/22/2007,4197.56
3/23/2007,4197.53
3/24/2007,4197.52
3/25/2007,4197.47
3/26/2007,4197.48
3/27/2007,4197.22
3/28/2007,4197.6
3/29/2007,4197.84
3/30/2007,4197.54
3/31/2007,4197.54
4/1/2007,4197.56
4/2/2007,4197.63
4/3/2007,4197.62
4/4/2007,4197.58
4/5/2007,4197.6
4/6/2007,4197.6
4/7/2007,4197.62
4/8/2007,4197.67
4/9/2007,4197.62
4/10/2007,4197.93
4/11/2007,4197.74
4/12/2007,4197.62
4/13/2007,4197.74
4/14/2007,4197.57
4/15/2007,4197.6
4/16/2007,4197.67
4/17/2007,4197.55
4/18/2007,4197.56
4/19/2007,4197.55
4/20/2007,4197.55
4/21/2007,4197.49
4/22/2007,4197.44
4/23/2007,4197.55
4/24/2007,4197.57
4/25/2007,4197.52
4/26/2007,4197.56
4/27/2007,4197.52
4/28/2007,4197.5
4/29/2007,4197.51
4/30/2007,4197.52
5/1/2007,4197.5
5/2/2007,4197.42
5/3/2007,4197.6
5/4/2007,4197.53
5/5/2007,4197.77
5/6/2007,4197.5
5/7/2007,4197.45
5/8/2007,4197.42
5/9/2007,4197.42
5/10/2007,4197.43
5/11/2007,4197.42
5/12/2007,4197.41
5/13/2007,4197.4
5/14/2007,4197.5
5/15/2007,4197.4
5/16/2007,4197.39
5/17/2007,4197.35
5/18/2007,4197.35
5/19/2007,4197.35
5/20/2007,4197.36
5/21/2007,4197.42
5/22/2007,4197.41
5/23/2007,4197.36
5/24/2007,4197.24
5/25/2007,4197.22
5/26/2007,4197.27
5/27/2007,4197.22
5/28/2007,4197.26
5/29/2007,4197.25
5/30/2007,4197.18
5/31/2007,4197.16
6/1/2007,4197.14
6/2/2007,4197.12
6/3/2007,4197.12
6/4/2007,4197.12
6/5/2007,4197.08
6/6/2007,4197.35
6/7/2007,4197.26
6/8/2007,4197.11
6/9/2007,4197.1
6/10/2007,4197.09
6/11/2007,4197.18
6/12/2007,4197.11
6/13/2007,4197.07
6/14/2007,4197.06
6/15/2007,4197.06
6/16/2007,4197.03
6/17/2007,4197.1
6/18/2007,4197.01
6/19/2007,4196.98
6/20/2007,4196.95
6/21/2007,4196.94
6/22/2007,4196.92
6/23/2007,4196.9
6/24/2007,4196.91
6/25/2007,4196.95
6/26/2007,4196.89
6/27/2007,4196.82
6/28/2007,4196.79
6/29/2007,4196.78
6/30/2007,4196.77
7/1/2007,4196.77
7/2/2007,4196.75
7/3/2007,4196.77
7/4/2007,4196.71
7/5/2007,4196.68
7/6/2007,4196.64
7/7/2007,4196.66
7/8/2007,4196.65
7/9/2007,4196.6
7/10/2007,4196.6
7/11/2007,4196.58
7/12/2007,4196.53
7/13/2007,4196.51
7/14/2007,4196.48
7/15/2007,4196.47
7/16/2007,4196.43
7/17/2007,4196.46
7/18/2007,4196.37
7/19/2007,4196.36
7/20/2007,4196.38
7/21/2007,4196.32
7/22/2007,4196.32
7/23/2007,4196.29
7/24/2007,4196.24
7/25/2007,4196.25
7/26/2007,4196.24
7/27/2007,4196.21
7/28/2007,4196.24
7/29/2007,4196.2
7/30/2007,4196.19
7/31/2007,4196.18
8/1/2007,4196.15
8/2/2007,4196.1
8/3/2007,4196.11
8/4/2007,4196.09
8/5/2007,4196.07
8/6/2007,4196.08
8/7/2007,4195.97
8/8/2007,4196.05
8/9/2007,4195.95
8/10/2007,4195.86
8/11/2007,4195.92
8/12/2007,4195.85
8/13/2007,4195.86
8/14/2007,4195.84
8/15/2007,4195.83
8/16/2007,4195.82
8/17/2007,4195.85
8/18/2007,4195.74
8/19/2007,4195.77
8/20/2007,4195.8
8/21/2007,4195.76
8/22/2007,4195.79
8/23/2007,4195.74
8/24/2007,4195.7
8/25/2007,4195.63
8/26/2007,4195.61
8/27/2007,4195.57
8/28/2007,4195.6
8/29/2007,4195.6
8/30/2007,4195.6
8/31/2007,4195.58
9/1/2007,4195.56
9/2/2007,4195.48
9/3/2007,4195.49
9/4/2007,4195.57
9/5/2007,4195.58
9/6/2007,4195.5
9/7/2007,4195.44
9/8/2007,4195.46
9/9/2007,4195.51
9/10/2007,4195.45
9/11/2007,4195.4
9/12/2007,4195.39
9/13/2007,4195.38
9/14/2007,4195.32
9/15/2007,4195.34
9/16/2007,4195.31
9/17/2007,4195.34
9/18/2007,4195.3
9/19/2007,4195.2
9/20/2007,4195.22
9/21/2007,4195.22
9/22/2007,4195.14
9/23/2007,4195.1
9/24/2007,4195.19
9/25/2007,4195.17
9/26/2007,4195.15
9/27/2007,4195.15
9/28/2007,4195.03
9/29/2007,4195.24
9/30/2007,4195.11
10/1/2007,4195.26
10/2/2007,4195.13
10/3/2007,4195.14
10/4/2007,4195.14
10/5/2007,4195.22
10/6/2007,4195.19
10/7/2007,4195.15
10/8/2007,4195.14
10/9/2007,4195.16
10/10/2007,4195.16
10/11/2007,4195.2
10/12/2007,4195.13
10/13/2007,4195.17
10/14/2007,4195.13
10/15/2007,4195.12
10/16/2007,4195.16
10/17/2007,4195.24
10/18/2007,4195.16
10/19/2007,4195.1
10/20/2007,4195.29
10/21/2007,4195.2
10/22/2007,4195.1
10/23/2007,4195.11
10/24/2007,4195.11
10/25/2007,4195.12
10/26/2007,4195.12
10/27/2007,4195.1
10/28/2007,4195.11
10/29/2007,4195.12
10/30/2007,4195.18
10/31/2007,4195.16
11/1/2007,4195.11
11/2/2007,4195.12
11/3/2007,4195.1
11/4/2007,4195.1
11/5/2007,4195.1
11/6/2007,4195.1
11/7/2007,4195.1
11/8/2007,4195.1
11/9/2007,4195.1
11/10/2007,4195.11
11/11/2007,4195.15
11/12/2007,4195.12
11/13/2007,4195.15
11/14/2007,4195.15
11/15/2007,4195.1
11/16/2007,4195.09
11/17/2007,4195.1
11/18/2007,4195.1
11/19/2007,4195.14
11/20/2007,4195.19
11/21/2007,4195.12
11/22/2007,4195.1
11/23/2007,4195.16
11/24/2007,4195.06
11/25/2007,4195.05
11/26/2007,4195.07
11/27/2007,4195.11
11/28/2007,4195.07
11/29/2007,4195.05
11/30/2007,4195.05
12/1/2007,4195.04
12/2/2007,4194.99
12/3/2007,4195.04
12/4/2007,4195.04
12/5/2007,4195.05
12/6/2007,4195.07
12/7/2007,4195.12
12/8/2007,4195.17
12/9/2007,4195.19
12/10/2007,4195.25
12/11/2007,4195.27
12/12/2007,4195.18
12/13/2007,4195.2
12/14/2007,4195.19
12/15/2007,4195.14
12/16/2007,4195.18
12/17/2007,4195.18
12/18/2007,4195.18
12/19/2007,4195.18
12/20/2007,4195.22
12/21/2007,4195.36
12/22/2007,4195.24
12/23/2007,4195.23
12/24/2007,4195.35
12/25/2007,4195.34
12/26/2007,4195.25
12/27/2007,4195.26
12/28/2007,4195.2
12/29/2007,4195.23
12/30/2007,4195.34
12/31/2007,4195.29
1/1/2008,4195.24
1/2/2008,4195.26
1/3/2008,4195.24
1/4/2008,4195.14
1/5/2008,4195.17
1/6/2008,4195.31
1/7/2008,4195.28
1/8/2008,4195.27
1/9/2008,4195.35
1/10/2008,4195.32
1/11/2008,4195.33
1/12/2008,4195.33
1/13/2008,4195.33
1/14/2008,4195.32
1/15/2008,4195.46
1/16/2008,4195.36
1/17/2008,4195.32
1/18/2008,4195.31
1/19/2008,4195.35
1/20/2008,4195.36
1/21/2008,4195.41
1/22/2008,4195.39
1/23/2008,4195.4
1/24/2008,4195.4
1/25/2008,4195.4
1/26/2008,4195.4
1/27/2008,4195.23
1/28/2008,4195.34
1/29/2008,4195.35
1/30/2008,4195.46
1/31/2008,4195.33
2/1/2008,4195.39
2/2/2008,4195.37
2/3/2008,4195.33
2/4/2008,4195.44
2/5/2008,4195.41
2/6/2008,4195.42
2/7/2008,4195.48
2/8/2008,4195.41
2/9/2008,4195.4
2/10/2008,4195.41
2/11/2008,4195.43
2/12/2008,4195.42
2/13/2008,4195.59
2/14/2008,4195.71
2/15/2008,4195.49
2/16/2008,4195.48
2/17/2008,4195.49
2/18/2008,4195.5
2/19/2008,4195.49
2/20/2008,4195.5
2/21/2008,4195.5
2/22/2008,4195.53
2/23/2008,4195.54
2/24/2008,4195.52
2/25/2008,4195.58
2/26/2008,4195.59
2/27/2008,4195.6
2/28/2008,4195.61
2/29/2008,4195.62
3/1/2008,4195.77
3/2/2008,4195.87
3/3/2008,4195.71
3/4/2008,4195.87
3/5/2008,4195.8
3/6/2008,4195.79
3/7/2008,4195.77
3/8/2008,4195.84
3/9/2008,4195.85
3/10/2008,4195.86
3/11/2008,4195.86
3/12/2008,4195.89
3/13/2008,4195.9
3/14/2008,4195.97
3/15/2008,4195.97
3/16/2008,4196.2
3/17/2008,4196.05
3/18/2008,4195.93
3/19/2008,4195.95
3/20/2008,4196.02
3/21/2008,4196.03
3/22/2008,4196.06
3/23/2008,4196
3/24/2008,4196.01
3/25/2008,4196.02
3/26/2008,4196.11
3/27/2008,4196.13
3/28/2008,4196.02
3/29/2008,4196.12
3/30/2008,4196.02
3/31/2008,4196.13
4/1/2008,4196
4/2/2008,4196
4/3/2008,4196.06
4/4/2008,4196.03
4/5/2008,4196.1
4/6/2008,4196.03
4/7/2008,4196.06
4/8/2008,4196.02
4/9/2008,4196.15
4/10/2008,4196.09
4/11/2008,4196.09
4/12/2008,4196
4/13/2008,4196
4/14/2008,4195.93
4/15/2008,4196.08
4/16/2008,4196.04
4/17/2008,4195.95
4/18/2008,4195.96
4/19/2008,4195.87
4/20/2008,4196.1
4/21/2008,4195.92
4/22/2008,4195.92
4/23/2008,4195.98
4/24/2008,4196.06
4/25/2008,4195.98
4/26/2008,4195.97
4/27/2008,4195.94
4/28/2008,4195.92
4/29/2008,4195.94
4/30/2008,4196.09
5/1/2008,4196.03
5/2/2008,4195.9
5/3/2008,4195.9
5/4/2008,4195.9
5/5/2008,4195.9
5/6/2008,4195.9
5/7/2008,4195.96
5/8/2008,4195.94
5/9/2008,4195.99
5/10/2008,4195.93
5/11/2008,4195.9
5/12/2008,4196.02
5/13/2008,4195.94
5/14/2008,4195.9
5/15/2008,4196.01
5/16/2008,4195.87
5/17/2008,4195.88
5/18/2008,4195.86
5/19/2008,4195.88
5/20/2008,4195.9
5/21/2008,4196.03
5/22/2008,4196.04
5/23/2008,4195.89
5/24/2008,4195.84
5/25/2008,4195.87
5/26/2008,4195.87
5/27/2008,4195.92
5/28/2008,4195.96
5/29/2008,4195.95
5/30/2008,4195.94
5/31/2008,4195.93
6/1/2008,4196.02
6/2/2008,4195.96
6/3/2008,4196
6/4/2008,4196.06
6/5/2008,4196.11
6/6/2008,4195.95
6/7/2008,4195.96
6/8/2008,4195.95
6/9/2008,4195.89
6/10/2008,4196.04
6/11/2008,4195.98
6/12/2008,4195.9
6/13/2008,4195.89
6/14/2008,4195.85
6/15/2008,4195.89
6/16/2008,4195.88
6/17/2008,4195.88
6/18/2008,4195.9
6/19/2008,4195.9
6/20/2008,4195.86
6/21/2008,4195.83
6/22/2008,4195.89
6/23/2008,4195.84
6/24/2008,4195.83
6/25/2008,4195.82
6/26/2008,4195.82
6/27/2008,4195.81
6/28/2008,4195.78
6/29/2008,4195.75
6/30/2008,4195.71
7/1/2008,4195.72
7/2/2008,4195.71
7/3/2008,4195.64
7/4/2008,4195.6
7/5/2008,4195.63
7/6/2008,4195.61
7/7/2008,4195.59
7/8/2008,4195.59
7/9/2008,4195.53
7/10/2008,4195.49
7/11/2008,4195.54
7/12/2008,4195.47
7/13/2008,4195.41
7/14/2008,4195.4
7/15/2008,4195.4
7/16/2008,4195.33
7/17/2008,4195.33
7/18/2008,4195.34
7/19/2008,4195.34
7/20/2008,4195.27
7/21/2008,4195.26
7/22/2008,4195.29
7/23/2008,4195.27
7/24/2008,4195.24
7/25/2008,4195.22
7/26/2008,4195.16
7/27/2008,4195.07
7/28/2008,4195.12
7/29/2008,4195.12
7/30/2008,4195.06
7/31/2008,4195.08
8/1/2008,4195.04
8/2/2008,4195.04
8/3/2008,4195.03
8/4/2008,4194.99
8/5/2008,4194.98
8/6/2008,4194.92
8/7/2008,4194.88
8/8/2008,4194.88
8/9/2008,4194.84
8/10/2008,4194.87
8/11/2008,4194.88
8/12/2008,4194.8
8/13/2008,4194.78
8/14/2008,4194.78
8/15/2008,4194.79
8/16/2008,4194.65
8/17/2008,4194.64
8/18/2008,4194.61
8/19/2008,4194.63
8/20/2008,4194.61
8/21/2008,4194.61
8/22/2008,4194.63
8/23/2008,4194.54
8/24/2008,4194.53
8/25/2008,4194.46
8/26/2008,4194.54
8/27/2008,4194.44
8/28/2008,4194.46
8/29/2008,4194.41
8/30/2008,4194.38
8/31/2008,4194.29
9/1/2008,4194.47
9/2/2008,4194.38
9/3/2008,4194.38
9/4/2008,4194.38
9/5/2008,4194.37
9/6/2008,4194.33
9/7/2008,4194.32
9/8/2008,4194.34
9/9/2008,4194.27
9/10/2008,4194.26
9/11/2008,4194.32
9/12/2008,4194.23
9/13/2008,4194.24
9/14/2008,4194.24
9/15/2008,4194.21
9/16/2008,4194.22
9/17/2008,4194.18
9/18/2008,4194.2
9/19/2008,4194.16
9/20/2008,4194.17
9/21/2008,4194.2
9/22/2008,4194.2
9/23/2008,4194.14
9/24/2008,4194.13
9/25/2008,4194.11
9/26/2008,4194.12
9/27/2008,4194.1
9/28/2008,4194.1
9/29/2008,4194.1
9/30/2008,4194.1
10/1/2008,4194.08
10/2/2008,4194.12
10/3/2008,4194.03
10/4/2008,4193.99
10/5/2008,4194.08
10/6/2008,4194.07
10/7/2008,4194.05
10/8/2008,4194.08
10/9/2008,4194.16
10/10/2008,4194.13
10/11/2008,4194.12
10/12/2008,4194.03
10/13/2008,4194
10/14/2008,4193.99
10/15/2008,4193.99
10/16/2008,4193.99
10/17/2008,4193.99
10/18/2008,4193.99
10/19/2008,4193.98
10/20/2008,4193.98
10/21/2008,4194.11
10/22/2008,4194
10/23/2008,4193.95
10/24/2008,4193.92
10/25/2008,4193.94
10/26/2008,4193.94
10/27/2008,4193.93
10/28/2008,4193.93
10/29/2008,4193.94
10/30/2008,4193.95
10/31/2008,4193.91
11/1/2008,4193.93
11/2/2008,4193.89
11/3/2008,4193.95
11/4/2008,4194.09
11/5/2008,4194.07
11/6/2008,4193.94
11/7/2008,4193.92
11/8/2008,4193.95
11/9/2008,4193.98
11/10/2008,4194
11/11/2008,4194.02
11/12/2008,4193.99
11/13/2008,4194.07
11/14/2008,4194.14
11/15/2008,4194.03
11/16/2008,4194.03
11/17/2008,4194.04
11/18/2008,4194.06
11/19/2008,4194.07
11/20/2008,4194.07
11/21/2008,4194.09
11/22/2008,4194.06
11/23/2008,4194.08
11/24/2008,4194.05
11/25/2008,4194.06
11/26/2008,4194.05
11/27/2008,4194.06
11/28/2008,4194.08
11/29/2008,4194.05
11/30/2008,4194.08
12/1/2008,4194.06
12/2/2008,4194.17
12/3/2008,4194.11
12/4/2008,4194.1
12/5/2008,4194.08
12/6/2008,4194.09
12/7/2008,4194.08
12/8/2008,4194.19
12/9/2008,4194.13
12/10/2008,4194.07
12/11/2008,4194.09
12/12/2008,4194.08
12/13/2008,4194.18
12/14/2008,4194.04
12/15/2008,4193.98
12/16/2008,4194.05
12/17/2008,4194.04
12/18/2008,4194.04
12/19/2008,4194
12/20/2008,4194.03
12/21/2008,4194.02
12/22/2008,4194.1
12/23/2008,4194.07
12/24/2008,4194
12/25/2008,4193.89
12/26/2008,4194.11
12/27/2008,4194.06
12/28/2008,4194.08
12/29/2008,4194.08
12/30/2008,4194.08
12/31/2008,4194.08
1/1/2009,4194.07
1/2/2009,4194.06
1/3/2009,4194.2
1/4/2009,4194.1
1/5/2009,4194.11
1/6/2009,4194.11
1/7/2009,4194.14
1/8/2009,4194.16
1/9/2009,4194.18
1/10/2009,4194.16
1/11/2009,4194.16
1/12/2009,4194.18
1/13/2009,4194.19
1/14/2009,4194.2
1/15/2009,4194.19
1/16/2009,4194.2
1/17/2009,4194.2
1/18/2009,4194.2
1/19/2009,4194.2
1/20/2009,4194.2
1/21/2009,4194.2
1/22/2009,4194.22
1/23/2009,4194.25
1/24/2009,4194.26
1/25/2009,4194.32
1/26/2009,4194.53
1/27/2009,4194.42
1/28/2009,4194.4
1/29/2009,4194.4
1/30/2009,4194.4
1/31/2009,4194.4
2/1/2009,4194.41
2/2/2009,4194.41
2/3/2009,4194.41
2/4/2009,4194.44
2/5/2009,4194.46
2/6/2009,4194.46
2/7/2009,4194.5
2/8/2009,4194.5
2/9/2009,4194.55
2/10/2009,4194.65
2/11/2009,4194.6
2/12/2009,4194.61
2/13/2009,4194.61
2/14/2009,4194.66
2/15/2009,4194.66
2/16/2009,4194.64
2/17/2009,4194.68
2/18/2009,4194.7
2/19/2009,4194.72
2/20/2009,4194.73
2/21/2009,4194.75
2/22/2009,4194.77
2/23/2009,4194.78
2/24/2009,4194.79
2/25/2009,4194.8
2/26/2009,4194.87
2/27/2009,4194.86
2/28/2009,4194.84
3/1/2009,4194.86
3/2/2009,4194.85
3/3/2009,4194.79
3/4/2009,4194.87
3/5/2009,4194.87
3/6/2009,4194.95
3/7/2009,4195.01
3/8/2009,4194.97
3/9/2009,4195.11
3/10/2009,4195.03
3/11/2009,4195.03
3/12/2009,4195.07
3/13/2009,4195.1
3/14/2009,4195.07
3/15/2009,4195.08
3/16/2009,4195.06
3/17/2009,4195.09
3/18/2009,4195.1
3/19/2009,4195.1
3/20/2009,4195.12
3/21/2009,4195.06
3/22/2009,4195.21
3/23/2009,4195.2
3/24/2009,4195.18
3/25/2009,4195.13
3/26/2009,4195.43
3/27/2009,4195.16
3/28/2009,4195.12
3/29/2009,4195.32
3/30/2009,4195.26
3/31/2009,4195.14
4/1/2009,4195.37
4/2/2009,4195.14
4/3/2009,4195.31
4/4/2009,4195.39
4/5/2009,4195.2
4/6/2009,4195.2
4/7/2009,4195.2
4/8/2009,4195.14
4/9/2009,4195.2
4/10/2009,4195.18
4/11/2009,4195.24
4/12/2009,4195.24
4/13/2009,4195.21
4/14/2009,4195.26
4/15/2009,4195.17
4/16/2009,4195.35
4/17/2009,4195.39
4/18/2009,4195.4
4/19/2009,4195.4
4/20/2009,4195.41
4/21/2009,4195.4
4/22/2009,4195.42
4/23/2009,4195.44
4/24/2009,4195.59
4/25/2009,4195.56
4/26/2009,4195.6
4/27/2009,4195.5
4/28/2009,4195.56
4/29/2009,4195.54
4/30/2009,4195.58
5/1/2009,4195.61
5/2/2009,4195.61
5/3/2009,4195.65
5/4/2009,4195.64
5/5/2009,4195.63
5/6/2009,4195.69
5/7/2009,4195.77
5/8/2009,4195.81
5/9/2009,4195.77
5/10/2009,4195.74
5/11/2009,4195.71
5/12/2009,4195.81
5/13/2009,4195.82
5/14/2009,4195.75
5/15/2009,4195.76
5/16/2009,4195.74
5/17/2009,4195.75
5/18/2009,4195.74
5/19/2009,4195.74
5/20/2009,4195.78
5/21/2009,4195.8
5/22/2009,4195.75
5/23/2009,4195.72
5/24/2009,4195.68
5/25/2009,4195.74
5/26/2009,4195.75
5/27/2009,4195.74
5/28/2009,4195.74
5/29/2009,4195.72
5/30/2009,4195.71
5/31/2009,4195.74
6/1/2009,4195.74
6/2/2009,4195.77
6/3/2009,4195.74
6/4/2009,4195.74
6/5/2009,4195.84
6/6/2009,4195.76
6/7/2009,4195.8
6/8/2009,4195.74
6/9/2009,4195.75
6/10/2009,4195.74
6/11/2009,4195.8
6/12/2009,4195.81
6/13/2009,4195.82
6/14/2009,4195.78
6/15/2009,4195.86
6/16/2009,4195.87
6/17/2009,4195.94
6/18/2009,4195.91
6/19/2009,4195.89
6/20/2009,4195.99
6/21/2009,4195.98
6/22/2009,4196.02
6/23/2009,4196.03
6/24/2009,4196.01
6/25/2009,4196
6/26/2009,4195.84
6/27/2009,4196.02
6/28/2009,4196.03
6/29/2009,4196.04
6/30/2009,4196.03
7/1/2009,4196.06
7/2/2009,4196
7/3/2009,4196.06
7/4/2009,4196.1
7/5/2009,4196.04
7/6/2009,4196.07
7/7/2009,4196.05
7/8/2009,4196.09
7/9/2009,4196.04
7/10/2009,4195.99
7/11/2009,4195.95
7/12/2009,4195.91
7/13/2009,4195.97
7/14/2009,4195.92
7/15/2009,4195.85
7/16/2009,4195.81
7/17/2009,4195.81
7/18/2009,4195.81
7/19/2009,4195.81
7/20/2009,4195.77
7/21/2009,4195.75
7/22/2009,4195.72
7/23/2009,4195.7
7/24/2009,4195.7
7/25/2009,4195.62
7/26/2009,4195.62
7/27/2009,4195.65
7/28/2009,4195.62
7/29/2009,4195.59
7/30/2009,4195.54
7/31/2009,4195.48
8/1/2009,4195.46
8/2/2009,4195.43
8/3/2009,4195.41
8/4/2009,4195.39
8/5/2009,4195.33
8/6/2009,4195.28
8/7/2009,4195.3
8/8/2009,4195.32
8/9/2009,4195.21
8/10/2009,4195.19
8/11/2009,4195.17
8/12/2009,4195.17
8/13/2009,4195.11
8/14/2009,4195.18
8/15/2009,4195.19
8/16/2009,4195.06
8/17/2009,4195.06
8/18/2009,4195.04
8/19/2009,4195
8/20/2009,4195
8/21/2009,4195
8/22/2009,4194.98
8/23/2009,4194.93
8/24/2009,4194.98
8/25/2009,4194.95
8/26/2009,4194.95
8/27/2009,4194.93
8/28/2009,4194.92
8/29/2009,4194.93
8/30/2009,4194.93
8/31/2009,4194.92
9/1/2009,4194.88
9/2/2009,4194.89
9/3/2009,4194.86
9/4/2009,4194.85
9/5/2009,4194.84
9/6/2009,4194.78
9/7/2009,4194.83
9/8/2009,4194.84
9/9/2009,4194.75
9/10/2009,4194.74
9/11/2009,4194.73
9/12/2009,4194.7
9/13/2009,4194.59
9/14/2009,4194.62
9/15/2009,4194.66
9/16/2009,4194.65
9/17/2009,4194.64
9/18/2009,4194.64
9/19/2009,4194.65
9/20/2009,4194.69
9/21/2009,4194.76
9/22/2009,4194.56
9/23/2009,4194.55
9/24/2009,4194.53
9/25/2009,4194.54
9/26/2009,4194.51
9/27/2009,4194.51
9/28/2009,4194.5
9/29/2009,4194.36
9/30/2009,4194.91
10/1/2009,4194.48
10/2/2009,4194.43
10/3/2009,4194.39
10/4/2009,4194.37
10/5/2009,4194.42
10/6/2009,4194.4
10/7/2009,4194.38
10/8/2009,4194.39
10/9/2009,4194.4
10/10/2009,4194.39
10/11/2009,4194.37
10/12/2009,4194.33
10/13/2009,4194.17
10/14/2009,4194.28
10/15/2009,4194.33
10/16/2009,4194.34
10/17/2009,4194.33
10/18/2009,4194.36
10/19/2009,4194.4
10/20/2009,4194.45
10/21/2009,4194.44
10/22/2009,4194.4
10/23/2009,4194.39
10/24/2009,4194.43
10/25/2009,4194.45
10/26/2009,4194.36
10/27/2009,4194.52
10/28/2009,4194.79
10/29/2009,4194.49
10/30/2009,4194.33
10/31/2009,4194.35
11/1/2009,4194.35
11/2/2009,4194.36
11/3/2009,4194.35
11/4/2009,4194.35
11/5/2009,4194.35
11/6/2009,4194.36
11/7/2009,4194.37
11/8/2009,4194.38
11/9/2009,4194.36
11/10/2009,4194.37
11/11/2009,4194.36
11/12/2009,4194.37
11/13/2009,4194.39
11/14/2009,4194.45
11/15/2009,4194.36
11/16/2009,4194.32
11/17/2009,4194.36
11/18/2009,4194.36
11/19/2009,4194.36
11/20/2009,4194.33
11/21/2009,4194.45
11/22/2009,4194.44
11/23/2009,4194.38
11/24/2009,4194.36
11/25/2009,4194.38
11/26/2009,4194.38
11/27/2009,4194.38
11/28/2009,4194.45
11/29/2009,4194.43
11/30/2009,4194.4
12/1/2009,4194.4
12/2/2009,4194.42
12/3/2009,4194.41
12/4/2009,4194.34
12/5/2009,4194.41
12/6/2009,4194.35
12/7/2009,4194.33
12/8/2009,4194.46
12/9/2009,4194.32
12/10/2009,4194.32
12/11/2009,4194.31
12/12/2009,4194.33
12/13/2009,4194.37
12/14/2009,4194.39
12/15/2009,4194.39
12/16/2009,4194.39
12/17/2009,4194.39
12/18/2009,4194.39
12/19/2009,4194.4
12/20/2009,4194.4
12/21/2009,4194.4
12/22/2009,4194.42
12/23/2009,4194.49
12/24/2009,4194.42
12/25/2009,4194.41
12/26/2009,4194.42
12/27/2009,4194.4
12/28/2009,4194.4
12/29/2009,4194.41
12/30/2009,4194.44
12/31/2009,4194.43
1/1/2010,4194.44
1/2/2010,4194.46
1/3/2010,4194.46
1/4/2010,4194.47
1/5/2010,4194.48
1/6/2010,4194.49
1/7/2010,4194.5
1/8/2010,4194.48
1/9/2010,4194.49
1/10/2010,4194.48
1/11/2010,4194.48
1/12/2010,4194.48
1/13/2010,4194.5
1/14/2010,4194.5
1/15/2010,4194.49
1/16/2010,4194.5
1/17/2010,4194.52
1/18/2010,4194.52
1/19/2010,4194.5
1/20/2010,4194.54
1/21/2010,4194.54
1/22/2010,4194.43
1/23/2010,4194.59
1/24/2010,4194.6
1/25/2010,4194.59
1/26/2010,4194.6
1/27/2010,4194.6
1/28/2010,4194.61
1/29/2010,4194.62
1/30/2010,4194.61
1/31/2010,4194.61
2/1/2010,4194.63
2/2/2010,4194.66
2/3/2010,4194.67
2/4/2010,4194.68
2/5/2010,4194.7
2/6/2010,4194.74
2/7/2010,4194.79
2/8/2010,4194.78
2/9/2010,4194.76
2/10/2010,4194.78
2/11/2010,4194.78
2/12/2010,4194.78
2/13/2010,4194.8
2/14/2010,4194.81
2/15/2010,4194.82
2/16/2010,4194.86
2/17/2010,4194.87
2/18/2010,4194.88
2/19/2010,4194.9
2/20/2010,4194.92
2/21/2010,4194.92
2/22/2010,4194.98
2/23/2010,4194.92
2/24/2010,4194.92
2/25/2010,4194.96
2/26/2010,4194.95
2/27/2010,4194.99
2/28/2010,4195.04
3/1/2010,4195.03
3/2/2010,4195.02
3/3/2010,4195.02
3/4/2010,4195.06
3/5/2010,4195.06
3/6/2010,4195.1
3/7/2010,4195.12
3/8/2010,4195.16
3/9/2010,4195.27
3/10/2010,4195.31
3/11/2010,4195.22
3/12/2010,4195.2
3/13/2010,4195.48
3/14/2010,4195.54
3/15/2010,4195.34
3/16/2010,4195.3
3/17/2010,4195.3
3/18/2010,4195.43
3/19/2010,4195.49
3/20/2010,4195.34
3/21/2010,4195.33
3/22/2010,4195.39
3/23/2010,4195.48
3/24/2010,4195.4
3/25/2010,4195.39
3/26/2010,4195.43
3/27/2010,4195.37
3/28/2010,4195.3
3/29/2010,4195.29
3/30/2010,4195.24
3/31/2010,4195.36
4/1/2010,4195.38
4/2/2010,4195.31
4/3/2010,4195.36
4/4/2010,4195.28
4/5/2010,4195.35
4/6/2010,4195.51
4/7/2010,4195.37
4/8/2010,4195.31
4/9/2010,4195.47
4/10/2010,4195.34
4/11/2010,4195.27
4/12/2010,4195.3
4/13/2010,4195.28
4/14/2010,4195.3
4/15/2010,4195.32
4/16/2010,4195.33
4/17/2010,4195.33
4/18/2010,4195.34
4/19/2010,4195.33
4/20/2010,4195.29
4/21/2010,4195.45
4/22/2010,4195.38
4/23/2010,4195.51
4/24/2010,4195.41
4/25/2010,4195.51
4/26/2010,4195.44
4/27/2010,4195.24
4/28/2010,4195.5
4/29/2010,4195.56
4/30/2010,4195.39
5/1/2010,4195.39
5/2/2010,4195.51
5/3/2010,4195.36
5/4/2010,4195.52
5/5/2010,4195.45
5/6/2010,4195.52
5/7/2010,4195.41
5/8/2010,4195.39
5/9/2010,4195.43
5/10/2010,4195.5
5/11/2010,4195.46
5/12/2010,4195.53
5/13/2010,4195.44
5/14/2010,4195.43
5/15/2010,4195.41
5/16/2010,4195.41
5/17/2010,4195.39
5/18/2010,4195.39
5/19/2010,4195.41
5/20/2010,4195.44
5/21/2010,4195.49
5/22/2010,4195.5
5/23/2010,4195.52
5/24/2010,4195.46
5/25/2010,4195.42
5/26/2010,4195.42
5/27/2010,4195.37
5/28/2010,4195.55
5/29/2010,4195.49
5/30/2010,4195.44
5/31/2010,4195.44
6/1/2010,4195.5
6/2/2010,4195.46
6/3/2010,4195.51
6/4/2010,4195.52
6/5/2010,4195.5
6/6/2010,4195.52
6/7/2010,4195.7
6/8/2010,4195.54
6/9/2010,4195.55
6/10/2010,4195.6
6/11/2010,4195.69
6/12/2010,4195.62
6/13/2010,4195.62
6/14/2010,4195.62
6/15/2010,4195.62
6/16/2010,4195.78
6/17/2010,4195.64
6/18/2010,4195.68
6/19/2010,4195.61
6/20/2010,4195.6
6/21/2010,4195.71
6/22/2010,4195.68
6/23/2010,4195.62
6/24/2010,4195.61
6/25/2010,4195.63
6/26/2010,4195.68
6/27/2010,4195.62
6/28/2010,4195.6
6/29/2010,4195.53
6/30/2010,4195.43
7/1/2010,4195.49
7/2/2010,4195.48
7/3/2010,4195.57
7/4/2010,4195.5
7/5/2010,4195.4
7/6/2010,4195.48
7/7/2010,4195.43
7/8/2010,4195.34
7/9/2010,4195.29
7/10/2010,4195.28
7/11/2010,4195.29
7/12/2010,4195.26
7/13/2010,4195.25
7/14/2010,4195.31
7/15/2010,4195.21
7/16/2010,4195.19
7/17/2010,4195.17
7/18/2010,4195.15
7/19/2010,4195.15
7/20/2010,4195.15
7/21/2010,4195.03
7/22/2010,4195.08
7/23/2010,4195.04
7/24/2010,4195.04
7/25/2010,4195
7/26/2010,4195.01
7/27/2010,4194.92
7/28/2010,4194.91
7/29/2010,4194.92
7/30/2010,4194.92
7/31/2010,4194.86
8/1/2010,4194.86
8/2/2010,4194.88
8/3/2010,4194.78
8/4/2010,4194.76
8/5/2010,4194.71
8/6/2010,4194.72
8/7/2010,4194.61
8/8/2010,4194.66
8/9/2010,4194.57
8/10/2010,4194.6
8/11/2010,4194.51
8/12/2010,4194.61
8/13/2010,4194.56
8/14/2010,4194.62
8/15/2010,4194.52
8/16/2010,4194.51
8/17/2010,4194.48
8/18/2010,4194.42
8/19/2010,4194.37
8/20/2010,4194.4
8/21/2010,4194.31
8/22/2010,4194.49
8/23/2010,4194.37
8/24/2010,4194.34
8/25/2010,4194.32
8/26/2010,4194.3
8/27/2010,4194.26
8/28/2010,4194.08
8/29/2010,4194.35
8/30/2010,4194.29
8/31/2010,4194.2
9/1/2010,4194.19
9/2/2010,4194.24
9/3/2010,4194.18
9/4/2010,4194.17
9/5/2010,4194.28
9/6/2010,4194.15
9/7/2010,4194.08
9/8/2010,4193.93
9/9/2010,4194.1
9/10/2010,4194.05
9/11/2010,4193.98
9/12/2010,4193.99
9/13/2010,4193.98
9/14/2010,4193.97
9/15/2010,4193.97
9/16/2010,4193.96
9/17/2010,4193.92
9/18/2010,4193.93
9/19/2010,4193.85
9/20/2010,4193.95
9/21/2010,4193.89
9/22/2010,4193.86
9/23/2010,4193.87
9/24/2010,4193.84
9/25/2010,4193.85
9/26/2010,4193.83
9/27/2010,4193.83
9/28/2010,4193.82
9/29/2010,4193.81
9/30/2010,4193.81
10/1/2010,4193.81
10/2/2010,4193.8
10/3/2010,4193.76
10/4/2010,4193.65
10/5/2010,4193.72
10/6/2010,4193.7
10/7/2010,4193.75
10/8/2010,4193.7
10/9/2010,4193.7
10/10/2010,4193.69
10/11/2010,4193.69
10/12/2010,4193.72
10/13/2010,4193.7
10/14/2010,4193.69
10/15/2010,4193.68
10/16/2010,4193.67
10/17/2010,4193.65
10/18/2010,4193.66
10/19/2010,4193.67
10/20/2010,4193.63
10/21/2010,4193.62
10/22/2010,4193.62
10/23/2010,4193.62
10/24/2010,4193.48
10/25/2010,4193.92
10/26/2010,4193.77
10/27/2010,4193.67
10/28/2010,4193.64
10/29/2010,4193.67
10/30/2010,4193.67
10/31/2010,4193.65
11/1/2010,4193.68
11/2/2010,4193.69
11/3/2010,4193.68
11/4/2010,4193.69
11/5/2010,4193.7
11/6/2010,4193.69
11/7/2010,4193.64
11/8/2010,4193.79
11/9/2010,4193.77
11/10/2010,4193.75
11/11/2010,4193.83
11/12/2010,4193.74
11/13/2010,4193.78
11/14/2010,4193.73
11/15/2010,4193.8
11/16/2010,4193.94
11/17/2010,4193.73
11/18/2010,4193.76
11/19/2010,4193.71
11/20/2010,4193.7
11/21/2010,4193.7
11/22/2010,4193.66
11/23/2010,4193.55
11/24/2010,4193.87
11/25/2010,4193.74
11/26/2010,4193.74
11/27/2010,4193.76
11/28/2010,4193.81
11/29/2010,4193.88
11/30/2010,4193.78
12/1/2010,4193.8
12/2/2010,4193.8
12/3/2010,4193.82
12/4/2010,4193.81
12/5/2010,4193.8
12/6/2010,4193.83
12/7/2010,4193.86
12/8/2010,4193.87
12/9/2010,4193.89
12/10/2010,4193.93
12/11/2010,4193.94
12/12/2010,4193.96
12/13/2010,4193.98
12/14/2010,4194.01
12/15/2010,4194.15
12/16/2010,4194.08
12/17/2010,4194.05
12/18/2010,4194.09
12/19/2010,4194.07
12/20/2010,4194.18
12/21/2010,4194.19
12/22/2010,4194.24
12/23/2010,4194.34
12/24/2010,4194.36
12/25/2010,4194.4
12/26/2010,4194.41
12/27/2010,4194.42
12/28/2010,4194.43
12/29/2010,4194.49
12/30/2010,4194.71
12/31/2010,4194.62
1/1/2011,4194.52
1/2/2011,4194.54
1/3/2011,4194.57
1/4/2011,4194.56
1/5/2011,4194.56
1/6/2011,4194.59
1/7/2011,4194.58
1/8/2011,4194.59
1/9/2011,4194.6
1/10/2011,4194.57
1/11/2011,4194.58
1/12/2011,4194.6
1/13/2011,4194.61
1/14/2011,4194.61
1/15/2011,4194.6
1/16/2011,4194.59
1/17/2011,4194.61
1/18/2011,4194.61
1/19/2011,4194.75
1/20/2011,4194.68
1/21/2011,4194.68
1/22/2011,4194.74
1/23/2011,4194.7
1/24/2011,4194.71
1/25/2011,4194.74
1/26/2011,4194.76
1/27/2011,4194.78
1/28/2011,4194.79
1/29/2011,4194.8
1/30/2011,4194.81
1/31/2011,4194.89
2/1/2011,4195.08
2/2/2011,4194.87
2/3/2011,4194.86
2/4/2011,4194.85
2/5/2011,4194.87
2/6/2011,4194.87
2/7/2011,4194.95
2/8/2011,4194.94
2/9/2011,4194.91
2/10/2011,4194.9
2/11/2011,4194.9
2/12/2011,4194.9
2/13/2011,4194.92
2/14/2011,4194.94
2/15/2011,4194.92
2/16/2011,4194.92
2/17/2011,4194.93
2/18/2011,4194.96
2/19/2011,4195
2/20/2011,4195.04
2/21/2011,4195.08
2/22/2011,4195.08
2/23/2011,4195.11
2/24/2011,4195.12
2/25/2011,4195.05
2/26/2011,4195.23
2/27/2011,4195.26
2/28/2011,4195.21
3/1/2011,4195.23
3/2/2011,4195.25
3/3/2011,4195.31
3/4/2011,4195.33
3/5/2011,4195.34
3/6/2011,4195.35
3/7/2011,4195.45
3/8/2011,4195.48
3/9/2011,4195.44
3/10/2011,4195.38
3/11/2011,4195.52
3/12/2011,4195.54
3/13/2011,4195.5
3/14/2011,4195.53
3/15/2011,4195.56
3/16/2011,4195.65
3/17/2011,4195.67
3/18/2011,4195.59
3/19/2011,4195.5
3/20/2011,4195.45
3/21/2011,4195.51
3/22/2011,4195.65
3/23/2011,4195.66
3/24/2011,4195.7
3/25/2011,4195.72
3/26/2011,4195.71
3/27/2011,4195.84
3/28/2011,4195.95
3/29/2011,4195.86
3/30/2011,4195.88
3/31/2011,4195.9
4/1/2011,4195.91
4/2/2011,4195.97
4/3/2011,4196.1
4/4/2011,4195.96
4/5/2011,4196.04
4/6/2011,4195.99
4/7/2011,4196.04
4/8/2011,4196.12
4/9/2011,4196.16
4/10/2011,4196.24
4/11/2011,4196.22
4/12/2011,4196.31
4/13/2011,4196.45
4/14/2011,4196.44
4/15/2011,4196.34
4/16/2011,4196.35
4/17/2011,4196.4
4/18/2011,4196.44
4/19/2011,4196.55
4/20/2011,4196.52
4/21/2011,4196.66
4/22/2011,4196.66
4/23/2011,4196.6
4/24/2011,4196.6
4/25/2011,4196.7
4/26/2011,4196.86
4/27/2011,4196.7
4/28/2011,4196.69
4/29/2011,4196.9
4/30/2011,4196.83
5/1/2011,4196.81
5/2/2011,4196.78
5/3/2011,4196.87
5/4/2011,4196.9
5/5/2011,4196.86
5/6/2011,4196.86
5/7/2011,4196.89
5/8/2011,4197.02
5/9/2011,4197.18
5/10/2011,4197.08
5/11/2011,4197.12
5/12/2011,4197.1
5/13/2011,4197.13
5/14/2011,4197.09
5/15/2011,4197.06
5/16/2011,4197.18
5/17/2011,4197.1
5/18/2011,4197.22
5/19/2011,4197.33
5/20/2011,4197.37
5/21/2011,4197.38
5/22/2011,4197.44
5/23/2011,4197.42
5/24/2011,4197.57
5/25/2011,4197.57
5/26/2011,4197.62
5/27/2011,4197.62
5/28/2011,4197.69
5/29/2011,4197.79
5/30/2011,4197.88
5/31/2011,4197.83
6/1/2011,4197.84
6/2/2011,4197.97
6/3/2011,4198.04
6/4/2011,4198.02
6/5/2011,4198.06
6/6/2011,4198.07
6/7/2011,4198.06
6/8/2011,4198.13
6/9/2011,4198.2
6/10/2011,4198.2
6/11/2011,4198.2
6/12/2011,4198.29
6/13/2011,4198.25
6/14/2011,4198.26
6/15/2011,4198.28
6/16/2011,4198.48
6/17/2011,4198.33
6/18/2011,4198.34
6/19/2011,4198.46
6/20/2011,4198.39
6/21/2011,4198.4
6/22/2011,4198.4
6/23/2011,4198.41
6/24/2011,4198.46
6/25/2011,4198.52
6/26/2011,4198.53
6/27/2011,4198.5
6/28/2011,4198.38
6/29/2011,4198.36
6/30/2011,4198.46
7/1/2011,4198.46
7/2/2011,4198.44
7/3/2011,4198.42
7/4/2011,4198.38
7/5/2011,4198.42
7/6/2011,4198.42
7/7/2011,4198.47
7/8/2011,4198.47
7/9/2011,4198.48
7/10/2011,4198.38
7/11/2011,4198.4
7/12/2011,4198.4
7/13/2011,4198.33
7/14/2011,4198.32
7/15/2011,4198.38
7/16/2011,4198.36
7/17/2011,4198.31
7/18/2011,4198.29
7/19/2011,4198.32
7/20/2011,4198.38
7/21/2011,4198.31
7/22/2011,4198.3
7/23/2011,4198.34
7/24/2011,4198.26
7/25/2011,4198.17
7/26/2011,4198.17
7/27/2011,4198.21
7/28/2011,4198.2
7/29/2011,4198.2
7/30/2011,4198.21
7/31/2011,4198.15
8/1/2011,4198.2
8/2/2011,4198.21
8/3/2011,4198.17
8/4/2011,4198.12
8/5/2011,4198.16
8/6/2011,4198.15
8/7/2011,4198.14
8/8/2011,4198.11
8/9/2011,4198.12
8/10/2011,4198.11
8/11/2011,4198.08
8/12/2011,4198.09
8/13/2011,4198.04
8/14/2011,4197.95
8/15/2011,4197.97
8/16/2011,4198.06
8/17/2011,4197.96
8/18/2011,4197.96
8/19/2011,4197.96
8/20/2011,4197.92
8/21/2011,4197.9
8/22/2011,4197.86
8/23/2011,4197.9
8/24/2011,4197.88
8/25/2011,4197.82
8/26/2011,4197.81
8/27/2011,4197.84
8/28/2011,4197.77
8/29/2011,4197.78
8/30/2011,4197.76
8/31/2011,4197.67
9/1/2011,4197.78
9/2/2011,4197.75
9/3/2011,4197.71
9/4/2011,4197.67
9/5/2011,4197.65
9/6/2011,4197.64
9/7/2011,4197.61
9/8/2011,4197.6
9/9/2011,4197.6
9/10/2011,4197.56
9/11/2011,4197.55
9/12/2011,4197.55
9/13/2011,4197.56
9/14/2011,4197.53
9/15/2011,4197.5
9/16/2011,4197.51
9/17/2011,4197.52
9/18/2011,4197.51
9/19/2011,4197.5
9/20/2011,4197.5
9/21/2011,4197.5
9/22/2011,4197.5
9/23/2011,4197.49
9/24/2011,4197.49
9/25/2011,4197.48
9/26/2011,4197.51
9/27/2011,4197.47
9/28/2011,4197.47
9/29/2011,4197.49
9/30/2011,4197.45
10/1/2011,4197.43
10/2/2011,4197.41
10/3/2011,4197.38
10/4/2011,4197.37
10/5/2011,4197.07
10/6/2011,4197.55
10/7/2011,4197.42
10/8/2011,4197.48
10/9/2011,4197.45
10/10/2011,4197.47
10/11/2011,4197.48
10/12/2011,4197.5
10/13/2011,4197.49
10/14/2011,4197.5
10/15/2011,4197.52
10/16/2011,4197.59
10/17/2011,4197.57
10/18/2011,4197.55
10/19/2011,4197.55
10/20/2011,4197.58
10/21/2011,4197.56
10/22/2011,4197.59
10/23/2011,4197.58
10/24/2011,4197.62
10/25/2011,4197.68
10/26/2011,4197.76
10/27/2011,4197.59
10/28/2011,4197.56
10/29/2011,4197.56
10/30/2011,4197.58
10/31/2011,4197.6
11/1/2011,4197.82
11/2/2011,4197.65
11/3/2011,4197.62
11/4/2011,4197.64
11/5/2011,4197.67
11/6/2011,4197.6
11/7/2011,4197.72
11/8/2011,4197.64
11/9/2011,4197.6
11/10/2011,4197.55
11/11/2011,4197.54
11/12/2011,4197.56
11/13/2011,4197.56
11/14/2011,4197.58
11/15/2011,4197.64
11/16/2011,4197.62
11/17/2011,4197.58
11/18/2011,4197.65
11/19/2011,4197.66
11/20/2011,4197.65
11/21/2011,4197.64
11/22/2011,4197.64
11/23/2011,4197.65
11/24/2011,4197.68
11/25/2011,4197.78
11/26/2011,4197.7
11/27/2011,4197.68
11/28/2011,4197.7
11/29/2011,4197.75
11/30/2011,4197.81
12/1/2011,4198.09
12/2/2011,4197.83
12/3/2011,4197.94
12/4/2011,4197.8
12/5/2011,4197.82
12/6/2011,4197.78
12/7/2011,4197.78
12/8/2011,4197.81
12/9/2011,4197.79
12/10/2011,4197.79
12/11/2011,4197.79
12/12/2011,4197.79
12/13/2011,4197.79
12/14/2011,4197.8
12/15/2011,4197.79
12/16/2011,4197.8
12/17/2011,4197.8
12/18/2011,4197.83
12/19/2011,4197.8
12/20/2011,4197.8
12/21/2011,4197.84
12/22/2011,4197.91
12/23/2011,4197.81
12/24/2011,4197.81
12/25/2011,4197.8
12/26/2011,4197.81
12/27/2011,4197.83
12/28/2011,4197.84
12/29/2011,4197.84
12/30/2011,4197.84
12/31/2011,4197.95
1/1/2012,4197.84
1/2/2012,4197.82
1/3/2012,4197.82
1/4/2012,4197.84
1/5/2012,4197.84
1/6/2012,4197.85
1/7/2012,4197.94
1/8/2012,4197.9
1/9/2012,4197.9
1/10/2012,4197.9
1/11/2012,4197.92
1/12/2012,4197.9
1/13/2012,4197.92
1/14/2012,4198
1/15/2012,4197.96
1/16/2012,4198.12
1/17/2012,4197.97
1/18/2012,4197.99
1/19/2012,4198.03
1/20/2012,4198.02
1/21/2012,4198.09
1/22/2012,4198.15
1/23/2012,4198.14
1/24/2012,4198.19
1/25/2012,4198.18
1/26/2012,4198.21
1/27/2012,4198.27
1/28/2012,4198.22
1/29/2012,4198.24
1/30/2012,4198.24
1/31/2012,4198.27
2/1/2012,4198.28
2/2/2012,4198.43
2/3/2012,4198.37
2/4/2012,4198.34
2/5/2012,4198.38
2/6/2012,4198.38
2/7/2012,4198.38
2/8/2012,4198.4
2/9/2012,4198.39
2/10/2012,4198.4
2/11/2012,4198.4
2/12/2012,4198.44
2/13/2012,4198.41
2/14/2012,4198.41
2/15/2012,4198.47
2/16/2012,4198.5
2/17/2012,4198.45
2/18/2012,4198.46
2/19/2012,4198.59
2/20/2012,4198.44
2/21/2012,4198.46
2/22/2012,4198.54
2/23/2012,4198.7
2/24/2012,4198.49
2/25/2012,4198.72
2/26/2012,4198.53
2/27/2012,4198.53
2/28/2012,4198.54
2/29/2012,4198.43
3/1/2012,4198.54
3/2/2012,4198.66
3/3/2012,4198.5
3/4/2012,4198.51
3/5/2012,4198.53
3/6/2012,4198.77
3/7/2012,4198.95
3/8/2012,4198.66
3/9/2012,4198.6
3/10/2012,4198.6
3/11/2012,4198.59
3/12/2012,4198.58
3/13/2012,4198.51
3/14/2012,4198.57
3/15/2012,4198.6
3/16/2012,4198.58
3/17/2012,4198.35
3/18/2012,4198.48
3/19/2012,4198.66
3/20/2012,4198.63
3/21/2012,4198.6
3/22/2012,4198.6
3/23/2012,4198.55
3/24/2012,4198.62
3/25/2012,4198.62
3/26/2012,4198.47
3/27/2012,4198.62
3/28/2012,4198.62
3/29/2012,4198.65
3/30/2012,4198.64
3/31/2012,4198.51
4/1/2012,4198.79
4/2/2012,4198.84
4/3/2012,4198.68
4/4/2012,4198.69
4/5/2012,4198.76
4/6/2012,4198.75
4/7/2012,4198.66
4/8/2012,4198.65
4/9/2012,4198.66
4/10/2012,4198.66
4/11/2012,4198.54
4/12/2012,4198.66
4/13/2012,4198.63
4/14/2012,4198.66
4/15/2012,4198.75
4/16/2012,4198.67
4/17/2012,4198.62
4/18/2012,4198.66
4/19/2012,4198.66
4/20/2012,4198.65
4/21/2012,4198.67
4/22/2012,4198.68
4/23/2012,4198.66
4/24/2012,4198.66
4/25/2012,4198.64
4/26/2012,4198.76
4/27/2012,4198.79
4/28/2012,4198.65
4/29/2012,4198.64
4/30/2012,4198.63
5/1/2012,4198.65
5/2/2012,4198.68
5/3/2012,4198.68
5/4/2012,4198.72
5/5/2012,4198.79
5/6/2012,4198.72
5/7/2012,4198.79
5/8/2012,4198.62
5/9/2012,4198.59
5/10/2012,4198.63
5/11/2012,4198.63
5/12/2012,4198.56
5/13/2012,4198.57
5/14/2012,4198.53
5/15/2012,4198.52
5/16/2012,4198.5
5/17/2012,4198.49
5/18/2012,4198.65
5/19/2012,4198.5
5/20/2012,4198.49
5/21/2012,4198.48
5/22/2012,4198.5
5/23/2012,4198.61
5/24/2012,4198.52
5/25/2012,4198.5
5/26/2012,4198.32
5/27/2012,4198.32
5/28/2012,4198.31
5/29/2012,4198.31
5/30/2012,4198.32
5/31/2012,4198.3
6/1/2012,4198.3
6/2/2012,4198.29
6/3/2012,4198.3
6/4/2012,4198.23
6/5/2012,4198.43
6/6/2012,4198.24
6/7/2012,4198.2
6/8/2012,4198.2
6/9/2012,4198.44
6/10/2012,4198.17
6/11/2012,4198.1
6/12/2012,4198.1
6/13/2012,4198.1
6/14/2012,4198.16
6/15/2012,4198.11
6/16/2012,4198.1
6/17/2012,4198.01
6/18/2012,4198.06
6/19/2012,4198.1
6/20/2012,4198.05
6/21/2012,4197.92
6/22/2012,4197.85
6/23/2012,4197.76
6/24/2012,4197.72
6/25/2012,4197.72
6/26/2012,4197.74
6/27/2012,4197.81
6/28/2012,4197.74
6/29/2012,4197.73
6/30/2012,4197.72
7/1/2012,4197.69
7/2/2012,4197.69
7/3/2012,4197.61
7/4/2012,4197.62
7/5/2012,4197.62
7/6/2012,4197.61
7/7/2012,4197.59
7/8/2012,4197.6
7/9/2012,4197.58
7/10/2012,4197.58
7/11/2012,4197.51
7/12/2012,4197.5
7/13/2012,4197.42
7/14/2012,4197.47
7/15/2012,4197.44
7/16/2012,4197.42
7/17/2012,4197.43
7/18/2012,4197.4
7/19/2012,4197.38
7/20/2012,4197.38
7/21/2012,4197.34
7/22/2012,4197.38
7/23/2012,4197.27
7/24/2012,4197.33
7/25/2012,4197.28
7/26/2012,4197.28
7/27/2012,4197.22
7/28/2012,4197.15
7/29/2012,4197.17
7/30/2012,4197.16
7/31/2012,4197.14
8/1/2012,4197.12
8/2/2012,4197.12
8/3/2012,4197.12
8/4/2012,4197.1
8/5/2012,4197.04
8/6/2012,4197.05
8/7/2012,4197.03
8/8/2012,4197
8/9/2012,4196.98
8/10/2012,4197.01
8/11/2012,4196.93
8/12/2012,4196.92
8/13/2012,4196.9
8/14/2012,4196.86
8/15/2012,4196.85
8/16/2012,4196.87
8/17/2012,4196.85
8/18/2012,4196.83
8/19/2012,4196.84
8/20/2012,4196.82
8/21/2012,4196.78
8/22/2012,4196.74
8/23/2012,4196.72
8/24/2012,4196.72
8/25/2012,4196.71
8/26/2012,4196.65
8/27/2012,4196.65
8/28/2012,4196.68
8/29/2012,4196.62
8/30/2012,4196.64
8/31/2012,4196.56
9/1/2012,4196.61
9/2/2012,4196.65
9/3/2012,4196.61
9/4/2012,4196.6
9/5/2012,4196.59
9/6/2012,4196.6
9/7/2012,4196.57
9/8/2012,4196.56
9/9/2012,4196.53
9/10/2012,4196.45
9/11/2012,4196.5
9/12/2012,4196.51
9/13/2012,4196.46
9/14/2012,4196.41
9/15/2012,4196.41
9/16/2012,4196.41
9/17/2012,4196.44
9/18/2012,4196.4
9/19/2012,4196.39
9/20/2012,4196.38
9/21/2012,4196.36
9/22/2012,4196.33
9/23/2012,4196.33
9/24/2012,4196.42
9/25/2012,4196.26
9/26/2012,4196.31
9/27/2012,4196.29
9/28/2012,4196.28
9/29/2012,4196.28
9/30/2012,4196.26
10/1/2012,4196.26
10/2/2012,4196.24
10/3/2012,4196.31
10/4/2012,4196.24
10/5/2012,4196.27
10/6/2012,4196.22
10/7/2012,4196.16
10/8/2012,4196.11
10/9/2012,4196.12
10/10/2012,4196.1
10/11/2012,4196.1
10/12/2012,4196.07
10/13/2012,4196.04
10/14/2012,4196.07
10/15/2012,4196.07
10/16/2012,4196.17
10/17/2012,4196.17
10/18/2012,4196.05
10/19/2012,4196.06
10/20/2012,4196.03
10/21/2012,4196.03
10/22/2012,4195.99
10/23/2012,4196.12
10/24/2012,4196.11
10/25/2012,4196.12
10/26/2012,4196.1
10/27/2012,4196.1
10/28/2012,4196.13
10/29/2012,4196.12
10/30/2012,4196.15
10/31/2012,4196.13
11/1/2012,4196.12
11/2/2012,4196.14
11/3/2012,4196.12
11/4/2012,4196.13
11/5/2012,4196.12
11/6/2012,4196.11
11/7/2012,4196.11
11/8/2012,4195.94
11/9/2012,4196.1
11/10/2012,4196.23
11/11/2012,4196.28
11/12/2012,4196.12
11/13/2012,4196.14
11/14/2012,4196.16
11/15/2012,4196.16
11/16/2012,4196.17
11/17/2012,4196.15
11/18/2012,4196.17
11/19/2012,4196.17
11/20/2012,4196.19
11/21/2012,4196.22
11/22/2012,4196.23
11/23/2012,4196.2
11/24/2012,4196.2
11/25/2012,4196.21
11/26/2012,4196.2
11/27/2012,4196.19
11/28/2012,4196.2
11/29/2012,4196.19
11/30/2012,4196.14
12/1/2012,4196.18
12/2/2012,4196.14
12/3/2012,4196.21
12/4/2012,4196.22
12/5/2012,4196.23
12/6/2012,4196.24
12/7/2012,4196.25
12/8/2012,4196.37
12/9/2012,4196.27
12/10/2012,4196.22
12/11/2012,4196.22
12/12/2012,4196.22
12/13/2012,4196.26
12/14/2012,4196.31
12/15/2012,4196.33
12/16/2012,4196.26
12/17/2012,4196.22
12/18/2012,4196.41
12/19/2012,4196.44
12/20/2012,4196.26
12/21/2012,4196.29
12/22/2012,4196.3
12/23/2012,4196.28
12/24/2012,4196.39
12/25/2012,4196.31
12/26/2012,4196.32
12/27/2012,4196.41
12/28/2012,4196.36
12/29/2012,4196.36
12/30/2012,4196.39
12/31/2012,4196.42
1/1/2013,4196.39
1/2/2013,4196.37
1/3/2013,4196.38
1/4/2013,4196.38
1/5/2013,4196.37
1/6/2013,4196.37
1/7/2013,4196.37
1/8/2013,4196.36
1/9/2013,4196.36
1/10/2013,4196.43
1/11/2013,4196.43
1/12/2013,4196.38
1/13/2013,4196.38
1/14/2013,4196.4
1/15/2013,4196.4
1/16/2013,4196.42
1/17/2013,4196.4
1/18/2013,4196.4
1/19/2013,4196.4
1/20/2013,4196.4
1/21/2013,4196.4
1/22/2013,4196.4
1/23/2013,4196.4
1/24/2013,4196.4
1/25/2013,4196.41
1/26/2013,4196.4
1/27/2013,4196.45
1/28/2013,4196.46
1/29/2013,4196.44
1/30/2013,4196.48
1/31/2013,4196.47
2/1/2013,4196.48
2/2/2013,4196.49
2/3/2013,4196.49
2/4/2013,4196.48
2/5/2013,4196.47
2/6/2013,4196.48
2/7/2013,4196.53
2/8/2013,4196.55
2/9/2013,4196.57
2/10/2013,4196.56
2/11/2013,4196.57
2/12/2013,4196.56
2/13/2013,4196.56
2/14/2013,4196.57
2/15/2013,4196.57
2/16/2013,4196.56
2/17/2013,4196.57
2/18/2013,4196.57
2/19/2013,4196.59
2/20/2013,4196.63
2/21/2013,4196.64
2/22/2013,4196.6
2/23/2013,4196.71
2/24/2013,4196.71
2/25/2013,4196.63
2/26/2013,4196.71
2/27/2013,4196.62
2/28/2013,4196.63
3/1/2013,4196.62
3/2/2013,4196.62
3/3/2013,4196.64
3/4/2013,4196.76
3/5/2013,4196.71
3/6/2013,4196.71
3/7/2013,4196.74
3/8/2013,4196.77
3/9/2013,4196.95
3/10/2013,4196.81
3/11/2013,4196.8
3/12/2013,4196.81
3/13/2013,4196.83
3/14/2013,4196.86
3/15/2013,4196.88
3/16/2013,4196.89
3/17/2013,4197.06
3/18/2013,4196.9
3/19/2013,4196.9
3/20/2013,4196.86
3/21/2013,4197.04
3/22/2013,4197.03
3/23/2013,4196.95
3/24/2013,4196.9
3/25/2013,4196.9
3/26/2013,4196.9
3/27/2013,4196.91
3/28/2013,4196.91
3/29/2013,4196.91
3/30/2013,4196.9
3/31/2013,4196.88
4/1/2013,4196.89
4/2/2013,4196.9
4/3/2013,4196.91
4/4/2013,4196.89
4/5/2013,4196.94
4/6/2013,4196.94
4/7/2013,4196.92
4/8/2013,4197.2
4/9/2013,4197.15
4/10/2013,4196.92
4/11/2013,4196.93
4/12/2013,4196.94
4/13/2013,4197.01
4/14/2013,4197
4/15/2013,4196.91
4/16/2013,4197.01
4/17/2013,4197.05
4/18/2013,4196.92
4/19/2013,4196.84
4/20/2013,4196.92
4/21/2013,4196.88
4/22/2013,4197
4/23/2013,4196.96
4/24/2013,4196.86
4/25/2013,4196.84
4/26/2013,4196.82
4/27/2013,4196.81
4/28/2013,4196.82
4/29/2013,4196.84
4/30/2013,4196.97
5/1/2013,4196.97
5/2/2013,4196.8
5/3/2013,4196.8
5/4/2013,4196.8
5/5/2013,4196.75
5/6/2013,4196.67
5/7/2013,4196.59
5/8/2013,4196.64
5/9/2013,4196.68
5/10/2013,4196.66
5/11/2013,4196.61
5/12/2013,4196.6
5/13/2013,4196.6
5/14/2013,4196.62
5/15/2013,4196.64
5/16/2013,4196.68
5/17/2013,4196.7
5/18/2013,4196.62
5/19/2013,4196.61
5/20/2013,4196.7
5/21/2013,4196.56
5/22/2013,4196.75
5/23/2013,4196.76
5/24/2013,4196.55
5/25/2013,4196.53
5/26/2013,4196.56
5/27/2013,4196.58
5/28/2013,4196.59
5/29/2013,4196.51
5/30/2013,4196.51
5/31/2013,4196.52
6/1/2013,4196.48
6/2/2013,4196.46
6/3/2013,4196.53
6/4/2013,4196.44
6/5/2013,4196.45
6/6/2013,4196.4
6/7/2013,4196.4
6/8/2013,4196.42
6/9/2013,4196.39
6/10/2013,4196.28
6/11/2013,4196.26
6/12/2013,4196.29
6/13/2013,4196.43
6/14/2013,4196.34
6/15/2013,4196.21
6/16/2013,4196.11
6/17/2013,4196.11
6/18/2013,4196.07
6/19/2013,4196.19
6/20/2013,4196.06
6/21/2013,4196.02
6/22/2013,4196.01
6/23/2013,4195.92
6/24/2013,4195.83
6/25/2013,4195.92
6/26/2013,4195.89
6/27/2013,4195.88
6/28/2013,4195.87
6/29/2013,4195.86
6/30/2013,4195.86
7/1/2013,4195.82
7/2/2013,4195.82
7/3/2013,4195.84
7/4/2013,4195.81
7/5/2013,4195.9
7/6/2013,4195.77
7/7/2013,4195.74
7/8/2013,4195.84
7/9/2013,4195.77
7/10/2013,4195.73
7/11/2013,4195.75
7/12/2013,4195.65
7/13/2013,4195.58
7/14/2013,4195.67
7/15/2013,4195.65
7/16/2013,4195.46
7/17/2013,4195.51
7/18/2013,4195.55
7/19/2013,4195.55
7/20/2013,4195.52
7/21/2013,4195.51
7/22/2013,4195.52
7/23/2013,4195.51
7/24/2013,4195.48
7/25/2013,4195.45
7/26/2013,4195.42
7/27/2013,4195.42
7/28/2013,4195.41
7/29/2013,4195.31
7/30/2013,4195.32
7/31/2013,4195.32
8/1/2013,4195.23
8/2/2013,4195.32
8/3/2013,4195.26
8/4/2013,4195.22
8/5/2013,4195.18
8/6/2013,4195.2
8/7/2013,4195.15
8/8/2013,4195.06
8/9/2013,4195.01
8/10/2013,4195
8/11/2013,4195
8/12/2013,4194.95
8/13/2013,4194.97
8/14/2013,4194.96
8/15/2013,4194.96
8/16/2013,4194.93
8/17/2013,4194.86
8/18/2013,4194.91
8/19/2013,4194.88
8/20/2013,4194.87
8/21/2013,4194.88
8/22/2013,4194.88
8/23/2013,4194.67
8/24/2013,4194.77
8/25/2013,4194.75
8/26/2013,4194.73
8/27/2013,4194.73
8/28/2013,4194.75
8/29/2013,4194.74
8/30/2013,4194.73
8/31/2013,4194.72
9/1/2013,4194.71
9/2/2013,4194.72
9/3/2013,4194.74
9/4/2013,4194.7
9/5/2013,4194.7
9/6/2013,4194.71
9/7/2013,4194.65
9/8/2013,4194.62
9/9/2013,4194.66
9/10/2013,4194.65
9/11/2013,4194.6
9/12/2013,4194.57
9/13/2013,4194.61
9/14/2013,4194.65
9/15/2013,4194.67
9/16/2013,4194.65
9/17/2013,4194.51
9/18/2013,4194.7
9/19/2013,4194.63
9/20/2013,4194.57
9/21/2013,4194.43
9/22/2013,4194.58
9/23/2013,4194.54
9/24/2013,4194.41
9/25/2013,4194.54
9/26/2013,4194.44
9/27/2013,4194.44
9/28/2013,4194.37
9/29/2013,4194.35
9/30/2013,4194.37
10/1/2013,4194.39
10/2/2013,4194.4
10/3/2013,4194.54
10/4/2013,4194.41
10/5/2013,4194.3
10/6/2013,4194.31
10/7/2013,4194.32
10/8/2013,4194.36
10/9/2013,4194.33
10/10/2013,4194.32
10/11/2013,4194.32
10/12/2013,4194.32
10/13/2013,4194.46
10/14/2013,4194.43
10/15/2013,4194.37
10/16/2013,4194.29
10/17/2013,4194.3
10/18/2013,4194.32
10/19/2013,4194.29
10/20/2013,4194.3
10/21/2013,4194.29
10/22/2013,4194.29
10/23/2013,4194.3
10/24/2013,4194.3
10/25/2013,4194.3
10/26/2013,4194.3
10/27/2013,4194.26
10/28/2013,4194.13
10/29/2013,4194.26
10/30/2013,4194.32
10/31/2013,4194.3
11/1/2013,4194.29
11/2/2013,4194.27
11/3/2013,4194.38
11/4/2013,4194.27
11/5/2013,4194.24
11/6/2013,4194.21
11/7/2013,4194.23
11/8/2013,4194.24
11/9/2013,4194.23
11/10/2013,4194.23
11/11/2013,4194.24
11/12/2013,4194.24
11/13/2013,4194.24
11/14/2013,4194.25
11/15/2013,4194.36
11/16/2013,4194.26
11/17/2013,4194.22
11/18/2013,4194.26
11/19/2013,4194.26
11/20/2013,4194.28
11/21/2013,4194.41
11/22/2013,4194.27
11/23/2013,4194.24
11/24/2013,4194.28
11/25/2013,4194.26
11/26/2013,4194.26
11/27/2013,4194.26
11/28/2013,4194.27
11/29/2013,4194.27
11/30/2013,4194.26
12/1/2013,4194.24
12/2/2013,4194.25
12/3/2013,4194.35
12/4/2013,4194.4
12/5/2013,4194.23
12/6/2013,4194.23
12/7/2013,4194.34
12/8/2013,4194.33
12/9/2013,4194.28
12/10/2013,4194.25
12/11/2013,4194.27
12/12/2013,4194.28
12/13/2013,4194.26
12/14/2013,4194.25
12/15/2013,4194.25
12/16/2013,4194.25
12/17/2013,4194.26
12/18/2013,4194.26
12/19/2013,4194.36
12/20/2013,4194.37
12/21/2013,4194.37
12/22/2013,4194.37
12/23/2013,4194.36
12/24/2013,4194.38
12/25/2013,4194.38
12/26/2013,4194.39
12/27/2013,4194.4
12/28/2013,4194.39
12/29/2013,4194.4
12/30/2013,4194.4
12/31/2013,4194.4
1/1/2014,4194.39
1/2/2014,4194.4
1/3/2014,4194.41
1/4/2014,4194.46
1/5/2014,4194.41
1/6/2014,4194.42
1/7/2014,4194.41
1/8/2014,4194.42
1/9/2014,4194.44
1/10/2014,4194.43
1/11/2014,4194.42
1/12/2014,4194.5
1/13/2014,4194.45
1/14/2014,4194.46
1/15/2014,4194.47
1/16/2014,4194.48
1/17/2014,4194.49
1/18/2014,4194.49
1/19/2014,4194.49
1/20/2014,4194.48
1/21/2014,4194.5
1/22/2014,4194.5
1/23/2014,4194.5
1/24/2014,4194.49
1/25/2014,4194.5
1/26/2014,4194.49
1/27/2014,4194.5
1/28/2014,4194.51
1/29/2014,4194.54
1/30/2014,4194.48
1/31/2014,4194.56
2/1/2014,4194.56
2/2/2014,4194.51
2/3/2014,4194.56
2/4/2014,4194.58
2/5/2014,4194.56
2/6/2014,4194.56
2/7/2014,4194.55
2/8/2014,4194.55
2/9/2014,4194.59
2/10/2014,4194.61
2/11/2014,4194.6
2/12/2014,4194.61
2/13/2014,4194.66
2/14/2014,4194.69
2/15/2014,4194.71
2/16/2014,4194.77
2/17/2014,4194.74
2/18/2014,4194.76
2/19/2014,4194.96
2/20/2014,4194.81
2/21/2014,4194.8
2/22/2014,4194.8
2/23/2014,4194.81
2/24/2014,4194.85
2/25/2014,4194.88
2/26/2014,4194.9
2/27/2014,4194.92
2/28/2014,4194.91
3/1/2014,4194.87
3/2/2014,4194.96
3/3/2014,4194.99
3/4/2014,4195.06
3/5/2014,4195.03
3/6/2014,4195.07
3/7/2014,4195.13
3/8/2014,4195.12
3/9/2014,4195.12
3/10/2014,4195.22
3/11/2014,4195.26
3/12/2014,4195.17
3/13/2014,4195.17
3/14/2014,4195.26
3/15/2014,4195.23
3/16/2014,4195.16
3/17/2014,4195.57
3/18/2014,4195.22
3/19/2014,4195.13
3/20/2014,4195.15
3/21/2014,4195.21
3/22/2014,4195.19
3/23/2014,4195.13
3/24/2014,4195.13
3/25/2014,4195.13
3/26/2014,4195.15
3/27/2014,4195.18
3/28/2014,4195.1
3/29/2014,4195.08
3/30/2014,4195.28
3/31/2014,4195.13
4/1/2014,4195.13
4/2/2014,4195.16
4/3/2014,4195.15
4/4/2014,4195.14
4/5/2014,4195.18
4/6/2014,4195.16
4/7/2014,4195.15
4/8/2014,4195.15
4/9/2014,4195.15
4/10/2014,4195.15
4/11/2014,4195.14
4/12/2014,4195.18
4/13/2014,4195.42
4/14/2014,4195.18
4/15/2014,4195.16
4/16/2014,4195.14
4/17/2014,4195.1
4/18/2014,4195.1
4/19/2014,4195.1
4/20/2014,4195.1
4/21/2014,4195.1
4/22/2014,4195.16
4/23/2014,4195.19
4/24/2014,4195.02
4/25/2014,4195.06
4/26/2014,4195.17
4/27/2014,4195.2
4/28/2014,4195.23
4/29/2014,4195.17
4/30/2014,4195.16
5/1/2014,4195.07
5/2/2014,4195.08
5/3/2014,4195.06
5/4/2014,4195.08
5/5/2014,4195.11
5/6/2014,4195.14
5/7/2014,4195.12
5/8/2014,4195.11
5/9/2014,4195.16
5/10/2014,4195.23
5/11/2014,4195.38
5/12/2014,4195.14
5/13/2014,4195.12
5/14/2014,4195.1
5/15/2014,4195.1
5/16/2014,4195.1
5/17/2014,4195.1
5/18/2014,4195.13
5/19/2014,4195.19
5/20/2014,4195.09
5/21/2014,4195.09
5/22/2014,4195.11
5/23/2014,4195.03
5/24/2014,4195.01
5/25/2014,4195.04
5/26/2014,4195.01
5/27/2014,4195.01
5/28/2014,4194.94
5/29/2014,4195.1
5/30/2014,4194.97
5/31/2014,4194.98
6/1/2014,4194.99
6/2/2014,4194.94
6/3/2014,4194.9
6/4/2014,4194.92
6/5/2014,4194.9
6/6/2014,4194.88
6/7/2014,4194.89
6/8/2014,4194.92
6/9/2014,4194.79
6/10/2014,4194.81
6/11/2014,4194.82
6/12/2014,4194.75
6/13/2014,4194.84
6/14/2014,4194.76
6/15/2014,4194.68
6/16/2014,4194.63
6/17/2014,4194.67
6/18/2014,4194.62
6/19/2014,4194.62
6/20/2014,4194.6
6/21/2014,4194.62
6/22/2014,4194.61
6/23/2014,4194.62
6/24/2014,4194.6
6/25/2014,4194.6
6/26/2014,4194.62
6/27/2014,4194.54
6/28/2014,4194.54
6/29/2014,4194.54
6/30/2014,4194.57
7/1/2014,4194.5
7/2/2014,4194.46
7/3/2014,4194.44
7/4/2014,4194.43
7/5/2014,4194.4
7/6/2014,4194.41
7/7/2014,4194.4
7/8/2014,4194.4
7/9/2014,4194.32
7/10/2014,4194.28
7/11/2014,4194.32
7/12/2014,4194.32
7/13/2014,4194.31
7/14/2014,4194.36
7/15/2014,4194.24
7/16/2014,4194.26
7/17/2014,4194.2
7/18/2014,4194.18
7/19/2014,4194.18
7/20/2014,4194.14
7/21/2014,4194.14
7/22/2014,4194.14
7/23/2014,4194.08
7/24/2014,4194.08
7/25/2014,4194.07
7/26/2014,4194.02
7/27/2014,4194
7/28/2014,4193.9
7/29/2014,4193.97
7/30/2014,4193.99
7/31/2014,4193.98
8/1/2014,4193.99
8/2/2014,4193.96
8/3/2014,4193.9
8/4/2014,4193.92
8/5/2014,4193.92
8/6/2014,4193.94
8/7/2014,4193.94
8/8/2014,4193.94
8/9/2014,4193.9
8/10/2014,4193.89
8/11/2014,4193.88
8/12/2014,4193.87
8/13/2014,4193.83
8/14/2014,4193.84
8/15/2014,4193.83
8/16/2014,4193.81
8/17/2014,4193.81
8/18/2014,4193.8
8/19/2014,4193.71
8/20/2014,4193.82
8/21/2014,4193.78
8/22/2014,4193.85
8/23/2014,4193.81
8/24/2014,4193.8
8/25/2014,4193.8
8/26/2014,4193.71
8/27/2014,4193.73
8/28/2014,4193.71
8/29/2014,4193.71
8/30/2014,4193.68
8/31/2014,4193.76
9/1/2014,4193.67
9/2/2014,4193.65
9/3/2014,4193.71
9/4/2014,4193.72
9/5/2014,4193.61
9/6/2014,4193.58
9/7/2014,4193.55
9/8/2014,4193.51
9/9/2014,4193.54
9/10/2014,4193.58
9/11/2014,4193.64
9/12/2014,4193.57
9/13/2014,4193.51
9/14/2014,4193.52
9/15/2014,4193.51
9/16/2014,4193.46
9/17/2014,4193.42
9/18/2014,4193.47
9/19/2014,4193.46
9/20/2014,4193.44
9/21/2014,4193.42
9/22/2014,4193.42
9/23/2014,4193.4
9/24/2014,4193.4
9/25/2014,4193.35
9/26/2014,4193.31
9/27/2014,4193.24
9/28/2014,4193.39
9/29/2014,4193.41
9/30/2014,4193.44
10/1/2014,4193.48
10/2/2014,4193.39
10/3/2014,4193.4
10/4/2014,4193.4
10/5/2014,4193.4
10/6/2014,4193.4
10/7/2014,4193.4
10/8/2014,4193.4
10/9/2014,4193.41
10/10/2014,4193.4
10/11/2014,4193.39
10/12/2014,4193.67
10/13/2014,4193.36
10/14/2014,4193.36
10/15/2014,4193.32
10/16/2014,4193.38
10/17/2014,4193.31
10/18/2014,4193.34
10/19/2014,4193.4
10/20/2014,4193.41
10/21/2014,4193.45
10/22/2014,4193.41
10/23/2014,4193.4
10/24/2014,4193.4
10/25/2014,4193.32
10/26/2014,4193.48
10/27/2014,4193.41
10/28/2014,4193.37
10/29/2014,4193.36
10/30/2014,4193.36
10/31/2014,4193.36
11/1/2014,4193.2
11/2/2014,4193.46
11/3/2014,4193.36
11/4/2014,4193.3
11/5/2014,4193.33
11/6/2014,4193.31
11/7/2014,4193.33
11/8/2014,4193.32
11/9/2014,4193.32
11/10/2014,4193.46
11/11/2014,4193.39
11/12/2014,4193.38
11/13/2014,4193.26
11/14/2014,4193.27
11/15/2014,4193.44
11/16/2014,4193.33
11/17/2014,4193.22
11/18/2014,4193.2
11/19/2014,4193.2
11/20/2014,4193.21
11/21/2014,4193.21
11/22/2014,4193.23
11/23/2014,4193.45
11/24/2014,4193.33
11/25/2014,4193.24
11/26/2014,4193.26
11/27/2014,4193.28
11/28/2014,4193.29
11/29/2014,4193.28
11/30/2014,4193.36
12/1/2014,4193.31
12/2/2014,4193.31
12/3/2014,4193.31
12/4/2014,4193.33
12/5/2014,4193.33
12/6/2014,4193.35
12/7/2014,4193.37
12/8/2014,4193.39
12/9/2014,4193.4
12/10/2014,4193.4
12/11/2014,4193.37
12/12/2014,4193.34
12/13/2014,4193.41
12/14/2014,4193.44
12/15/2014,4193.4
12/16/2014,4193.42
12/17/2014,4193.41
12/18/2014,4193.4
12/19/2014,4193.42
12/20/2014,4193.42
12/21/2014,4193.48
12/22/2014,4193.66
12/23/2014,4193.56
12/24/2014,4193.5
12/25/2014,4193.74
12/26/2014,4193.66
12/27/2014,4193.49
12/28/2014,4193.48
12/29/2014,4193.52
12/30/2014,4193.39
12/31/2014,4193.54
1/1/2015,4193.52
1/2/2015,4193.5
1/3/2015,4193.5
1/4/2015,4193.5
1/5/2015,4193.51
1/6/2015,4193.51
1/7/2015,4193.52
1/8/2015,4193.52
1/9/2015,4193.57
1/10/2015,4193.56
1/11/2015,4193.57
1/12/2015,4193.61
1/13/2015,4193.69
1/14/2015,4193.67
1/15/2015,4193.68
1/16/2015,4193.66
1/17/2015,4193.68
1/18/2015,4193.69
1/19/2015,4193.71
1/20/2015,4193.72
1/21/2015,4193.76
1/22/2015,4193.73
1/23/2015,4193.74
1/24/2015,4193.77
1/25/2015,4193.78
1/26/2015,4193.79
1/27/2015,4193.8
1/28/2015,4193.81
1/29/2015,4193.82
1/30/2015,4193.86
1/31/2015,4193.89
2/1/2015,4193.89
2/2/2015,4193.85
2/3/2015,4193.84
2/4/2015,4193.86
2/5/2015,4193.87
2/6/2015,4193.86
2/7/2015,4193.88
2/8/2015,4193.89
2/9/2015,4193.9
2/10/2015,4193.95
2/11/2015,4193.94
2/12/2015,4193.91
2/13/2015,4193.91
2/14/2015,4193.93
2/15/2015,4193.99
2/16/2015,4194.07
2/17/2015,4193.98
2/18/2015,4193.96
2/19/2015,4193.94
2/20/2015,4194.02
2/21/2015,4193.99
2/22/2015,4193.96
2/23/2015,4193.9
2/24/2015,4193.95
2/25/2015,4193.94
2/26/2015,4193.96
2/27/2015,4193.94
2/28/2015,4193.94
3/1/2015,4193.98
3/2/2015,4194
3/3/2015,4194.04
3/4/2015,4193.99
3/5/2015,4193.97
3/6/2015,4193.99
3/7/2015,4194
3/8/2015,4194
3/9/2015,4194.01
3/10/2015,4194
3/11/2015,4194.01
3/12/2015,4194.01
3/13/2015,4194.03
3/14/2015,4194.02
3/15/2015,4194.02
3/16/2015,4194.02
3/17/2015,4194.03
3/18/2015,4194.1
3/19/2015,4194.08
3/20/2015,4194.03
3/21/2015,4194.02
3/22/2015,4194.05
3/23/2015,4194.1
3/24/2015,4194.03
3/25/2015,4194.08
3/26/2015,4194.01
3/27/2015,4194.01
3/28/2015,4194.03
3/29/2015,4194.04
3/30/2015,4194
3/31/2015,4194.02
4/1/2015,4194.12
4/2/2015,4194.12
4/3/2015,4193.98
4/4/2015,4193.96
4/5/2015,4194
4/6/2015,4194.09
4/7/2015,4193.95
4/8/2015,4193.91
4/9/2015,4193.94
4/10/2015,4193.92
4/11/2015,4193.94
4/12/2015,4194.01
4/13/2015,4193.91
4/14/2015,4193.89
4/15/2015,4194.08
4/16/2015,4193.99
4/17/2015,4193.91
4/18/2015,4193.9
4/19/2015,4193.9
4/20/2015,4193.9
4/21/2015,4193.9
4/22/2015,4193.86
4/23/2015,4193.89
4/24/2015,4193.89
4/25/2015,4193.92
4/26/2015,4194.07
4/27/2015,4194.06
4/28/2015,4193.99
4/29/2015,4193.98
4/30/2015,4194.06
5/1/2015,4193.98
5/2/2015,4193.99
5/3/2015,4193.95
5/4/2015,4193.9
5/5/2015,4193.99
5/6/2015,4193.94
5/7/2015,4193.99
5/8/2015,4194.04
5/9/2015,4194
5/10/2015,4194.04
5/11/2015,4193.99
5/12/2015,4193.92
5/13/2015,4194
5/14/2015,4193.86
5/15/2015,4193.92
5/16/2015,4193.95
5/17/2015,4194.03
5/18/2015,4194.1
5/19/2015,4194.1
5/20/2015,4194.11
5/21/2015,4194.1
5/22/2015,4194.12
5/23/2015,4194.19
5/24/2015,4194.21
5/25/2015,4194.22
5/26/2015,4194.24
5/27/2015,4194.31
5/28/2015,4194.27
5/29/2015,4194.3
5/30/2015,4194.31
5/31/2015,4194.35
6/1/2015,4194.32
6/2/2015,4194.35
6/3/2015,4194.43
6/4/2015,4194.35
6/5/2015,4194.33
6/6/2015,4194.3
6/7/2015,4194.29
6/8/2015,4194.33
6/9/2015,4194.34
6/10/2015,4194.33
6/11/2015,4194.31
6/12/2015,4194.3
6/13/2015,4194.33
6/14/2015,4194.32
6/15/2015,4194.27
6/16/2015,4194.3
6/17/2015,4194.29
6/18/2015,4194.26
6/19/2015,4194.25
6/20/2015,4194.27
6/21/2015,4194.23
6/22/2015,4194.22
6/23/2015,4194.18
6/24/2015,4194.16
6/25/2015,4194.14
6/26/2015,4194.14
6/27/2015,4194.11
6/28/2015,4194.1
6/29/2015,4194.09
6/30/2015,4194.16
7/1/2015,4194.06
7/2/2015,4194.04
7/3/2015,4194.01
7/4/2015,4193.95
7/5/2015,4193.99
7/6/2015,4193.96
7/7/2015,4193.91
7/8/2015,4193.92
7/9/2015,4193.85
7/10/2015,4193.79
7/11/2015,4193.77
7/12/2015,4193.79
7/13/2015,4193.79
7/14/2015,4193.79
7/15/2015,4193.76
7/16/2015,4193.74
7/17/2015,4193.77
7/18/2015,4193.78
7/19/2015,4193.65
7/20/2015,4193.6
7/21/2015,4193.6
7/22/2015,4193.58
7/23/2015,4193.6
7/24/2015,4193.6
7/25/2015,4193.58
7/26/2015,4193.53
7/27/2015,4193.58
7/28/2015,4193.52
7/29/2015,4193.43
7/30/2015,4193.4
7/31/2015,4193.4
8/1/2015,4193.39
8/2/2015,4193.34
8/3/2015,4193.28
8/4/2015,4193.36
8/5/2015,4193.41
8/6/2015,4193.31
8/7/2015,4193.25
8/8/2015,4193.33
8/9/2015,4193.3
8/10/2015,4193.29
8/11/2015,4193.28
8/12/2015,4193.28
8/13/2015,4193.26
8/14/2015,4193.26
8/15/2015,4193.29
8/16/2015,4193.25
8/17/2015,4193.22
8/18/2015,4193.2
8/19/2015,4193.15
8/20/2015,4193.13
8/21/2015,4193.12
8/22/2015,4193.16
8/23/2015,4193.1
8/24/2015,4193.08
8/25/2015,4193.04
8/26/2015,4193.02
8/27/2015,4193.04
8/28/2015,4193.01
8/29/2015,4192.98
8/30/2015,4193
8/31/2015,4193.03
9/1/2015,4192.95
9/2/2015,4192.83
9/3/2015,4192.76
9/4/2015,4192.72
9/5/2015,4192.94
9/6/2015,4192.84
9/7/2015,4192.78
9/8/2015,4192.76
9/9/2015,4192.74
9/10/2015,4192.72
9/11/2015,4192.73
9/12/2015,4192.72
9/13/2015,4192.72
9/14/2015,4192.68
9/15/2015,4192.66
9/16/2015,4192.71
9/17/2015,4192.74
9/18/2015,4192.77
9/19/2015,4192.7
9/20/2015,4192.69
9/21/2015,4192.68
9/22/2015,4192.68
9/23/2015,4192.68
9/24/2015,4192.68
9/25/2015,4192.67
9/26/2015,4192.64
9/27/2015,4192.65
9/28/2015,4192.68
9/29/2015,4192.64
9/30/2015,4192.63
10/1/2015,4192.62
10/2/2015,4192.7
10/3/2015,4192.63
10/4/2015,4192.62
10/5/2015,4192.6
10/6/2015,4192.65
10/7/2015,4192.62
10/8/2015,4192.6
10/9/2015,4192.6
10/10/2015,4192.6
10/11/2015,4192.6
10/12/2015,4192.6
10/13/2015,4192.6
10/14/2015,4192.59
10/15/2015,4192.59
10/16/2015,4192.6
10/17/2015,4192.55
10/18/2015,4192.58
10/19/2015,4192.59
10/20/2015,4192.62
10/21/2015,4192.64
10/22/2015,4192.6
10/23/2015,4192.58
10/24/2015,4192.55
10/25/2015,4192.54
10/26/2015,4192.56
10/27/2015,4192.57
10/28/2015,4192.52
10/29/2015,4192.54
10/30/2015,4192.55
10/31/2015,4192.48
11/1/2015,4192.53
11/2/2015,4192.55
11/3/2015,4192.54
11/4/2015,4192.56
11/5/2015,4192.5
11/6/2015,4192.5
11/7/2015,4192.44
11/8/2015,4192.5
11/9/2015,4192.5
11/10/2015,4192.55
11/11/2015,4192.49
11/12/2015,4192.39
11/13/2015,4192.4
11/14/2015,4192.4
11/15/2015,4192.38
11/16/2015,4192.8
11/17/2015,4192.41
11/18/2015,4192.4
11/19/2015,4192.38
11/20/2015,4192.46
11/21/2015,4192.37
11/22/2015,4192.39
11/23/2015,4192.4
11/24/2015,4192.4
11/25/2015,4192.4
11/26/2015,4192.37
11/27/2015,4192.31
11/28/2015,4192.38
11/29/2015,4192.4
11/30/2015,4192.36
12/1/2015,4192.37
12/2/2015,4192.37
12/3/2015,4192.38
12/4/2015,4192.37
12/5/2015,4192.38
12/6/2015,4192.39
12/7/2015,4192.38
12/8/2015,4192.4
12/9/2015,4192.41
12/10/2015,4192.42
12/11/2015,4192.43
12/12/2015,4192.45
12/13/2015,4192.44
12/14/2015,4192.55
12/15/2015,4192.65
12/16/2015,4192.51
12/17/2015,4192.52
12/18/2015,4192.5
12/19/2015,4192.52
12/20/2015,4192.52
12/21/2015,4192.46
12/22/2015,4192.57
12/23/2015,4192.72
12/24/2015,4192.56
12/25/2015,4192.8
12/26/2015,4192.7
12/27/2015,4192.61
12/28/2015,4192.62
12/29/2015,4192.61
12/30/2015,4192.63
12/31/2015,4192.67
1/1/2016,4192.63
1/2/2016,4192.63
1/3/2016,4192.64
1/4/2016,4192.66
1/5/2016,4192.67
1/6/2016,4192.68
1/7/2016,4192.74
1/8/2016,4192.83
1/9/2016,4192.74
1/10/2016,4192.76
1/11/2016,4192.74
1/12/2016,4192.74
1/13/2016,4192.76
1/14/2016,4192.75
1/15/2016,4192.78
1/16/2016,4192.79
1/17/2016,4192.79
1/18/2016,4192.82
1/19/2016,4192.85
1/20/2016,4192.88
1/21/2016,4192.82
1/22/2016,4192.83
1/23/2016,4192.86
1/24/2016,4192.92
1/25/2016,4192.93
1/26/2016,4192.9
1/27/2016,4192.9
1/28/2016,4192.91
1/29/2016,4192.93
1/30/2016,4193.03
1/31/2016,4193.02
2/1/2016,4193.36
2/2/2016,4193.02
2/3/2016,4192.99
2/4/2016,4193
2/5/2016,4193
2/6/2016,4193
2/7/2016,4193.02
2/8/2016,4193.03
2/9/2016,4193.05
2/10/2016,4193.06
2/11/2016,4193.06
2/12/2016,4193.07
2/13/2016,4193.09
2/14/2016,4193.09
2/15/2016,4193.12
2/16/2016,4193.11
2/17/2016,4193.11
2/18/2016,4193.02
2/19/2016,4193.19
2/20/2016,4193.25
2/21/2016,4193.26
2/22/2016,4193.32
2/23/2016,4193.39
2/24/2016,4193.35
2/25/2016,4193.38
2/26/2016,4193.4
2/27/2016,4193.47
2/28/2016,4193.45
2/29/2016,4193.46
3/1/2016,4193.47
3/2/2016,4193.51
3/3/2016,4193.5
3/4/2016,4193.52
3/5/2016,4193.53
3/6/2016,4193.53
3/7/2016,4193.58
3/8/2016,4193.58
3/9/2016,4193.64
3/10/2016,4193.59
3/11/2016,4193.58
3/12/2016,4193.64
3/13/2016,4193.62
3/14/2016,4193.75
3/15/2016,4193.71
3/16/2016,4193.65
3/17/2016,4193.7
3/18/2016,4193.71
3/19/2016,4193.7
3/20/2016,4193.7
3/21/2016,4193.71
3/22/2016,4193.85
3/23/2016,4193.84
3/24/2016,4193.75
3/25/2016,4193.83
3/26/2016,4193.84
3/27/2016,4193.74
3/28/2016,4193.92
3/29/2016,4193.81
3/30/2016,4193.88
3/31/2016,4193.86
4/1/2016,4193.91
4/2/2016,4193.9
4/3/2016,4193.9
4/4/2016,4193.91
4/5/2016,4194
4/6/2016,4193.92
4/7/2016,4193.92
4/8/2016,4193.94
4/9/2016,4193.89
4/10/2016,4193.91
4/11/2016,4193.91
4/12/2016,4193.92
4/13/2016,4194
4/14/2016,4194.05
4/15/2016,4194.16
4/16/2016,4194.32
4/17/2016,4194.11
4/18/2016,4194.01
4/19/2016,4194
4/20/2016,4194.02
4/21/2016,4194.04
4/22/2016,4193.96
4/23/2016,4194.01
4/24/2016,4194.06
4/25/2016,4194.04
4/26/2016,4194.25
4/27/2016,4194.09
4/28/2016,4194.07
4/29/2016,4194.1
4/30/2016,4194.18
5/1/2016,4194.08
5/2/2016,4194.13
5/3/2016,4194.13
5/4/2016,4194.14
5/5/2016,4194.12
5/6/2016,4194.12
5/7/2016,4194.17
5/8/2016,4194.14
5/9/2016,4194.28
5/10/2016,4194.29
5/11/2016,4194.24
5/12/2016,4194.2
5/13/2016,4194.2
5/14/2016,4194.21
5/15/2016,4194.36
5/16/2016,4194.26
5/17/2016,4194.22
5/18/2016,4194.2
5/19/2016,4194.23
5/20/2016,4194.11
5/21/2016,4194.16
5/22/2016,4194.24
5/23/2016,4194.24
5/24/2016,4194.25
5/25/2016,4194.24
5/26/2016,4194.26
5/27/2016,4194.25
5/28/2016,4194.25
5/29/2016,4194.23
5/30/2016,4194.23
5/31/2016,4194.26
6/1/2016,4194.24
6/2/2016,4194.22
6/3/2016,4194.23
6/4/2016,4194.22
6/5/2016,4194.23
6/6/2016,4194.19
6/7/2016,4194.23
6/8/2016,4194.2
6/9/2016,4194.19
6/10/2016,4194.17
6/11/2016,4194.2
6/12/2016,4194.26
6/13/2016,4194.13
6/14/2016,4194.11
6/15/2016,4194.05
6/16/2016,4194.19
6/17/2016,4194.12
6/18/2016,4194.05
6/19/2016,4194.13
6/20/2016,4194.05
6/21/2016,4194.03
6/22/2016,4194.06
6/23/2016,4194.02
6/24/2016,4194.08
6/25/2016,4194.1
6/26/2016,4193.95
6/27/2016,4193.93
6/28/2016,4193.89
6/29/2016,4193.88
6/30/2016,4193.94
7/1/2016,4193.86
7/2/2016,4193.84
7/3/2016,4193.79
7/4/2016,4193.8
7/5/2016,4193.84
7/6/2016,4193.85
7/7/2016,4193.8
7/8/2016,4193.68
7/9/2016,4193.66
7/10/2016,4193.81
7/11/2016,4193.64
7/12/2016,4193.61
7/13/2016,4193.64
7/14/2016,4193.6
7/15/2016,4193.59
7/16/2016,4193.59
7/17/2016,4193.59
7/18/2016,4193.38
7/19/2016,4193.41
7/20/2016,4193.41
7/21/2016,4193.46
7/22/2016,4193.4
7/23/2016,4193.45
7/24/2016,4193.43
7/25/2016,4193.39
7/26/2016,4193.36
7/27/2016,4193.36
7/28/2016,4193.35
7/29/2016,4193.33
7/30/2016,4193.32
7/31/2016,4193.25
8/1/2016,4193.26
8/2/2016,4193.23
8/3/2016,4193.26
8/4/2016,4193.24
8/5/2016,4193.15
8/6/2016,4193.1
8/7/2016,4193.04
8/8/2016,4193.1
8/9/2016,4193.08
8/10/2016,4193.09
8/11/2016,4192.99
8/12/2016,4192.99
8/13/2016,4192.96
8/14/2016,4192.93
8/15/2016,4192.91
8/16/2016,4192.91
8/17/2016,4192.89
8/18/2016,4192.88
8/19/2016,4192.87
8/20/2016,4192.88
8/21/2016,4192.82
8/22/2016,4192.82
8/23/2016,4192.82
8/24/2016,4192.82
8/25/2016,4192.77
8/26/2016,4192.73
8/27/2016,4192.7
8/28/2016,4192.7
8/29/2016,4192.7
8/30/2016,4192.69
8/31/2016,4192.67
9/1/2016,4192.59
9/2/2016,4192.58
9/3/2016,4192.69
9/4/2016,4192.67
9/5/2016,4192.61
9/6/2016,4192.54
9/7/2016,4192.52
9/8/2016,4192.5
9/9/2016,4192.52
9/10/2016,4192.47
9/11/2016,4192.42
9/12/2016,4192.57
9/13/2016,4192.47
9/14/2016,4192.4
9/15/2016,4192.41
9/16/2016,4192.39
9/17/2016,4192.35
9/18/2016,4192.35
9/19/2016,4192.36
9/20/2016,4192.36
9/21/2016,4192.38
9/22/2016,4192.54
9/23/2016,4192.44
9/24/2016,4192.48
9/25/2016,4192.41
9/26/2016,4192.4
9/27/2016,4192.4
9/28/2016,4192.38
9/29/2016,4192.41
9/30/2016,4192.4
10/1/2016,4192.42
10/2/2016,4192.32
10/3/2016,4192.52
10/4/2016,4192.35
10/5/2016,4192.35
10/6/2016,4192.31
10/7/2016,4192.31
10/8/2016,4192.31
10/9/2016,4192.3
10/10/2016,4192.3
10/11/2016,4192.32
10/12/2016,4192.32
10/13/2016,4192.29
10/14/2016,4192.28
10/15/2016,4192.26
10/16/2016,4192.34
10/17/2016,4192.35
10/18/2016,4192.32
10/19/2016,4192.32
10/20/2016,4192.27
10/21/2016,4192.29
10/22/2016,4192.3
10/23/2016,4192.31
10/24/2016,4192.24
10/25/2016,4192.29
10/26/2016,4192.3
10/27/2016,4192.3
10/28/2016,4192.3
10/29/2016,4192.3
10/30/2016,4192.3
10/31/2016,4192.4
11/1/2016,4192.4
11/2/2016,4192.3
11/3/2016,4192.3
11/4/2016,4192.3
11/5/2016,4192.3
11/6/2016,4192.4
11/7/2016,4192.4
11/8/2016,4192.4
11/9/2016,4192.4
11/10/2016,4192.4
11/11/2016,4192.4
11/12/2016,4192.4
11/13/2016,4192.4
11/14/2016,4192.4
11/15/2016,4192.4
11/16/2016,4192.6
11/17/2016,4192.7
11/18/2016,4192.4
11/19/2016,4192.4
11/20/2016,4192.4
11/21/2016,4192.5
11/22/2016,4192.4
11/23/2016,4192.5
11/24/2016,4192.4
11/25/2016,4192.4
11/26/2016,4192.4
11/27/2016,4192.4
11/28/2016,4192.5
11/29/2016,4192.4
11/30/2016,4192.4
12/1/2016,4192.4
12/2/2016,4192.5
12/3/2016,4192.3
12/4/2016,4192.3
12/5/2016,4192.5
12/6/2016,4192.3
12/7/2016,4192.3
12/8/2016,4192.2
12/9/2016,4192.2
12/10/2016,4192.2
12/11/2016,4192.3
12/12/2016,4192.3
12/13/2016,4192.2
12/14/2016,4192.2
12/15/2016,4192.3
12/16/2016,4192.3
12/17/2016,4192.5
12/18/2016,4192.2
12/19/2016,4192.2
12/20/2016,4192.2
12/21/2016,4192.2
12/22/2016,4192.2
12/23/2016,4192.2
12/24/2016,4192.2
12/25/2016,4192.4
12/26/2016,4192.2
12/27/2016,4192.2
12/28/2016,4192.2
12/29/2016,4192.2
12/30/2016,4192.2
12/31/2016,4192.2
1/1/2017,4192.2
1/2/2017,4192.2
1/3/2017,4192.2
1/4/2017,4192.3
1/5/2017,4192.3
1/6/2017,4192.2
1/7/2017,4192.2
1/8/2017,4192.2
1/9/2017,4192.2
1/10/2017,4192.1
1/11/2017,4192.2
1/12/2017,4192.2
1/13/2017,4192.2
1/14/2017,4192.2
1/15/2017,4192.2
1/16/2017,4192.3
1/17/2017,4192.2
1/18/2017,4192.3
1/19/2017,4192.3
1/20/2017,4192.3
1/21/2017,4192.3
1/22/2017,4192.3
1/23/2017,4192.3
1/24/2017,4192.4
1/25/2017,4192.4
1/26/2017,4192.4
1/27/2017,4192.4
1/28/2017,4192.3
1/29/2017,4192.4
1/30/2017,4192.3
1/31/2017,4192.3
2/1/2017,4192.4
2/2/2017,4192.4
2/3/2017,4192.4
2/4/2017,4192.4
2/5/2017,4192.4
2/6/2017,4192.3
2/7/2017,4192.4
2/8/2017,4192.4
2/9/2017,4192.5
2/10/2017,4192.6
2/11/2017,4192.6
2/12/2017,4192.7
2/13/2017,4192.7
2/14/2017,4192.8
2/15/2017,4192.8
2/16/2017,4192.9
2/17/2017,4192.9
2/18/2017,4193
2/19/2017,4193
2/20/2017,4193
2/21/2017,4193
2/22/2017,4193.2
2/23/2017,4193.5
2/24/2017,4193.4
2/25/2017,4193.4
2/26/2017,4193.4
2/27/2017,4193.5
2/28/2017,4193.6
3/1/2017,4193.5
3/2/2017,4193.6
3/3/2017,4193.6
3/4/2017,4193.6
3/5/2017,4193.7
3/6/2017,4193.8
3/7/2017,4193.7
3/8/2017,4193.8
3/9/2017,4193.8
3/10/2017,4193.9
3/11/2017,4193.9
3/12/2017,4193.9
3/13/2017,4193.9
3/14/2017,4194
3/15/2017,4194
3/16/2017,4194
3/17/2017,4194.1
3/18/2017,4194.1
3/19/2017,4194.1
3/20/2017,4194.1
3/21/2017,4194.1
3/22/2017,4194.2
3/23/2017,4194.4
3/24/2017,4194.3
3/25/2017,4194.4
3/26/2017,4194.3
3/27/2017,4194.5
3/28/2017,4194.6
3/29/2017,4194.5
3/30/2017,4194.6
3/31/2017,4194.7
4/1/2017,4194.6
4/2/2017,4194.6
4/3/2017,4194.7
4/4/2017,4194.7
4/5/2017,4194.6
4/6/2017,4194.6
4/7/2017,4194.6
4/8/2017,4194.8
4/9/2017,4194.8
4/10/2017,4194.8
4/11/2017,4194.8
4/12/2017,4194.8
4/13/2017,4194.8
4/14/2017,4194.9
4/15/2017,4194.9
4/16/2017,4194.9
4/17/2017,4194.9
4/18/2017,4195
4/19/2017,4195
4/20/2017,4195
4/21/2017,4195.1
4/22/2017,4195
4/23/2017,4195.1
4/24/2017,4195.1
4/25/2017,4195.2
4/26/2017,4195.2
4/27/2017,4195.5
4/28/2017,4195.4
4/29/2017,4195.3
4/30/2017,4195.3
5/1/2017,4195.3
5/2/2017,4195.3
5/3/2017,4195.3
5/4/2017,4195.3
5/5/2017,4195.3
5/6/2017,4195.1
5/7/2017,4195.3
5/8/2017,4195.4
5/9/2017,4195.4
5/10/2017,4195.4
5/11/2017,4195.3
5/12/2017,4195.3
5/13/2017,4195.4
5/14/2017,4195.3
5/15/2017,4195.3
5/16/2017,4195.3
5/17/2017,4195.3
5/18/2017,4195.3
5/19/2017,4195.4
5/20/2017,4195.4
5/21/2017,4195.4
5/22/2017,4195.4
5/23/2017,4195.4
5/24/2017,4195.4
5/25/2017,4195.5
5/26/2017,4195.5
5/27/2017,4195.4
5/28/2017,4195.4
5/29/2017,4195.4
5/30/2017,4195.4
5/31/2017,4195.4
6/1/2017,4195.4
6/2/2017,4195.4
6/3/2017,4195.4
6/4/2017,4195.3
6/5/2017,4195.4
6/6/2017,4195.4
6/7/2017,4195.3
6/8/2017,4195.2
6/9/2017,4195.5
6/10/2017,4195.4
6/11/2017,4195.2
6/12/2017,4195
6/13/2017,4195.2
6/14/2017,4195.2
6/15/2017,4195.2
6/16/2017,4195.2
6/17/2017,4195.2
6/18/2017,4195.2
6/19/2017,4195.2
6/20/2017,4195.2
6/21/2017,4195.2
6/22/2017,4195.2
6/23/2017,4195.2
6/24/2017,4195.1
6/25/2017,4195.1
6/26/2017,4195.1
6/27/2017,4195.1
6/28/2017,4195.1
6/29/2017,4195.1
6/30/2017,4195.1
7/1/2017,4195
7/2/2017,4195
7/3/2017,4194.9
7/4/2017,4194.9
7/5/2017,4194.9
7/6/2017,4194.9
7/7/2017,4194.9
7/8/2017,4194.8
7/9/2017,4194.9
7/10/2017,4194.8
7/11/2017,4194.8
7/12/2017,4194.8
7/13/2017,4194.7
7/14/2017,4194.7
7/15/2017,4194.7
7/16/2017,4194.7
7/17/2017,4194.6
7/18/2017,4194.6
7/19/2017,4194.5
7/20/2017,4194.5
7/21/2017,4194.6
7/22/2017,4194.5
7/23/2017,4194.5
7/24/2017,4194.5
7/25/2017,4194.4
7/26/2017,4194.4
7/27/2017,4194.4
7/28/2017,4194.4
7/29/2017,4194.4
7/30/2017,4194.4
7/31/2017,4194.4
8/1/2017,4194.3
8/2/2017,4194.3
8/3/2017,4194.3
8/4/2017,4194.2
8/5/2017,4194.2
8/6/2017,4194.2
8/7/2017,4194.2
8/8/2017,4194.2
8/9/2017,4194.2
8/10/2017,4194.1
8/11/2017,4194.1
8/12/2017,4194
8/13/2017,4194
8/14/2017,4194.2
8/15/2017,4194
8/16/2017,4194
8/17/2017,4194
8/18/2017,4194
8/19/2017,4193.9
8/20/2017,4193.9
8/21/2017,4193.9
8/22/2017,4193.9
8/23/2017,4193.9
8/24/2017,4193.8
8/25/2017,4193.8
8/26/2017,4193.8
8/27/2017,4193.8
8/28/2017,4193.8
8/29/2017,4193.8
8/30/2017,4193.8
8/31/2017,4193.8
9/1/2017,4193.7
9/2/2017,4193.7
9/3/2017,4193.7
9/4/2017,4193.7
9/5/2017,4193.7
9/6/2017,4193.7
9/7/2017,4193.7
9/8/2017,4193.6
9/9/2017,4193.6
9/10/2017,4193.6
9/11/2017,4193.6
9/12/2017,4193.6
9/13/2017,4193.6
9/14/2017,4193.5
9/15/2017,4193.6
9/16/2017,4193.5
9/17/2017,4193.5
9/18/2017,4193.5
9/19/2017,4193.5
9/20/2017,4193.5
9/21/2017,4193.6
9/22/2017,4193.5
9/23/2017,4193.5
9/24/2017,4193.5
9/25/2017,4193.5
9/26/2017,4193.5
9/27/2017,4193.5
9/28/2017,4193.5
9/29/2017,4193.5
9/30/2017,4193.5
10/1/2017,4193.6
10/2/2017,4193.5
10/3/2017,4193.5
10/4/2017,4193.5
10/5/2017,4193.5
10/6/2017,4193.5
10/7/2017,4193.5
10/8/2017,4193.7
10/9/2017,4193.5
10/10/2017,4193.5
10/11/2017,4193.5
10/12/2017,4193.5
10/13/2017,4193.5
10/14/2017,4193.6
10/15/2017,4193.4
10/16/2017,4193.5
10/17/2017,4193.5
10/18/2017,4193.5
10/19/2017,4193.5
10/20/2017,4193.6
10/21/2017,4193.4
10/22/2017,4193.4
10/23/2017,4193.4
10/24/2017,4193.5
10/25/2017,4193.4
10/26/2017,4193.5
10/27/2017,4193.5
10/28/2017,4193.5
10/29/2017,4193.5
10/30/2017,4193.5
10/31/2017,4193.5
11/1/2017,4193.5
11/2/2017,4193.4
11/3/2017,4193.4
11/4/2017,4193.5
11/5/2017,4193.5
11/6/2017,4193.5
11/7/2017,4193.5
11/8/2017,4193.5
11/9/2017,4193.5
11/10/2017,4193.5
11/11/2017,4193.5
11/12/2017,4193.5
11/13/2017,4193.5
11/14/2017,4193.5
11/15/2017,4193.6
11/16/2017,4193.5
11/17/2017,4193.8
11/18/2017,4193.6
11/19/2017,4193.6
11/20/2017,4193.6
11/21/2017,4193.6
11/22/2017,4193.6
11/23/2017,4193.7
11/24/2017,4193.7
11/25/2017,4193.7
11/26/2017,4193.7
11/27/2017,4193.7
11/28/2017,4193.7
11/29/2017,4193.7
11/30/2017,4193.7
12/1/2017,4193.7
12/2/2017,4193.7
12/3/2017,4193.9
12/4/2017,4193.7
12/5/2017,4193.7
12/6/2017,4193.7
12/7/2017,4193.7
12/8/2017,4193.7
12/9/2017,4193.7
12/10/2017,4193.7
12/11/2017,4193.7
12/12/2017,4193.7
12/13/2017,4193.7
12/14/2017,4193.7
12/15/2017,4193.7
12/16/2017,4193.8
12/17/2017,4193.8
12/18/2017,4193.8
12/19/2017,4193.8
12/20/2017,4193.9
12/21/2017,4194
12/22/2017,4193.8
12/23/2017,4193.9
12/24/2017,4193.8
12/25/2017,4193.9
12/26/2017,4193.9
12/27/2017,4193.9
12/28/2017,4193.9
12/29/2017,4193.9
12/30/2017,4193.9
12/31/2017,4193.9
1/1/2018,4193.9
1/2/2018,4193.9
1/3/2018,4193.9
1/4/2018,4193.9
1/5/2018,4193.9
1/6/2018,4193.9
1/7/2018,4194
1/8/2018,4194
1/9/2018,4194
1/10/2018,4194
1/11/2018,4194
1/12/2018,4194
1/13/2018,4194
1/14/2018,4194.1
1/15/2018,4194.1
1/16/2018,4194.1
1/17/2018,4194.1
1/18/2018,4194.1
1/19/2018,4194.2
1/20/2018,4194.3
1/21/2018,4194.3
1/22/2018,4194.1
1/23/2018,4194.2
1/24/2018,4194.2
1/25/2018,4194.2
1/26/2018,4194.2
1/27/2018,4194.2
1/28/2018,4194.2
1/29/2018,4194.2
1/30/2018,4194.2
1/31/2018,4194.2
2/1/2018,4194.2
2/2/2018,4194.2
2/3/2018,4194.3
2/4/2018,4194.2
2/5/2018,4194.3
2/6/2018,4194.3
2/7/2018,4194.3
2/8/2018,4194.3
2/9/2018,4194.3
2/10/2018,4194.4
2/11/2018,4194.3
2/12/2018,4194.4
2/13/2018,4194.3
2/14/2018,4194.4
2/15/2018,4194.4
2/16/2018,4194.3
2/17/2018,4194.3
2/18/2018,4194.3
2/19/2018,4194.5
2/20/2018,4194.4
2/21/2018,4194.3
2/22/2018,4194.3
2/23/2018,4194.4
2/24/2018,4194.3
2/25/2018,4194.4
2/26/2018,4194.3
2/27/2018,4194.4
2/28/2018,4194.4
3/1/2018,4194.3
3/2/2018,4194.3
3/3/2018,4194.5
3/4/2018,4194.5
3/5/2018,4194.4
3/6/2018,4194.4
3/7/2018,4194.4
3/8/2018,4194.5
3/9/2018,4194.5
3/10/2018,4194.5
3/11/2018,4194.5
3/12/2018,4194.5
3/13/2018,4194.5
3/14/2018,4194.6
3/15/2018,4194.6
3/16/2018,4194.5
3/17/2018,4194.5
3/18/2018,4194.6
3/19/2018,4194.6
3/20/2018,4194.6
3/21/2018,4194.6
3/22/2018,4194.4
3/23/2018,4194.7
3/24/2018,4194.7
3/25/2018,4194.7
3/26/2018,4194.7
3/27/2018,4194.7
3/28/2018,4194.7
3/29/2018,4194.7
3/30/2018,4194.7
3/31/2018,4194.7
4/1/2018,4194.7
4/2/2018,4194.9
4/3/2018,4194.7
4/4/2018,4194.7
4/5/2018,4194.7
4/6/2018,4194.8
4/7/2018,4194.8
4/8/2018,4194.9
4/9/2018,4194.8
4/10/2018,4194.8
4/11/2018,4194.8
4/12/2018,4195.2
4/13/2018,4195
4/14/2018,4194.8
4/15/2018,4194.8
4/16/2018,4194.9
4/17/2018,4195
4/18/2018,4194.8
4/19/2018,4194.8
4/20/2018,4194.9
4/21/2018,4194.8
4/22/2018,4194.8
4/23/2018,4194.9
4/24/2018,4194.9
4/25/2018,4194.8
4/26/2018,4194.8
4/27/2018,4194.8
4/28/2018,4194.8
4/29/2018,4194.9
4/30/2018,4194.8
5/1/2018,4194.8
5/2/2018,4194.8
5/3/2018,4194.8
5/4/2018,4194.8
5/5/2018,4194.8
5/6/2018,4194.7
5/7/2018,4194.8
5/8/2018,4194.8
5/9/2018,4194.8
5/10/2018,4194.9
5/11/2018,4195
5/12/2018,4194.9
5/13/2018,4194.9
5/14/2018,4194.9
5/15/2018,4194.9
5/16/2018,4194.9
5/17/2018,4194.9
5/18/2018,4194.9
5/19/2018,4194.8
5/20/2018,4194.8
5/21/2018,4194.8
5/22/2018,4194.7
5/23/2018,4194.7
5/24/2018,4194.7
5/25/2018,4194.7
5/26/2018,4194.8
5/27/2018,4194.8
5/28/2018,4194.7
5/29/2018,4194.7
5/30/2018,4194.7
5/31/2018,4194.8
6/1/2018,4194.7
6/2/2018,4194.7
6/3/2018,4194.6
6/4/2018,4194.6
6/5/2018,4194.6
6/6/2018,4194.6
6/7/2018,4194.6
6/8/2018,4194.6
6/9/2018,4194.5
6/10/2018,4194.6
6/11/2018,4194.5
6/12/2018,4194.5
6/13/2018,4194.4
6/14/2018,4194.5
6/15/2018,4194.5
6/16/2018,4194.5
6/17/2018,4194.3
6/18/2018,4194.4
6/19/2018,4194.3
6/20/2018,4194.3
6/21/2018,4194.3
6/22/2018,4194.3
6/23/2018,4194.3
6/24/2018,4194.2
6/25/2018,4194.2
6/26/2018,4194.1
6/27/2018,4194.1
6/28/2018,4194.1
6/29/2018,4194.1
6/30/2018,4194
7/1/2018,4193.9
7/2/2018,4193.9
7/3/2018,4194
7/4/2018,4193.9
7/5/2018,4193.9
7/6/2018,4193.9
7/7/2018,4193.9
7/8/2018,4193.7
7/9/2018,4193.8
7/10/2018,4193.8
7/11/2018,4193.8
7/12/2018,4193.7
7/13/2018,4193.7
7/14/2018,4193.7
7/15/2018,4193.7
7/16/2018,4193.7
7/17/2018,4193.6
7/18/2018,4193.6
7/19/2018,4193.6
7/20/2018,4193.6
7/21/2018,4193.5
7/22/2018,4193.6
7/23/2018,4193.5
7/24/2018,4193.5
7/25/2018,4193.5
7/26/2018,4193.5
7/27/2018,4193.4
7/28/2018,4193.4
7/29/2018,4193.4
7/30/2018,4193.4
7/31/2018,4193.4
8/1/2018,4193.3
8/2/2018,4193.2
8/3/2018,4193.3
8/4/2018,4193.3
8/5/2018,4193.3
8/6/2018,4193.2
8/7/2018,4193.2
8/8/2018,4193.2
8/9/2018,4193.2
8/10/2018,4193.1
8/11/2018,4193.1
8/12/2018,4193.1
8/13/2018,4193.1
8/14/2018,4193.1
8/15/2018,4193
8/16/2018,4193
8/17/2018,4193
8/18/2018,4193
8/19/2018,4193
8/20/2018,4192.9
8/21/2018,4192.9
8/22/2018,4192.8
8/23/2018,4192.8
8/24/2018,4192.8
8/25/2018,4192.8
8/26/2018,4192.8
8/27/2018,4192.9
8/28/2018,4192.8
8/29/2018,4192.7
8/30/2018,4192.7
8/31/2018,4192.8
9/1/2018,4192.7
9/2/2018,4192.7
9/3/2018,4192.7
9/4/2018,4192.6
9/5/2018,4192.6
9/6/2018,4192.6
9/7/2018,4192.6
9/8/2018,4192.6
9/9/2018,4192.6
9/10/2018,4192.5
9/11/2018,4192.5
9/12/2018,4192.5
9/13/2018,4192.5
9/14/2018,4192.5
9/15/2018,4192.4
9/16/2018,4192.4
9/17/2018,4192.4
9/18/2018,4192.4
9/19/2018,4192.4
9/20/2018,4192.3
9/21/2018,4192.3
9/22/2018,4192.3
9/23/2018,4192.3
9/24/2018,4192.3
9/25/2018,4192.2
9/26/2018,4192.2
9/27/2018,4192.2
9/28/2018,4192.2
9/29/2018,4192.1
9/30/2018,4192
10/1/2018,4192.1
10/2/2018,4192.1
10/3/2018,4192.2
10/4/2018,4192.1
10/5/2018,4192.1
10/6/2018,4192.2
10/7/2018,4192.4
10/8/2018,4192.2
10/9/2018,4192.1
10/10/2018,4192.2
10/11/2018,4192.1
10/12/2018,4192.1
10/13/2018,4192.2
10/14/2018,4192.3
10/15/2018,4192.1
10/16/2018,4192.1
10/17/2018,4192.1
10/18/2018,4192
10/19/2018,4192.1
10/20/2018,4192.1
10/21/2018,4192.1
10/22/2018,4192.1
10/23/2018,4192.1
10/24/2018,4192.1
10/25/2018,4192.1
10/26/2018,4192.1
10/27/2018,4192.1
10/28/2018,4192.1
10/29/2018,4192.1
10/30/2018,4192.2
10/31/2018,4192.1
11/1/2018,4192
11/2/2018,4192.1
11/3/2018,4192.1
11/4/2018,4192
11/5/2018,4192.1
11/6/2018,4192
11/7/2018,4192.1
11/8/2018,4192
11/9/2018,4192
11/10/2018,4192
11/11/2018,4192.1
11/12/2018,4192
11/13/2018,4192
11/14/2018,4192
11/15/2018,4192
11/16/2018,4192
11/17/2018,4192
11/18/2018,4192
11/19/2018,4192
11/20/2018,4192
11/21/2018,4192
11/22/2018,4192
11/23/2018,4192
11/24/2018,4192.1
11/25/2018,4192
11/26/2018,4192
11/27/2018,4192
11/28/2018,4192
11/29/2018,4192.1
11/30/2018,4192.2
12/1/2018,4192.1
12/2/2018,4192.2
12/3/2018,4192.1
12/4/2018,4192.1
12/5/2018,4192.1
12/6/2018,4192.1
12/7/2018,4192.1
12/8/2018,4192.1
12/9/2018,4192.1
12/10/2018,4192.1
12/11/2018,4192.1
12/12/2018,4192.3
12/13/2018,4192.2
12/14/2018,4192.2
12/15/2018,4192.2
12/16/2018,4192.2
12/17/2018,4192.2
12/18/2018,4192.2
12/19/2018,4192.2
12/20/2018,4192.2
12/21/2018,4192.3
12/22/2018,4192.3
12/23/2018,4192.2
12/24/2018,4192.3
12/25/2018,4192.3
12/26/2018,4192.4
12/27/2018,4192.4
12/28/2018,4192.4
12/29/2018,4192.3
12/30/2018,4192.3
12/31/2018,4192.4
1/1/2019,4192.4
1/2/2019,4192.3
1/3/2019,4192.3
1/4/2019,4192.3
1/5/2019,4192.3
1/6/2019,4192.3
1/7/2019,4192.3
1/8/2019,4192.4
1/9/2019,4192.4
1/10/2019,4192.4
1/11/2019,4192.3
1/12/2019,4192.3
1/13/2019,4192.3
1/14/2019,4192.4
1/15/2019,4192.4
1/16/2019,4192.4
1/17/2019,4192.4
1/18/2019,4192.4
1/19/2019,4192.5
1/20/2019,4192.5
1/21/2019,4192.6
1/22/2019,4192.6
1/23/2019,4192.5
1/24/2019,4192.5
1/25/2019,4192.6
1/26/2019,4192.6
1/27/2019,4192.6
1/28/2019,4192.6
1/29/2019,4192.6
1/30/2019,4192.6
1/31/2019,4192.6
2/1/2019,4192.7
2/2/2019,4192.7
2/3/2019,4192.7
2/4/2019,4192.5
2/5/2019,4192.5
2/6/2019,4192.7
2/7/2019,4192.8
2/8/2019,4192.8
2/9/2019,4192.7
2/10/2019,4192.7
2/11/2019,4192.8
2/12/2019,4192.9
2/13/2019,4192.9
2/14/2019,4192.6
2/15/2019,4192.9
2/16/2019,4193.1
2/17/2019,4193.1
2/18/2019,4193.1
2/19/2019,4193.2
2/20/2019,4193.1
2/21/2019,4193.1
2/22/2019,4193.2
2/23/2019,4193.1
2/24/2019,4193.1
2/25/2019,4193.1
2/26/2019,4193.2
2/27/2019,4193.2
2/28/2019,4193.2
3/1/2019,4193.3
3/2/2019,4193.3
3/3/2019,4193.3
3/4/2019,4193.3
3/5/2019,4193.3
3/6/2019,4193.3
3/7/2019,4193.3
3/8/2019,4193.5
3/9/2019,4193.4
3/10/2019,4193.5
3/11/2019,4193.5
3/12/2019,4193.5
3/13/2019,4193.7
3/14/2019,4193.6
3/15/2019,4193.6
3/16/2019,4193.6
3/17/2019,4193.6
3/18/2019,4193.6
3/19/2019,4193.6
3/20/2019,4193.6
3/21/2019,4193.6
3/22/2019,4193.6
3/23/2019,4193.6
3/24/2019,4193.7
3/25/2019,4193.7
3/26/2019,4193.7
3/27/2019,4193.7
3/28/2019,4193.8
3/29/2019,4193.8
3/30/2019,4193.8
3/31/2019,4193.8
4/1/2019,4193.8
4/2/2019,4193.8
4/3/2019,4193.9
4/4/2019,4193.9
4/5/2019,4193.9
4/6/2019,4193.9
4/7/2019,4193.9
4/8/2019,4193.9
4/9/2019,4194
4/10/2019,4194.5
4/11/2019,4194.1
4/12/2019,4194
4/13/2019,4194
4/14/2019,4194
4/15/2019,4194.1
4/16/2019,4194.2
4/17/2019,4194.2
4/18/2019,4194.2
4/19/2019,4194.2
4/20/2019,4194.3
4/21/2019,4194.4
4/22/2019,4194.4
4/23/2019,4194.4
4/24/2019,4194.4
4/25/2019,4194.4
4/26/2019,4194.5
4/27/2019,4194.5
4/28/2019,4194.6
4/29/2019,4194.6
4/30/2019,4194.6
5/1/2019,4194.5
5/2/2019,4194.5
5/3/2019,4194.5
5/4/2019,4194.5
5/5/2019,4194.5
5/6/2019,4194.5
5/7/2019,4194.6
5/8/2019,4194.7
5/9/2019,4194.6
5/10/2019,4194.6
5/11/2019,4194.6
5/12/2019,4194.6
5/13/2019,4194.6
5/14/2019,4194.6
5/15/2019,4194.5
5/16/2019,4194.4
5/17/2019,4194.7
5/18/2019,4194.6
5/19/2019,4194.5
5/20/2019,4194.6
5/21/2019,4194.7
5/22/2019,4194.6
5/23/2019,4194.6
5/24/2019,4194.6
5/25/2019,4194.7
5/26/2019,4194.7
5/27/2019,4194.7
5/28/2019,4194.8
5/29/2019,4194.8
5/30/2019,4194.8
5/31/2019,4194.8
6/1/2019,4194.8
6/2/2019,4194.8
6/3/2019,4194.8
6/4/2019,4194.8
6/5/2019,4194.8
6/6/2019,4194.7
6/7/2019,4195.1
6/8/2019,4194.9
6/9/2019,4194.9
6/10/2019,4194.9
6/11/2019,4194.9
6/12/2019,4194.9
6/13/2019,4194.9
6/14/2019,4194.9
6/15/2019,4194.9
6/16/2019,4194.9
6/17/2019,4194.9
6/18/2019,4194.9
6/19/2019,4194.9
6/20/2019,4195
6/21/2019,4195
6/22/2019,4194.9
6/23/2019,4194.8
6/24/2019,4194.8
6/25/2019,4194.8
6/26/2019,4194.7
6/27/2019,4194.6
6/28/2019,4194.7
6/29/2019,4194.7
6/30/2019,4194.6
7/1/2019,4194.7
7/2/2019,4194.7
7/3/2019,4194.8
7/4/2019,4194.7
7/5/2019,4194.6
7/6/2019,4194.6
7/7/2019,4194.5
7/8/2019,4194.6
7/9/2019,4194.5
7/10/2019,4194.5
7/11/2019,4194.5
7/12/2019,4194.5
7/13/2019,4194.4
7/14/2019,4194.4
7/15/2019,4194.4
7/16/2019,4194.5
7/17/2019,4194.4
7/18/2019,4194.4
7/19/2019,4194.4
7/20/2019,4194.4
7/21/2019,4194.3
7/22/2019,4194.3
7/23/2019,4194.3
7/24/2019,4194.3
7/25/2019,4194.2
7/26/2019,4194.1
7/27/2019,4194.2
7/28/2019,4194.1
7/29/2019,4194.1
7/30/2019,4194.1
7/31/2019,4193.9
8/1/2019,4194
8/2/2019,4194
8/3/2019,4193.9
8/4/2019,4194
8/5/2019,4193.9
8/6/2019,4193.9
8/7/2019,4193.9
8/8/2019,4193.9
8/9/2019,4193.9
8/10/2019,4193.8
8/11/2019,4193.9
8/12/2019,4193.8
8/13/2019,4193.8
8/14/2019,4193.8
8/15/2019,4193.8
8/16/2019,4193.8
8/17/2019,4193.7
8/18/2019,4193.7
8/19/2019,4193.7
8/20/2019,4193.7
8/21/2019,4193.6
8/22/2019,4193.7
8/23/2019,4193.6
8/24/2019,4193.6
8/25/2019,4193.6
8/26/2019,4193.6
8/27/2019,4193.5
8/28/2019,4193.5
8/29/2019,4193.5
8/30/2019,4193.5
8/31/2019,4193.5
9/1/2019,4193.5
9/2/2019,4193.4
9/3/2019,4193.4
9/4/2019,4193.4
9/5/2019,4193.3
9/6/2019,4193.4
9/7/2019,4193.4
9/8/2019,4193.4
9/9/2019,4193.3
9/10/2019,4193.3
9/11/2019,4193.4
9/12/2019,4193.3
9/13/2019,4193.3
9/14/2019,4193.3
9/15/2019,4193.2
9/16/2019,4193
9/17/2019,4193.3
9/18/2019,4193.2
9/19/2019,4193.3
9/20/2019,4193.1
9/21/2019,4193.1
9/22/2019,4193.1
9/23/2019,4193.1
9/24/2019,4193.1
9/25/2019,4193.1
9/26/2019,4193.1
9/27/2019,4193.1
9/28/2019,4193.2
9/29/2019,4193.3
9/30/2019,4193.2
10/1/2019,4193.3
10/2/2019,4193.2
10/3/2019,4193.2
10/4/2019,4193.4
10/5/2019,4193.2
10/6/2019,4193.2
10/7/2019,4193.2
10/8/2019,4193.2
10/9/2019,4193.4
10/10/2019,4193.3
10/11/2019,4193.2
10/12/2019,4193.2
10/13/2019,4193.2
10/14/2019,4193.2
10/15/2019,4193.2
10/16/2019,4193.2
10/17/2019,4193.3
10/18/2019,4193.2
10/19/2019,4193.3
10/20/2019,4193.3
10/21/2019,4193.2
10/22/2019,4193.2
10/23/2019,4193.3
10/24/2019,4193.2
10/25/2019,4193.2
10/26/2019,4193.3
10/27/2019,4193.4
10/28/2019,4193.2
10/29/2019,4193.3
10/30/2019,4193.2
10/31/2019,4193.2
11/1/2019,4193.2
11/2/2019,4193.2
11/3/2019,4193.2
11/4/2019,4193.2
11/5/2019,4193.2
11/6/2019,4193.2
11/7/2019,4193.2
11/8/2019,4193.2
11/9/2019,4193.2
11/10/2019,4193.2
11/11/2019,4193.3
11/12/2019,4193.3
11/13/2019,4193.3
11/14/2019,4193.3
11/15/2019,4193.3
11/16/2019,4193.3
11/17/2019,4193.3
11/18/2019,4193.3
11/19/2019,4193.3
11/20/2019,4193.3
11/21/2019,4193.3
11/22/2019,4193.3
11/23/2019,4193.3
11/24/2019,4193.3
11/25/2019,4193.6
11/26/2019,4193.3
11/27/2019,4193.2
11/28/2019,4193.3
11/29/2019,4193.4
11/30/2019,4193.4
12/1/2019,4193.4
12/2/2019,4193.4
12/3/2019,4193.4
12/4/2019,4193.4
12/5/2019,4193.5
12/6/2019,4193.5
12/7/2019,4193.5
12/8/2019,4193.5
12/9/2019,4193.5
12/10/2019,4193.5
12/11/2019,4193.6
12/12/2019,4193.6
12/13/2019,4193.6
12/14/2019,4193.7
12/15/2019,4193.7
12/16/2019,4193.7
12/17/2019,4193.7
12/18/2019,4193.7
12/19/2019,4193.7
12/20/2019,4193.7
12/21/2019,4193.7
12/22/2019,4193.7
12/23/2019,4193.8
12/24/2019,4193.8
12/25/2019,4193.8
12/26/2019,4193.8
12/27/2019,4193.9
12/28/2019,4193.9
12/29/2019,4193.8
12/30/2019,4193.8
12/31/2019,4193.8
1/1/2020,4193.8
1/2/2020,4193.9
1/3/2020,4193.8
1/4/2020,4193.8
1/5/2020,4193.9
1/6/2020,4193.9
1/7/2020,4193.9
1/8/2020,4193.9
1/9/2020,4193.9
1/10/2020,4193.9
1/11/2020,4193.9
1/12/2020,4193.9
1/13/2020,4193.9
1/14/2020,4193.9
1/15/2020,4193.9
1/16/2020,4193.9
1/17/2020,4193.9
1/18/2020,4193.9
1/19/2020,4193.9
1/20/2020,4193.9
1/21/2020,4193.9
1/22/2020,4193.9
1/23/2020,4193.9
1/24/2020,4194
1/25/2020,4194
1/26/2020,4194
1/27/2020,4194
1/28/2020,4194
1/29/2020,4194.1
1/30/2020,4194.1
1/31/2020,4194.1
2/1/2020,4194.2
2/2/2020,4194.3
2/3/2020,4194.6
2/4/2020,4194.3
2/5/2020,4194.2
2/6/2020,4194.2
2/7/2020,4194.3
2/8/2020,4194.3
2/9/2020,4194.4
2/10/2020,4194.3
2/11/2020,4194.3
2/12/2020,4194.3
2/13/2020,4194.3
2/14/2020,4194.4
2/15/2020,4194.3
2/16/2020,4194.4
2/17/2020,4194.4
2/18/2020,4194.4
2/19/2020,4194.5
2/20/2020,4194.4
2/21/2020,4194.4
2/22/2020,4194.4
2/23/2020,4194.4
2/24/2020,4194.6
2/25/2020,4194.5
2/26/2020,4194.5
2/27/2020,4194.5
2/28/2020,4194.5
2/29/2020,4194.5
3/1/2020,4194.7
3/2/2020,4194.5
3/3/2020,4194.5
3/4/2020,4194.5
3/5/2020,4194.5
3/6/2020,4194.5
3/7/2020,4194.5
3/8/2020,4194.5
3/9/2020,4194.5
3/10/2020,4194.5
3/11/2020,4194.5
3/12/2020,4194.6
3/13/2020,4194.6
3/14/2020,4194.3
3/15/2020,4194.4
3/16/2020,4194.5
3/17/2020,4194.5
3/18/2020,4194.6
3/19/2020,4194.6
3/20/2020,4194.6
3/21/2020,4194.6
3/22/2020,4194.6
3/23/2020,4194.6
3/24/2020,4194.6
3/25/2020,4194.6
3/26/2020,4194.7
3/27/2020,4194.7
3/28/2020,4194.7
3/29/2020,4194.7
3/30/2020,4194.7
3/31/2020,4194.7
4/1/2020,4194.8
4/2/2020,4194.8
4/3/2020,4194.7
4/4/2020,4194.7
4/5/2020,4194.7
4/6/2020,4194.7
4/7/2020,4194.7
4/8/2020,4194.8
4/9/2020,4194.7
4/10/2020,4194.7
4/11/2020,4194.8
4/12/2020,4194.9
4/13/2020,4194.8
4/14/2020,4194.7
4/15/2020,4194.7
4/16/2020,4194.8
4/17/2020,4194.7
4/18/2020,4194.7
4/19/2020,4194.7
4/20/2020,4194.7
4/21/2020,4194.7
4/22/2020,4194.7
4/23/2020,4194.9
4/24/2020,4194.7
4/25/2020,4194.7
4/26/2020,4194.7
4/27/2020,4194.7
4/28/2020,4194.7
4/29/2020,4194.7
4/30/2020,4194.7
5/1/2020,4194.7
5/2/2020,4194.7
5/3/2020,4194.8
5/4/2020,4194.7
5/5/2020,4194.6
5/6/2020,4194.7
5/7/2020,4194.6
5/8/2020,4194.6
5/9/2020,4194.6
5/10/2020,4194.6
5/11/2020,4194.5
5/12/2020,4194.6
5/13/2020,4194.6
5/14/2020,4194.6
5/15/2020,4194.6
5/16/2020,4194.6
5/17/2020,4194.4
5/18/2020,4194.3
5/19/2020,4194.5
5/20/2020,4194.4
5/21/2020,4194.4
5/22/2020,4194.6
5/23/2020,4194.4
5/24/2020,4194.4
5/25/2020,4194.4
5/26/2020,4194.4
5/27/2020,4194.4
5/28/2020,4194.4
5/29/2020,4194.4
5/30/2020,4194.3
5/31/2020,4194.4
6/1/2020,4194.3
6/2/2020,4194.4
6/3/2020,4194.3
6/4/2020,4194.3
6/5/2020,4194.2
6/6/2020,4194.1
6/7/2020,4194.4
6/8/2020,4194.3
6/9/2020,4194.2
6/10/2020,4194.2
6/11/2020,4194.2
6/12/2020,4194.2
6/13/2020,4194.2
6/14/2020,4194.2
6/15/2020,4194.2
6/16/2020,4194.3
6/17/2020,4194.2
6/18/2020,4194.2
6/19/2020,4194.1
6/20/2020,4194.1
6/21/2020,4194.1
6/22/2020,4194.1
6/23/2020,4194.1
6/24/2020,4194.1
6/25/2020,4194.2
6/26/2020,4194.1
6/27/2020,4194.1
6/28/2020,4194.3
6/29/2020,4194.1
6/30/2020,4194.1
7/1/2020,4194.1
7/2/2020,4194.1
7/3/2020,4194
7/4/2020,4194
7/5/2020,4194
7/6/2020,4194
7/7/2020,4194
7/8/2020,4194
7/9/2020,4194
7/10/2020,4193.9
7/11/2020,4193.9
7/12/2020,4193.9
7/13/2020,4193.9
7/14/2020,4193.9
7/15/2020,4193.8
7/16/2020,4193.8
7/17/2020,4193.8
7/18/2020,4193.8
7/19/2020,4193.8
7/20/2020,4193.7
7/21/2020,4193.7
7/22/2020,4193.6
7/23/2020,4193.6
7/24/2020,4193.6
7/25/2020,4193.6
7/26/2020,4193.6
7/27/2020,4193.5
7/28/2020,4193.6
7/29/2020,4193.6
7/30/2020,4193.5
7/31/2020,4193.5
8/1/2020,4193.5
8/2/2020,4193.5
8/3/2020,4193.5
8/4/2020,4193.5
8/5/2020,4193.4
8/6/2020,4193.3
8/7/2020,4193.4
8/8/2020,4193.3
8/9/2020,4193.3
8/10/2020,4193.3
8/11/2020,4193.3
8/12/2020,4193.3
8/13/2020,4193.2
8/14/2020,4193.2
8/15/2020,4193.2
8/16/2020,4193.2
8/17/2020,4193.2
8/18/2020,4193.2
8/19/2020,4193.2
8/20/2020,4193.1
8/21/2020,4193.1
8/22/2020,4193.1
8/23/2020,4193.1
8/24/2020,4193.1
8/25/2020,4193.1
8/26/2020,4193
8/27/2020,4193.1
8/28/2020,4193
8/29/2020,4193
8/30/2020,4193
8/31/2020,4193
9/1/2020,4192.9
9/2/2020,4192.8
9/3/2020,4192.8
9/4/2020,4192.8
9/5/2020,4192.8
9/6/2020,4192.8
9/7/2020,4193
9/8/2020,4192.8
9/9/2020,4192.7
9/10/2020,4192.6
9/11/2020,4192.6
9/12/2020,4192.6
9/13/2020,4192.6
9/14/2020,4192.6
9/15/2020,4192.6
9/16/2020,4192.6
9/17/2020,4192.6
9/18/2020,4192.6
9/19/2020,4192.7
9/20/2020,4192.6
9/21/2020,4192.6
9/22/2020,4192.6
9/23/2020,4192.6
9/24/2020,4192.6
9/25/2020,4192.6
9/26/2020,4192.6
9/27/2020,4192.6
9/28/2020,4192.5
9/29/2020,4192.5
9/30/2020,4192.5
10/1/2020,4192.5
10/2/2020,4192.5
10/3/2020,4192.5
10/4/2020,4192.5
10/5/2020,4192.5
10/6/2020,4192.4
10/7/2020,4192.4
10/8/2020,4192.4
10/9/2020,4192.4
10/10/2020,4192.4
10/11/2020,4192.5
10/12/2020,4192.4
10/13/2020,4192.4
10/14/2020,4192.5
10/15/2020,4192.4
10/16/2020,4192.3
10/17/2020,4192.3
10/18/2020,4192.3
10/19/2020,4192.3
10/20/2020,4192.3
10/21/2020,4192.3
10/22/2020,4192.5
10/23/2020,4192.3
10/24/2020,4192.3
10/25/2020,4192.4
10/26/2020,4192.2
10/27/2020,4192.2
10/28/2020,4192.2
10/29/2020,4192.2
10/30/2020,4192.2
10/31/2020,4192.2
11/1/2020,4192.2
11/2/2020,4192.2
11/3/2020,4192.2
11/4/2020,4192.2
11/5/2020,4192.2
11/6/2020,4192.1
11/7/2020,4192
11/8/2020,4192.1
11/9/2020,4192.3
11/10/2020,4192.1
11/11/2020,4192.2
11/12/2020,4192.1
11/13/2020,4192.1
11/14/2020,4192.4
11/15/2020,4192.2
11/16/2020,4192.1
11/17/2020,4192.1
11/18/2020,4192.1
11/19/2020,4192.2
11/20/2020,4192.2
11/21/2020,4192.2
11/22/2020,4192.2
11/23/2020,4192.2
11/24/2020,4192.2
11/25/2020,4192.2
11/26/2020,4192.2
11/27/2020,4192.2
11/28/2020,4192.2
11/29/2020,4192.2
11/30/2020,4192.2
12/1/2020,4192.2
12/2/2020,4192.2
12/3/2020,4192.1
12/4/2020,4192.1
12/5/2020,4192.2
12/6/2020,4192.2
12/7/2020,4192.2
12/8/2020,4192.2
12/9/2020,4192.2
12/10/2020,4192.2
12/11/2020,4192.1
12/12/2020,4192.2
12/13/2020,4192.2
12/14/2020,4192.2
12/15/2020,4192.2
12/16/2020,4192.2
12/17/2020,4192.2
12/18/2020,4192.2
12/19/2020,4192.2
12/20/2020,4192.2
12/21/2020,4192.2
12/22/2020,4192.4
12/23/2020,4192.3
12/24/2020,4192.2
12/25/2020,4192.2
12/26/2020,4192.2
12/27/2020,4192.3
12/28/2020,4192.3
12/29/2020,4192.3
12/30/2020,4192.2
12/31/2020,4192.3
1/1/2021,4192.3
1/2/2021,4192.3
1/3/2021,4192.3
1/4/2021,4192.3
1/5/2021,4192.3
1/6/2021,4192.3
1/7/2021,4192.3
1/8/2021,4192.3
1/9/2021,4192.3
1/10/2021,4192.3
1/11/2021,4192.3
1/12/2021,4192.3
1/13/2021,4192.3
1/14/2021,4192.3
1/15/2021,4192.3
1/16/2021,4192.3
1/17/2021,4192.3
1/18/2021,4192.4
1/19/2021,4192.3
1/20/2021,4192.3
1/21/2021,4192.3
1/22/2021,4192.3
1/23/2021,4192.4
1/24/2021,4192.4
1/25/2021,4192.4
1/26/2021,4192.4
1/27/2021,4192.3
1/28/2021,4192.4
1/29/2021,4192.4
1/30/2021,4192.4
1/31/2021,4192.4
2/1/2021,4192.4
2/2/2021,4192.5
2/3/2021,4192.5
2/4/2021,4192.5
2/5/2021,4192.5
2/6/2021,4192.5
2/7/2021,4192.5
2/8/2021,4192.5
2/9/2021,4192.5
2/10/2021,4192.5
2/11/2021,4192.5
2/12/2021,4192.6
2/13/2021,4192.7
2/14/2021,4192.7
2/15/2021,4192.6
2/16/2021,4192.8
2/17/2021,4192.7
2/18/2021,4192.7
2/19/2021,4192.7
2/20/2021,4192.8
2/21/2021,4192.8
2/22/2021,4192.7
2/23/2021,4192.8
2/24/2021,4192.9
2/25/2021,4192.8
2/26/2021,4192.8
2/27/2021,4192.8
2/28/2021,4192.8
3/1/2021,4192.8
3/2/2021,4192.8
3/3/2021,4192.8
3/4/2021,4192.8
3/5/2021,4192.8
3/6/2021,4192.8
3/7/2021,4192.8
3/8/2021,4192.8
3/9/2021,4192.8
3/10/2021,4192.8
3/11/2021,4192.7
3/12/2021,4192.8
3/13/2021,4192.8
3/14/2021,4192.8
3/15/2021,4192.7
3/16/2021,4192.8
3/17/2021,4192.8
3/18/2021,4192.8
3/19/2021,4192.8
3/20/2021,4192.9
3/21/2021,4192.8
3/22/2021,4192.8
3/23/2021,4192.9
3/24/2021,4192.9
3/25/2021,4192.8
3/26/2021,4192.9
3/27/2021,4192.8
3/28/2021,4192.8
3/29/2021,4193
3/30/2021,4192.8
3/31/2021,4192.8
4/1/2021,4192.8
4/2/2021,4192.8
4/3/2021,4192.8
4/4/2021,4192.8
4/5/2021,4192.9
4/6/2021,4192.8
4/7/2021,4192.8
4/8/2021,4192.9
4/9/2021,4192.8
4/10/2021,4192.8
4/11/2021,4192.9
4/12/2021,4192.8
4/13/2021,4192.7
4/14/2021,4192.7
4/15/2021,4192.7
4/16/2021,4192.7
4/17/2021,4192.7
4/18/2021,4192.7
4/19/2021,4192.9
4/20/2021,4192.7
4/21/2021,4192.7
4/22/2021,4192.7
4/23/2021,4192.7
4/24/2021,4192.7
4/25/2021,4192.8
4/26/2021,4192.8
4/27/2021,4192.8
4/28/2021,4192.7
4/29/2021,4192.7
4/30/2021,4192.7
5/1/2021,4192.8
5/2/2021,4192.8
5/3/2021,4192.8
5/4/2021,4192.7
5/5/2021,4192.7
5/6/2021,4192.7
5/7/2021,4192.7
5/8/2021,4192.8
5/9/2021,4192.6
5/10/2021,4192.7
5/11/2021,4192.6
5/12/2021,4192.6
5/13/2021,4192.6
5/14/2021,4192.6
5/15/2021,4192.6
5/16/2021,4192.6
5/17/2021,4192.5
5/18/2021,4192.5
5/19/2021,4192.5
5/20/2021,4192.8
5/21/2021,4192.5
5/22/2021,4192.4
5/23/2021,4192.4
5/24/2021,4192.4
5/25/2021,4192.4
5/26/2021,4192.5
5/27/2021,4192.4
5/28/2021,4192.4
5/29/2021,4192.4
5/30/2021,4192.4
5/31/2021,4192.4
6/1/2021,4192.3
6/2/2021,4192.3
6/3/2021,4192.3
6/4/2021,4192.4
6/5/2021,4192.3
6/6/2021,4192.3
6/7/2021,4192.3
6/8/2021,4192.1
6/9/2021,4192.1
6/10/2021,4192.3
6/11/2021,4192.1
6/12/2021,4192.1
6/13/2021,4192.1
6/14/2021,4192
6/15/2021,4192
6/16/2021,4192.1
6/17/2021,4192.1
6/18/2021,4192
6/19/2021,4192
6/20/2021,4192
6/21/2021,4192
6/22/2021,4191.9
6/23/2021,4191.9
6/24/2021,4191.9
6/25/2021,4191.9
6/26/2021,4191.9
6/27/2021,4191.9
6/28/2021,4191.8
6/29/2021,4191.7
6/30/2021,4191.8
7/1/2021,4191.8
7/2/2021,4191.8
7/3/2021,4191.7
7/4/2021,4191.7
7/5/2021,4191.7
7/6/2021,4191.7
7/7/2021,4191.7
7/8/2021,4191.7
7/9/2021,4191.7
7/10/2021,4191.6
7/11/2021,4191.6
7/12/2021,4191.6
7/13/2021,4191.6
7/14/2021,4191.5
7/15/2021,4191.4
7/16/2021,4191.5
7/17/2021,4191.5
7/18/2021,4191.5
7/19/2021,4191.4
7/20/2021,4191.4
7/21/2021,4191.3
7/22/2021,4191.3
7/23/2021,4191.3
7/24/2021,4191.3
7/25/2021,4191.3
7/26/2021,4191.2
7/27/2021,4191.2
7/28/2021,4191.3
7/29/2021,4191.2
7/30/2021,4191.2
7/31/2021,4191.2
8/1/2021,4191.2
8/2/2021,4191.2
8/3/2021,4191.2
8/4/2021,4191.2
8/5/2021,4191.1
8/6/2021,4191.2
8/7/2021,4191.1
8/8/2021,4191.1
8/9/2021,4191.1
8/10/2021,4191.1
8/11/2021,4191
8/12/2021,4191
8/13/2021,4191
8/14/2021,4191
8/15/2021,4191
8/16/2021,4191
8/17/2021,4190.8
8/18/2021,4190.8
8/19/2021,4191
8/20/2021,4191
8/21/2021,4190.8
8/22/2021,4191
8/23/2021,4190.9
8/24/2021,4190.9
8/25/2021,4190.9
8/26/2021,4190.9
8/27/2021,4190.9
8/28/2021,4190.9
8/29/2021,4190.9
8/30/2021,4190.9
8/31/2021,4190.8
9/1/2021,4190.8
9/2/2021,4190.8
9/3/2021,4190.8
9/4/2021,4190.8
9/5/2021,4190.8
9/6/2021,4190.8
9/7/2021,4190.8
9/8/2021,4190.8
9/9/2021,4190.8
9/10/2021,4190.7
9/11/2021,4190.8
9/12/2021,4190.7
9/13/2021,4190.8
9/14/2021,4190.7
9/15/2021,4190.7
9/16/2021,4190.7
9/17/2021,4190.7
9/18/2021,4190.4
9/19/2021,4190.7
9/20/2021,4190.6
9/21/2021,4190.6
9/22/2021,4190.5
9/23/2021,4190.6
9/24/2021,4190.5
9/25/2021,4190.5
9/26/2021,4190.5
9/27/2021,4190.5
9/28/2021,4190.7
9/29/2021,4190.5
9/30/2021,4190.5
10/1/2021,4190.4
10/2/2021,4190.4
10/3/2021,4190.4
10/4/2021,4190.4
10/5/2021,4190.4
10/6/2021,4190.4
10/7/2021,4190.5
10/8/2021,4190.3
10/9/2021,4190.5
10/10/2021,4190.4
10/11/2021,4190.6
10/12/2021,4190.8
10/13/2021,4190.4
10/14/2021,4190.4
10/15/2021,4190.3
10/16/2021,4190.3
10/17/2021,4190.3
10/18/2021,4190.2
10/19/2021,4190.3
10/20/2021,4190.4
10/21/2021,4190.4
10/22/2021,4190.3
10/23/2021,4190.4
10/24/2021,4190.3
10/25/2021,4190.5
10/26/2021,4190.8
10/27/2021,4190.4
10/28/2021,4190.5
10/29/2021,4190.5
10/30/2021,4190.5
10/31/2021,4190.5
11/1/2021,4190.5
11/2/2021,4190.6
11/3/2021,4190.6
11/4/2021,4190.6
11/5/2021,4190.6
11/6/2021,4190.6
11/7/2021,4190.6
11/8/2021,4190.6
11/9/2021,4190.6
11/10/2021,4190.6
11/11/2021,4190.6
11/12/2021,4190.6
11/13/2021,4190.6
11/14/2021,4190.6
11/15/2021,4190.6
11/16/2021,4190.7
11/17/2021,4190.7
11/18/2021,4190.6
11/19/2021,4190.6
11/20/2021,4190.6
11/21/2021,4190.6
11/22/2021,4190.6
11/23/2021,4190.7
11/24/2021,4190.6
11/25/2021,4190.6
11/26/2021,4190.6
11/27/2021,4190.6
11/28/2021,4190.6
11/29/2021,4190.6
11/30/2021,4190.6
12/1/2021,4190.6
12/2/2021,4190.6
12/3/2021,4190.6
12/4/2021,4190.6
12/5/2021,4190.6
12/6/2021,4190.6
12/7/2021,4190.6
12/8/2021,4190.6
12/9/2021,4190.7
12/10/2021,4190.7
12/11/2021,4190.6
12/12/2021,4190.6
12/13/2021,4190.6
12/14/2021,4190.5
12/15/2021,4190.7
12/16/2021,4190.7
12/17/2021,4190.7
12/18/2021,4190.7
12/19/2021,4190.7
12/20/2021,4190.7
12/21/2021,4190.7
12/22/2021,4190.7
12/23/2021,4190.6
12/24/2021,4190.6
12/25/2021,4190.6
12/26/2021,4190.6
12/27/2021,4190.5
12/28/2021,4190.7
12/29/2021,4190.7
12/30/2021,4190.7
12/31/2021,4190.8
1/1/2022,4190.8
1/2/2022,4190.7
1/3/2022,4190.7
1/4/2022,4190.8
1/5/2022,4190.7
1/6/2022,4190.8
1/7/2022,4190.8
1/8/2022,4190.8
1/9/2022,4190.8
1/10/2022,4190.8
1/11/2022,4190.8
1/12/2022,4190.8
1/13/2022,4190.8
1/14/2022,4190.8
1/15/2022,4190.8
1/16/2022,4190.8
1/17/2022,4190.8
1/18/2022,4190.9
1/19/2022,4190.9
1/20/2022,4190.9
1/21/2022,4190.9
1/22/2022,4190.9
1/23/2022,4190.9
1/24/2022,4190.9
1/25/2022,4191
1/26/2022,4190.9
1/27/2022,4190.9
1/28/2022,4190.9
1/29/2022,4190.9
1/30/2022,4190.9
1/31/2022,4190.9
2/1/2022,4190.9
2/2/2022,4191
2/3/2022,4190.9
2/4/2022,4190.9
2/5/2022,4190.9
2/6/2022,4190.9
2/7/2022,4190.9
2/8/2022,4190.9
2/9/2022,4190.9
2/10/2022,4190.9
2/11/2022,4190.9
2/12/2022,4190.9
2/13/2022,4190.9
2/14/2022,4190.9
2/15/2022,4191
2/16/2022,4191.1
2/17/2022,4191
2/18/2022,4191
2/19/2022,4191
2/20/2022,4190.9
2/21/2022,4191.1
2/22/2022,4190.9
2/23/2022,4191
2/24/2022,4191
2/25/2022,4191
2/26/2022,4191
2/27/2022,4191
2/28/2022,4191
3/1/2022,4191
3/2/2022,4191
3/3/2022,4191
3/4/2022,4191
3/5/2022,4191.1
3/6/2022,4191.2
3/7/2022,4191.1
3/8/2022,4191
3/9/2022,4191.1
3/10/2022,4191.2
3/11/2022,4191
3/12/2022,4191
3/13/2022,4191.1
3/14/2022,4191.1
3/15/2022,4191.1
3/16/2022,4191.2
3/17/2022,4191.1
3/18/2022,4191.1
3/19/2022,4191
3/20/2022,4191.3
3/21/2022,4191.2
3/22/2022,4191.1
3/23/2022,4191.1
3/24/2022,4191.1
3/25/2022,4191.1
3/26/2022,4191.1
3/27/2022,4191.1
3/28/2022,4191
3/29/2022,4191.2
3/30/2022,4191.1
3/31/2022,4191.2
4/1/2022,4191.1
4/2/2022,4191.1
4/3/2022,4191.1
4/4/2022,4191.1
4/5/2022,4191.4
4/6/2022,4191.1
4/7/2022,4191.1
4/8/2022,4191.1
4/9/2022,4191.2
4/10/2022,4191.1
4/11/2022,4191.2
4/12/2022,4191.1
4/13/2022,4191
4/14/2022,4191
4/15/2022,4191
4/16/2022,4191
4/17/2022,4191.1
4/18/2022,4191
4/19/2022,4191.1
4/20/2022,4191
4/21/2022,4191
4/22/2022,4191.2
4/23/2022,4191.2
4/24/2022,4191
4/25/2022,4191
4/26/2022,4191
4/27/2022,4191
4/28/2022,4191.2
4/29/2022,4191.1
4/30/2022,4191
5/1/2022,4191.1
5/2/2022,4191.1
5/3/2022,4191
5/4/2022,4191
5/5/2022,4190.9
5/6/2022,4191
5/7/2022,4191.1
5/8/2022,4191.1
5/9/2022,4191
5/10/2022,4191
5/11/2022,4191.1
5/12/2022,4190.9
5/13/2022,4190.9
5/14/2022,4190.9
5/15/2022,4190.9
5/16/2022,4190.9
5/17/2022,4190.9
5/18/2022,4190.9
5/19/2022,4191.1
5/20/2022,4190.9
5/21/2022,4190.8
5/22/2022,4190.9
5/23/2022,4190.8
5/24/2022,4190.8
5/25/2022,4190.8
5/26/2022,4190.7
5/27/2022,4190.8
5/28/2022,4190.9
5/29/2022,4190.9
5/30/2022,4190.8
5/31/2022,4190.8
6/1/2022,4190.8
6/2/2022,4190.8
6/3/2022,4190.8
6/4/2022,4190.8
6/5/2022,4190.8
6/6/2022,4190.8
6/7/2022,4190.8
6/8/2022,4190.7
6/9/2022,4190.7
6/10/2022,4190.7
6/11/2022,4190.7
6/12/2022,4190.8
6/13/2022,4190.9
6/14/2022,4190.8
6/15/2022,4190.6
6/16/2022,4190.6
6/17/2022,4190.4
6/18/2022,4190.4
6/19/2022,4190.6
6/20/2022,4190.6
6/21/2022,4190.5
6/22/2022,4190.5
6/23/2022,4190.5
6/24/2022,4190.5
6/25/2022,4190.5
6/26/2022,4190.4
6/27/2022,4190.4
6/28/2022,4190.3
6/29/2022,4190.4
6/30/2022,4190.4
7/1/2022,4190.3
7/2/2022,4190.3
7/3/2022,4190.1
7/4/2022,4190.2
7/5/2022,4190.2
7/6/2022,4190.1
7/7/2022,4190.1
7/8/2022,4190.1
7/9/2022,4190.1
7/10/2022,4190.2
7/11/2022,4190.1
7/12/2022,4190.1
7/13/2022,4190
7/14/2022,4189.9
7/15/2022,4189.9
7/16/2022,4190
7/17/2022,4190
7/18/2022,4190
7/19/2022,4189.9
7/20/2022,4189.9
7/21/2022,4189.9
7/22/2022,4189.9
7/23/2022,4189.9
7/24/2022,4189.8
7/25/2022,4189.8
7/26/2022,4189.8
7/27/2022,4189.8
7/28/2022,4189.8
7/29/2022,4189.7
7/30/2022,4189.7
7/31/2022,4189.7
8/1/2022,4189.6
8/2/2022,4189.7
8/3/2022,4189.7
8/4/2022,4189.6
8/5/2022,4189.6
8/6/2022,4189.7
8/7/2022,4189.6
8/8/2022,4189.6
8/9/2022,4189.6
8/10/2022,4189.6
8/11/2022,4189.5
8/12/2022,4189.5
8/13/2022,4189.6
8/14/2022,4189.5
8/15/2022,4189.6
8/16/2022,4189.5
8/17/2022,4189.5
8/18/2022,4189.5
8/19/2022,4189.5
8/20/2022,4189.4
8/21/2022,4189.4
8/22/2022,4189.4
8/23/2022,4189.4
8/24/2022,4189.4
8/25/2022,4189.4
8/26/2022,4189.3
8/27/2022,4189.3
8/28/2022,4189.3
8/29/2022,4189.3
8/30/2022,4189.3
8/31/2022,4189.3
9/1/2022,4189.3
9/2/2022,4189.3
9/3/2022,4189.2
9/4/2022,4189.2
9/5/2022,4189.2
9/6/2022,4189.2
9/7/2022,4189.2
9/8/2022,4189.3
9/9/2022,4189.2
9/10/2022,4189.2
9/11/2022,4189.1
9/12/2022,4189.1
9/13/2022,4189.1
9/14/2022,4189.1
9/15/2022,4189.2
9/16/2022,4189.2
9/17/2022,4189.2
9/18/2022,4189.1
9/19/2022,4189.1
9/20/2022,4189.1
9/21/2022,4189.1
9/22/2022,4189.1
9/23/2022,4189
9/24/2022,4189
9/25/2022,4189
9/26/2022,4189
9/27/2022,4189
9/28/2022,4188.9
9/29/2022,4189
9/30/2022,4189.1
10/1/2022,4189
10/2/2022,4188.9
10/3/2022,4188.9
10/4/2022,4188.9
10/5/2022,4188.9
10/6/2022,4188.9
10/7/2022,4188.9
10/8/2022,4188.9
10/9/2022,4188.9
10/10/2022,4188.9
10/11/2022,4188.9
10/12/2022,4188.8
10/13/2022,4188.8
10/14/2022,4188.8
10/15/2022,4188.8
10/16/2022,4188.7
10/17/2022,4188.7
10/18/2022,4188.8
10/19/2022,4188.8
10/20/2022,4188.8
10/21/2022,4188.8
10/22/2022,4188.8
10/23/2022,4188.8
10/24/2022,4188.7
10/25/2022,4188.7
10/26/2022,4188.8
10/27/2022,4188.6
10/28/2022,4188.7
10/29/2022,4188.7
10/30/2022,4188.7
10/31/2022,4188.7
11/1/2022,4188.6
11/2/2022,4188.8
11/3/2022,4188.6
11/4/2022,4188.7
11/5/2022,4188.7
11/6/2022,4188.7
11/7/2022,4188.5
11/8/2022,4188.6
11/9/2022,4188.7
11/10/2022,4188.8
11/11/2022,4188.8
11/12/2022,4188.7
11/13/2022,4188.7
11/14/2022,4188.7
11/15/2022,4188.7
11/16/2022,4188.7
11/17/2022,4188.8
11/18/2022,4188.8
11/19/2022,4188.7
11/20/2022,4188.8
11/21/2022,4188.8
11/22/2022,4188.7
11/23/2022,4188.7
11/24/2022,4188.7
11/25/2022,4188.8
11/26/2022,4188.8
11/27/2022,4188.8
11/28/2022,4188.9
11/29/2022,4188.8
11/30/2022,4188.8
12/1/2022,4189
12/2/2022,4189.2
12/3/2022,4188.9
12/4/2022,4188.9
12/5/2022,4188.9
12/6/2022,4188.9
12/7/2022,4188.9
12/8/2022,4188.9
12/9/2022,4188.9
12/10/2022,4189
12/11/2022,4189
12/12/2022,4188.9
12/13/2022,4188.9
12/14/2022,4189
12/15/2022,4189
12/16/2022,4189
12/17/2022,4189
12/18/2022,4189
12/19/2022,4189
12/20/2022,4189
12/21/2022,4189.1
12/22/2022,4189
12/23/2022,4189
12/24/2022,4189
12/25/2022,4189
12/26/2022,4189
12/27/2022,4189
12/28/2022,4189.2
12/29/2022,4189
12/30/2022,4189.1
12/31/2022,4189.1
1/1/2023,4189.3
1/2/2023,4189.3
1/3/2023,4189.2
1/4/2023,4189.2
1/5/2023,4189.2
1/6/2023,4189.3
1/7/2023,4189.3
1/8/2023,4189.3
1/9/2023,4189.3
1/10/2023,4189.5
1/11/2023,4189.5
1/12/2023,4189.5
1/13/2023,4189.6
1/14/2023,4189.6
1/15/2023,4189.7
1/16/2023,4189.7
1/17/2023,4189.9
1/18/2023,4189.9
1/19/2023,4189.8
1/20/2023,4190
1/21/2023,4189.9
1/22/2023,4190
1/23/2023,4190.1
1/24/2023,4189.9
1/25/2023,4189.9
1/26/2023,4189.9
1/27/2023,4189.9
1/28/2023,4190
1/29/2023,4190.2
1/30/2023,4190.1
1/31/2023,4190
2/1/2023,4190
2/2/2023,4190
2/3/2023,4190
2/4/2023,4190
2/5/2023,4190
2/6/2023,4190
2/7/2023,4190
2/8/2023,4190.1
2/9/2023,4190.1
2/10/2023,4190.1
2/11/2023,4190.1
2/12/2023,4190.1
2/13/2023,4190.1
2/14/2023,4190.2
2/15/2023,4190.4
2/16/2023,4190.1
2/17/2023,4190.1
2/18/2023,4190.1
2/19/2023,4190.1
2/20/2023,4190.1
2/21/2023,4190.2
2/22/2023,4190.5
2/23/2023,4190.1
2/24/2023,4190.2
2/25/2023,4190.2
2/26/2023,4190.2
2/27/2023,4190
2/28/2023,4190.1
3/1/2023,4190.3
3/2/2023,4190.3
3/3/2023,4190.3
3/4/2023,4190.3
3/5/2023,4190.4
3/6/2023,4190.3
3/7/2023,4190.4
3/8/2023,4190.4
3/9/2023,4190.5
3/10/2023,4190.3
3/11/2023,4190.5
3/12/2023,4190.5
3/13/2023,4190.6
3/14/2023,4190.5
3/15/2023,4190.8
3/16/2023,4190.8
3/17/2023,4190.7
3/18/2023,4190.7
3/19/2023,4190.7
3/20/2023,4190.8
3/21/2023,4190.8
3/22/2023,4191
3/23/2023,4191
3/24/2023,4191.3
3/25/2023,4191.2
3/26/2023,4191.2
3/27/2023,4191.2
3/28/2023,4191.1
3/29/2023,4191.2
3/30/2023,4191.4
3/31/2023,4191.3
4/1/2023,4191.3
4/2/2023,4191.5
4/3/2023,4191.8
4/4/2023,4191.7
4/5/2023,4191.6
4/6/2023,4191.6
4/7/2023,4191.7
4/8/2023,4191.7
4/9/2023,4191.8
4/10/2023,4191.8
4/11/2023,4191.8
4/12/2023,4191.9
4/13/2023,4192
4/14/2023,4192
4/15/2023,4192
4/16/2023,4192
4/17/2023,4192.1
4/18/2023,4192.4
4/19/2023,4192.2
4/20/2023,4192.2
4/21/2023,4192.2
4/22/2023,4192.2
4/23/2023,4192.3
4/24/2023,4192.4
4/25/2023,4192.4
4/26/2023,4192.4
4/27/2023,4192.5
4/28/2023,4192.5
4/29/2023,4192.5
4/30/2023,4192.5
5/1/2023,4192.6
5/2/2023,4192.6
5/3/2023,4192.6
5/4/2023,4192.6
5/5/2023,4192.5
5/6/2023,4192.7
5/7/2023,4192.7
5/8/2023,4192.8
5/9/2023,4192.9
5/10/2023,4193
5/11/2023,4192.9
5/12/2023,4193
5/13/2023,4193
5/14/2023,4192.9
5/15/2023,4193.1
5/16/2023,4193.1
5/17/2023,4193.2
5/18/2023,4193.3
5/19/2023,4193.3
5/20/2023,4193.4
5/21/2023,4193.4
5/22/2023,4193.4
5/23/2023,4193.4
5/24/2023,4193.6
5/25/2023,4193.6
5/26/2023,4193.5
5/27/2023,4193.6
5/28/2023,4193.7
5/29/2023,4193.7
5/30/2023,4193.8
5/31/2023,4193.8
6/1/2023,4193.8
6/2/2023,4193.8
6/3/2023,4193.8
6/4/2023,4193.8
6/5/2023,4193.8
6/6/2023,4193.8
6/7/2023,4193.8
6/8/2023,4193.8
6/9/2023,4193.8
6/10/2023,4193.9
6/11/2023,4193.8
6/12/2023,4193.8
6/13/2023,4193.9
6/14/2023,4193.9
6/15/2023,4193.8
6/16/2023,4193.9
6/17/2023,4193.9
6/18/2023,4193.8
6/19/2023,4194
6/20/2023,4194
6/21/2023,4193.9
6/22/2023,4193.9
6/23/2023,4193.8
6/24/2023,4193.8
6/25/2023,4193.8
6/26/2023,4193.9
6/27/2023,4193.9
6/28/2023,4193.8
6/29/2023,4193.8
6/30/2023,4193.8
7/1/2023,4193.8
7/2/2023,4193.8
7/3/2023,4193.8
7/4/2023,4193.8
7/5/2023,4193.8
7/6/2023,4193.7
7/7/2023,4193.8
7/8/2023,4193.7
7/9/2023,4193.7
7/10/2023,4193.6
7/11/2023,4193.6
7/12/2023,4193.6
7/13/2023,4193.6
7/14/2023,4193.6
7/15/2023,4193.5
7/16/2023,4193.5
7/17/2023,4193.5
7/18/2023,4193.5
7/19/2023,4193.4
7/20/2023,4193.4
7/21/2023,4193.4
7/22/2023,4193.4
7/23/2023,4193.3
7/24/2023,4193.4
7/25/2023,4193.3
7/26/2023,4193.2
7/27/2023,4193.3
7/28/2023,4193.3
7/29/2023,4193.2
7/30/2023,4193.2
7/31/2023,4193.1
8/1/2023,4193.2
8/2/2023,4193.1
8/3/2023,4193.1
8/4/2023,4193.2
8/5/2023,4193.1
8/6/2023,4193.1
8/7/2023,4193.1
8/8/2023,4193.1
8/9/2023,4193
8/10/2023,4193
8/11/2023,4193
8/12/2023,4192.9
8/13/2023,4192.9
8/14/2023,4192.9
8/15/2023,4192.9
8/16/2023,4192.9
8/17/2023,4192.8
8/18/2023,4192.8
8/19/2023,4192.8
8/20/2023,4192.8
8/21/2023,4192.6
8/22/2023,4192.7
8/23/2023,4192.7
8/24/2023,4192.7
8/25/2023,4192.7
8/26/2023,4192.7
8/27/2023,4192.7
8/28/2023,4192.7
8/29/2023,4192.7
8/30/2023,4192.7
8/31/2023,4192.6
9/1/2023,4192.2
9/2/2023,4192.5
9/3/2023,4192.6
9/4/2023,4192.5
9/5/2023,4192.5
9/6/2023,4192.5
9/7/2023,4192.5
9/8/2023,4192.4
9/9/2023,4192.4
9/10/2023,4192.4
9/11/2023,4192.4
9/12/2023,4192.4
9/13/2023,4192.4
9/14/2023,4192.4
9/15/2023,4192.4
9/16/2023,4192.3
9/17/2023,4192.3
9/18/2023,4192.3
9/19/2023,4192.3
9/20/2023,4192.3
9/21/2023,4192.3
9/22/2023,4192.3
9/23/2023,4192.3
9/24/2023,4192.2
9/25/2023,4192.2
9/26/2023,4192.2
9/27/2023,4192.2
9/28/2023,4192.3
9/29/2023,4192.2
9/30/2023,4192.1
10/1/2023,4192
10/2/2023,4192.2
10/3/2023,4192.2
10/4/2023,4192.2
10/5/2023,4192.2
10/6/2023,4192.2
10/7/2023,4192.2
10/8/2023,4192.2
10/9/2023,4192.2
10/10/2023,4192.2
10/11/2023,4192.3
10/12/2023,4192.2
10/13/2023,4192.2
10/14/2023,4192.2
10/15/2023,4192.2
10/16/2023,4192.2
10/17/2023,4192.2
10/18/2023,4192.2
10/19/2023,4192.2
10/20/2023,4192.2
10/21/2023,4192.2
10/22/2023,4192.2
10/23/2023,4192.2
10/24/2023,4192.2
10/25/2023,4192.1
10/26/2023,4192.2
10/27/2023,4192.1
10/28/2023,4192.3
10/29/2023,4192.2
10/30/2023,4192.1
10/31/2023,4192.1
11/1/2023,4192.1
11/2/2023,4192.1
11/3/2023,4192.1
11/4/2023,4192.1
11/5/2023,4192.1
11/6/2023,4192.1
11/7/2023,4192.1
11/8/2023,4192.2
11/9/2023,4192.1
11/10/2023,4192.1
11/11/2023,4192.1
11/12/2023,4192.1
11/13/2023,4192.2
11/14/2023,4192.2
11/15/2023,4192.2
11/16/2023,4192.2
11/17/2023,4192.2
11/18/2023,4192.2
11/19/2023,4192.3
11/20/2023,4192.3
11/21/2023,4192.2
11/22/2023,4192.2
11/23/2023,4192.3
11/24/2023,4192.3
11/25/2023,4192.3
11/26/2023,4192.3
11/27/2023,4192.3
11/28/2023,4192.3
11/29/2023,4192.3
11/30/2023,4192.3
12/1/2023,4192.3
12/2/2023,4192.2
12/3/2023,4192.3
12/4/2023,4192.3
12/5/2023,4192.3
12/6/2023,4192.4
12/7/2023,4192.4
12/8/2023,4192.5
12/9/2023,4192.4
12/10/2023,4192.4
12/11/2023,4192.4
12/12/2023,4192.4
12/13/2023,4192.4
12/14/2023,4192.4
12/15/2023,4192.4
12/16/2023,4192.4
12/17/2023,4192.4
12/18/2023,4192.5
12/19/2023,4192.5
12/20/2023,4192.5
12/21/2023,4192.5
12/22/2023,4192.5
12/23/2023,4192.6
12/24/2023,4192.5
12/25/2023,4192.5
12/26/2023,4192.5
12/27/2023,4192.5
12/28/2023,4192.5
12/29/2023,4192.5
12/30/2023,4192.5
12/31/2023,4192.5
1/1/2024,4192.6
1/2/2024,4192.6
1/3/2024,4192.6
1/4/2024,4192.6
1/5/2024,4192.6
1/6/2024,4192.6
1/7/2024,4192.7
1/8/2024,4192.6
1/9/2024,4192.6
1/10/2024,4192.6
1/11/2024,4192.6
1/12/2024,4192.6
1/13/2024,4192.6
1/14/2024,4192.6
1/15/2024,4192.7
1/16/2024,4192.6
1/17/2024,4192.6
1/18/2024,4192.6
1/19/2024,4192.6
1/20/2024,4192.6
1/21/2024,4192.6
1/22/2024,4192.6
1/23/2024,4192.7
1/24/2024,4192.7
1/25/2024,4192.7
1/26/2024,4192.7
1/27/2024,4192.7
1/28/2024,4192.8
1/29/2024,4192.8
1/30/2024,4192.8
1/31/2024,4192.8
2/1/2024,4192.8
2/2/2024,4192.9
2/3/2024,4193
2/4/2024,4192.9
2/5/2024,4192.9
2/6/2024,4193
2/7/2024,4193
2/8/2024,4193.1
2/9/2024,4193.2
2/10/2024,4193.3
2/11/2024,4193.2
2/12/2024,4193.2
2/13/2024,4193.2
2/14/2024,4193.2
2/15/2024,4193.3
2/16/2024,4193.3
2/17/2024,4193.3
2/18/2024,4193.3
2/19/2024,4193.4
2/20/2024,4193.4
2/21/2024,4193.5
2/22/2024,4193.6
2/23/2024,4193.6
2/24/2024,4193.6
2/25/2024,4193.6
2/26/2024,4193.8
2/27/2024,4193.9
2/28/2024,4193.7
2/29/2024,4193.7
3/1/2024,4193.5
3/2/2024,4193.5
3/3/2024,4193.7
3/4/2024,4193.8
3/5/2024,4193.8
3/6/2024,4193.9
3/7/2024,4194
3/8/2024,4194
3/9/2024,4193.9
3/10/2024,4194
3/11/2024,4194
3/12/2024,4194
3/13/2024,4194.1
3/14/2024,4194.2
3/15/2024,4194
3/16/2024,4194
3/17/2024,4194.1
3/18/2024,4194.1
3/19/2024,4194.1
3/20/2024,4194.1
3/21/2024,4194.1
3/22/2024,4194.2
3/23/2024,4194.1
3/24/2024,4194.2
3/25/2024,4194.2
3/26/2024,4194.3
3/27/2024,4194.2
3/28/2024,4194.2
3/29/2024,4194.3
3/30/2024,4194.2
3/31/2024,4194.3
4/1/2024,4194.4
4/2/2024,4194.4
4/3/2024,4194.4
4/4/2024,4194.3
4/5/2024,4194.3
4/6/2024,4194.6
4/7/2024,4194.4
4/8/2024,4194.4
4/9/2024,4194.4
4/10/2024,4194.5
4/11/2024,4194.5
4/12/2024,4194.5
4/13/2024,4194.5
4/14/2024,4194.5
4/15/2024,4194.6
4/16/2024,4194.6
4/17/2024,4194.7
4/18/2024,4194.7
4/19/2024,4194.7
4/20/2024,4194.7
4/21/2024,4194.7
4/22/2024,4194.7
4/23/2024,4194.7
4/24/2024,4194.7
4/25/2024,4194.8
4/26/2024,4194.8
4/27/2024,4195
4/28/2024,4194.9
4/29/2024,4195
4/30/2024,4194.9
5/1/2024,4195
5/2/2024,4194.9
5/3/2024,4195
5/4/2024,4194.9
5/5/2024,4195
5/6/2024,4194.9
5/7/2024,4195.2
5/8/2024,4194.9
5/9/2024,4195
5/10/2024,4194.9
5/11/2024,4195
5/12/2024,4195
5/13/2024,4195
5/14/2024,4195
5/15/2024,4195
5/16/2024,4195
5/17/2024,4195.1
5/18/2024,4195
5/19/2024,4195.1
5/20/2024,4195.1
5/21/2024,4195
5/22/2024,4195.1
5/23/2024,4195
5/24/2024,4194.9
5/25/2024,4194.9
5/26/2024,4195
5/27/2024,4195
5/28/2024,4195
5/29/2024,4195.1
5/30/2024,4195
5/31/2024,4195
6/1/2024,4195
6/2/2024,4195
6/3/2024,4195
6/4/2024,4195
6/5/2024,4194.9
6/6/2024,4195
6/7/2024,4195
6/8/2024,4195
6/9/2024,4195
6/10/2024,4194.9
6/11/2024,4194.9
6/12/2024,4195
6/13/2024,4194.9
6/14/2024,4194.9
6/15/2024,4195
6/16/2024,4194.9
6/17/2024,4195
6/18/2024,4194.8
6/19/2024,4194.8
6/20/2024,4194.7
6/21/2024,4194.7
6/22/2024,4194.7
6/23/2024,4194.6
6/24/2024,4194.7
6/25/2024,4194.7
6/26/2024,4194.6
6/27/2024,4194.7
6/28/2024,4194.6
6/29/2024,4194.5
6/30/2024,4194.5
7/1/2024,4194.5
7/2/2024,4194.4
7/3/2024,4194.4
7/4/2024,4194.4
7/5/2024,4194.3
7/6/2024,4194.3
7/7/2024,4194.3
7/8/2024,4194.3
7/9/2024,4194.2
7/10/2024,4194.2
7/11/2024,4194.2
7/12/2024,4194.2
7/13/2024,4194.2
7/14/2024,4194.2
7/15/2024,4194.1
7/16/2024,4194.1
7/17/2024,4194.1
7/18/2024,4194
7/19/2024,4194
7/20/2024,4194
7/21/2024,4193.9
7/22/2024,4193.9
7/23/2024,4193.9
7/24/2024,4193.9
7/25/2024,4193.9
7/26/2024,4193.7
7/27/2024,4193.8
7/28/2024,4193.7
7/29/2024,4193.7
7/30/2024,4193.7
7/31/2024,4193.6
8/1/2024,4193.6
8/2/2024,4193.6
8/3/2024,4193.4
8/4/2024,4193.5
8/5/2024,4193.5
8/6/2024,4193.5
8/7/2024,4193.5
8/8/2024,4193.4
8/9/2024,4193.4
8/10/2024,4193.3
8/11/2024,4193.3
8/12/2024,4193.2
8/13/2024,4193.3
8/14/2024,4193.3
8/15/2024,4193.3
8/16/2024,4193.3
8/17/2024,4193.2
8/18/2024,4193.1
8/19/2024,4193.2
8/20/2024,4193.2
8/21/2024,4193.2
8/22/2024,4193.1
8/23/2024,4192.9
8/24/2024,4193
8/25/2024,4193.1
8/26/2024,4193
8/27/2024,4193
8/28/2024,4193
8/29/2024,4193
8/30/2024,4192.9
8/31/2024,4192.9
9/1/2024,4192.9
9/2/2024,4192.9
9/3/2024,4192.8
9/4/2024,4192.9
9/5/2024,4192.9
9/6/2024,4192.8
9/7/2024,4192.8
9/8/2024,4192.8
9/9/2024,4192.8
9/10/2024,4192.7
9/11/2024,4192.7
9/12/2024,4192.8
9/13/2024,4192.7
9/14/2024,4192.7
9/15/2024,4192.6
9/16/2024,4192.6
9/17/2024,4192.5
9/18/2024,4192.6
9/19/2024,4192.6
9/20/2024,4192.6
9/21/2024,4192.6
9/22/2024,4192.5
9/23/2024,4192.5
9/24/2024,4192.5
9/25/2024,4192.5
9/26/2024,4192.5
9/27/2024,4192.5
9/28/2024,4192.5
9/29/2024,4192.5
9/30/2024,4192.5
10/1/2024,4192.4
10/2/2024,4192.4
10/3/2024,4192.4
10/4/2024,4192.4
10/5/2024,4192.4
10/6/2024,4192.4
10/7/2024,4192.4
10/8/2024,4192.3
10/9/2024,4192.3
10/10/2024,4192.3
10/11/2024,4192.3
10/12/2024,4192.3
10/13/2024,4192.3
10/14/2024,4192.3
10/15/2024,4192.3
10/16/2024,4192.2
10/17/2024,4192.5
10/18/2024,4192.7
10/19/2024,4192.3
10/20/2024,4192.2
10/21/2024,4192.2
10/22/2024,4192.2
10/23/2024,4192.2
10/24/2024,4192.3
10/25/2024,4192.2
10/26/2024,4192.2
10/27/2024,4192.2
10/28/2024,4192.3
10/29/2024,4192.5
10/30/2024,4192.2
10/31/2024,4192.2
11/1/2024,4192.2
11/2/2024,4192.2
11/3/2024,4192.3
11/4/2024,4192.2
11/5/2024,4192.3
11/6/2024,4192.2
11/7/2024,4192.1
11/8/2024,4192.1
11/9/2024,4192.1
11/10/2024,4192.1
11/11/2024,4192.1
11/12/2024,4192.2
11/13/2024,4192.1
11/14/2024,4192.2
11/15/2024,4192.2
11/16/2024,4192.2
11/17/2024,4192.1
11/18/2024,4192.3
11/19/2024,4192.1
11/20/2024,4192.2
11/21/2024,4192.2
11/22/2024,4192.2
11/23/2024,4192.2
11/24/2024,4192.2
11/25/2024,4192.2
11/26/2024,4192.2
11/27/2024,4192.2
11/28/2024,4192.2
11/29/2024,4192.2
11/30/2024,4192.2
12/1/2024,4192.2
12/2/2024,4192.2
12/3/2024,4192.2
12/4/2024,4192.2
12/5/2024,4192.2
12/6/2024,4192.3
12/7/2024,4192.3
12/8/2024,4192.3
12/9/2024,4192.3
12/10/2024,4192.3
12/11/2024,4192.3
12/12/2024,4192.3
12/13/2024,4192.3
12/14/2024,4192.3
12/15/2024,4192.3
12/16/2024,4192.3
12/17/2024,4192.3
12/18/2024,4192.3
12/19/2024,4192.3
12/20/2024,4192.3
12/21/2024,4192.3
12/22/2024,4192.4
12/23/2024,4192.4
12/24/2024,4192.4
12/25/2024,4192.4
12/26/2024,4192.4
12/27/2024,4192.4
12/28/2024,4192.4
12/29/2024,4192.5
12/30/2024,4192.6
12/31/2024,4192.5
1/1/2025,4192.5
1/2/2025,4192.5
1/3/2025,4192.5
1/4/2025,4192.7
1/5/2025,4192.6
1/6/2025,4192.6
1/7/2025,4192.7
1/8/2025,4192.6
1/9/2025,4192.6
1/10/2025,4192.6
1/11/2025,4192.7
1/12/2025,4192.6
1/13/2025,4192.6
1/14/2025,4192.6
1/15/2025,4192.6
1/16/2025,4192.6
1/17/2025,4192.7
1/18/2025,4192.8
1/19/2025,4192.7
1/20/2025,4192.8
1/21/2025,4192.6
1/22/2025,4192.6
1/23/2025,4192.6
1/24/2025,4192.6
1/25/2025,4192.7
1/26/2025,4192.7
1/27/2025,4192.7
1/28/2025,4192.7
1/29/2025,4192.7
1/30/2025,4192.7
1/31/2025,4192.7
2/1/2025,4192.7
2/2/2025,4192.6
2/3/2025,4192.6
2/4/2025,4192.6
2/5/2025,4192.7
2/6/2025,4192.8
2/7/2025,4192.7
2/8/2025,4192.8
2/9/2025,4192.8
2/10/2025,4192.8
2/11/2025,4192.8
2/12/2025,4192.8
2/13/2025,4192.8
2/14/2025,4192.8
2/15/2025,4192.9
2/16/2025,4192.8
2/17/2025,4192.8
2/18/2025,4192.9
2/19/2025,4192.9
2/20/2025,4193
2/21/2025,4193
2/22/2025,4193
2/23/2025,4193
2/24/2025,4193
2/25/2025,4193.1
2/26/2025,4193.1
2/27/2025,4193.1
2/28/2025,4193.1
3/1/2025,4193.1
3/2/2025,4193.1
3/3/2025,4193.1
3/4/2025,4193.2
3/5/2025,4193.1
3/6/2025,4193.2
3/7/2025,4193.3
3/8/2025,4193.2
3/9/2025,4193.2
3/10/2025,4193.3
3/11/2025,4193.3
3/12/2025,4193.2
3/13/2025,4193.2
3/14/2025,4193.3
3/15/2025,4193.3
3/16/2025,4193.2
3/17/2025,4193.4
3/18/2025,4193.5
3/19/2025,4193.3
3/20/2025,4193.4
3/21/2025,4193.3
3/22/2025,4193.4
3/23/2025,4193.4
3/24/2025,4193.4
3/25/2025,4193.4
3/26/2025,4193.4
3/27/2025,4193.5
3/28/2025,4193.5
3/29/2025,4193.6
3/30/2025,4193.4
3/31/2025,4193.5
4/1/2025,4193.5
4/2/2025,4193.5
4/3/2025,4193.5
4/4/2025,4193.6
4/5/2025,4193.5
4/6/2025,4193.5
4/7/2025,4193.5
4/8/2025,4193.5
4/9/2025,4193.5
4/10/2025,4193.5
4/11/2025,4193.5
4/12/2025,4193.6
4/13/2025,4193.7
4/14/2025,4193.6
4/15/2025,4193.5
4/16/2025,4193.5
4/17/2025,4193.7
4/18/2025,4193.6
4/19/2025,4193.5
4/20/2025,4193.5
4/21/2025,4193.6
4/22/2025,4193.5
4/23/2025,4193.6
4/24/2025,4193.5
4/25/2025,4193.5
4/26/2025,4193.5
4/27/2025,4193.4
4/28/2025,4193.5
4/29/2025,4193.5
4/30/2025,4193.5
5/1/2025,4193.5
5/2/2025,4193.5
5/3/2025,4193.5
5/4/2025,4193.5
5/5/2025,4193.7
5/6/2025,4193.5
5/7/2025,4193.4
5/8/2025,4193.4
5/9/2025,4193.5
5/10/2025,4193.4
5/11/2025,4193.3
5/12/2025,4193.3
5/13/2025,4193.6
5/14/2025,4193.4
5/15/2025,4193.3
5/16/2025,4193.3
5/17/2025,4193.4
5/18/2025,4193.5
5/19/2025,4193.4
5/20/2025,4193.4
5/21/2025,4193.4
5/22/2025,4193.4
5/23/2025,4193.4
5/24/2025,4193.4
5/25/2025,4193.3
5/26/2025,4193.3
5/27/2025,4193.3
5/28/2025,4193.3
5/29/2025,4193.3
5/30/2025,4193.3
5/31/2025,4193.3
6/1/2025,4193.3
6/2/2025,4193.4
6/3/2025,4193.3
6/4/2025,4193.3
6/5/2025,4193.2
6/6/2025,4193.2
6/7/2025,4193.2
6/8/2025,4193.2
6/9/2025,4193.2
6/10/2025,4193.2
6/11/2025,4193.2
6/12/2025,4193.2
6/13/2025,4193.1
6/14/2025,4193.1
6/15/2025,4193.1
6/16/2025,4193.1
6/17/2025,4193.1
6/18/2025,4193
6/19/2025,4192.9
6/20/2025,4193
6/21/2025,4193.2
6/22/2025,4192.9
6/23/2025,4192.8
6/24/2025,4192.8
6/25/2025,4192.8
6/26/2025,4192.7
6/27/2025,4192.7
6/28/2025,4192.7
6/29/2025,4192.7
6/30/2025,4192.7
7/1/2025,4192.7
7/2/2025,4192.7
7/3/2025,4192.6
7/4/2025,4192.7
7/5/2025,4192.6
7/6/2025,4192.6
7/7/2025,4192.6
7/8/2025,4192.6
7/9/2025,4192.5
7/10/2025,4192.6
7/11/2025,4192.5
7/12/2025,4192.5
7/13/2025,4192.5
7/14/2025,4192.4
7/15/2025,4192.5
7/16/2025,4192.4
7/17/2025,4192.4
7/18/2025,4192.3
7/19/2025,4192.3
7/20/2025,4192.3
7/21/2025,4192.1
7/22/2025,4192.2
7/23/2025,4192.2
7/24/2025,4192.2
7/25/2025,4192.2
7/26/2025,4192.1
7/27/2025,4192
7/28/2025,4192.1
7/29/2025,4192.1
7/30/2025,4192
7/31/2025,4192
8/1/2025,4192
8/2/2025,4192
8/3/2025,4191.9
8/4/2025,4192
8/5/2025,4191.9
8/6/2025,4191.8
8/7/2025,4191.9
8/8/2025,4191.9
8/9/2025,4191.8
8/10/2025,4191.8
8/11/2025,4191.7
8/12/2025,4191.7
8/13/2025,4191.7
8/14/2025,4191.7
8/15/2025,4191.6
8/16/2025,4191.6
8/17/2025,4191.6
8/18/2025,4191.6
8/19/2025,4191.6
8/20/2025,4191.6
8/21/2025,4191.6
8/22/2025,4191.5
8/23/2025,4191.5
8/24/2025,4191.5
8/25/2025,4191.5
8/26/2025,4191.5
8/27/2025,4191.5
8/28/2025,4191.5
8/29/2025,4191.5
8/30/2025,4191.5
8/31/2025,4191.5
9/1/2025,4191.5
9/2/2025,4191.5
9/3/2025,4191.4
9/4/2025,4191.4
9/5/2025,4191.4
9/6/2025,4191.4
9/7/2025,4191.3
9/8/2025,4191.4
9/9/2025,4191.3
9/10/2025,4191.2
9/11/2025,4191.3
9/12/2025,4191.3
9/13/2025,4191.2
9/14/2025,4191.2
9/15/2025,4191.3
9/16/2025,4191.2
9/17/2025,4191.2
9/18/2025,4191.1
9/19/2025,4191.1
9/20/2025,4191.1
9/21/2025,4191.1
9/22/2025,4191.2
9/23/2025,4191.1
9/24/2025,4191.1
9/25/2025,4191.1
9/26/2025,4191.1
9/27/2025,4191.1
9/28/2025,4191
9/29/2025,4191
9/30/2025,4191.1
10/1/2025,4191
10/2/2025,4191
10/3/2025,4191
10/4/2025,4191.4
10/5/2025,4191.2
10/6/2025,4191.2
10/7/2025,4191.1
10/8/2025,4191.1
10/9/2025,4191.1
10/10/2025,4191
10/11/2025,4191.2
10/12/2025,4191.2
10/13/2025,4191.1
10/14/2025,4191.1
10/15/2025,4191.2
10/16/2025,4191.2
10/17/2025,4191.2
10/18/2025,4191.2
10/19/2025,4191.2
10/20/2025,4191.2
10/21/2025,4191.2
10/22/2025,4191.2
10/23/2025,4191.2
10/24/2025,4191.2
10/25/2025,4191.2
10/26/2025,4191.3
10/27/2025,4191.3
10/28/2025,4191.2
10/29/2025,4191.2
10/30/2025,4191.2
10/31/2025,4191.2
11/1/2025,4191.2
11/2/2025,4191.2
11/3/2025,4191.2
11/4/2025,4191.2
11/5/2025,4191.2
11/6/2025,4191.2
11/7/2025,4191.2
11/8/2025,4191.2
11/9/2025,4191.2
11/10/2025,4191.2
11/11/2025,4191.2
11/12/2025,4191.2
11/13/2025,4191.2
11/14/2025,4191.2
11/15/2025,4191.2
11/16/2025,4191.2
11/17/2025,4191.2
11/18/2025,4191.2
11/19/2025,4191.3
11/20/2025,4191.3
11/21/2025,4191.3
11/22/2025,4191.3
11/23/2025,4191.3
11/24/2025,4191.3
11/25/2025,4191.3
11/26/2025,4191.3
11/27/2025,4191.3
11/28/2025,4191.3
11/29/2025,4191.3
11/30/2025,4191.4
12/1/2025,4191.3
12/2/2025,4191.3
12/3/2025,4191.3
12/4/2025,4191.3
12/5/2025,4191.2
12/6/2025,4191.4
12/7/2025,4191.3
12/8/2025,4191.3
12/9/2025,4191.3
12/10/2025,4191.3
12/11/2025,4191.3
12/12/2025,4191.4
12/13/2025,4191.4
12/14/2025,4191.4
12/15/2025,4191.4
12/16/2025,4191.4
12/17/2025,4191.5
12/18/2025,4191.4
12/19/2025,4191.4
12/20/2025,4191.4
12/21/2025,4191.4
12/22/2025,4191.3
12/23/2025,4191.4
12/24/2025,4191.3
12/25/2025,4191.3
12/26/2025,4191.3
12/27/2025,4191.7
12/28/2025,4191.5
12/29/2025,4191.5
12/30/2025,4191.5
