"","site_no","Date","LakeLevel(ft)"
"1","10010000",1999-01-01,4202.3
"2","10010000",1999-01-02,4202.4
"3","10010000",1999-01-03,4202.4
"4","10010000",1999-01-04,4202.4
"5","10010000",1999-01-05,4202.4
"6","10010000",1999-01-06,4202.4
"7","10010000",1999-01-07,4202.4
"8","10010000",1999-01-08,4202.4
"9","10010000",1999-01-09,4202.4
"10","10010000",1999-01-10,4202.4
"11","10010000",1999-01-11,4202.4
"12","10010000",1999-01-12,4202.4
"13","10010000",1999-01-13,4202.4
"14","10010000",1999-01-14,4202.4
"15","10010000",1999-01-15,4202.4
"16","10010000",1999-01-16,4202.5
"17","10010000",1999-01-17,4202.5
"18","10010000",1999-01-18,4202.5
"19","10010000",1999-01-19,4202.5
"20","10010000",1999-01-20,4202.5
"21","10010000",1999-01-21,4202.6
"22","10010000",1999-01-22,4202.5
"23","10010000",1999-01-23,4202.6
"24","10010000",1999-01-24,4202.6
"25","10010000",1999-01-25,4202.6
"26","10010000",1999-01-26,4202.6
"27","10010000",1999-01-27,4202.7
"28","10010000",1999-01-28,4202.7
"29","10010000",1999-01-29,4202.7
"30","10010000",1999-01-30,4202.7
"31","10010000",1999-01-31,4202.7
"32","10010000",1999-02-01,4202.7
"33","10010000",1999-02-02,4202.7
"34","10010000",1999-02-03,4202.7
"35","10010000",1999-02-04,4202.7
"36","10010000",1999-02-05,4202.8
"37","10010000",1999-02-06,4202.7
"38","10010000",1999-02-07,4202.7
"39","10010000",1999-02-08,4202.8
"40","10010000",1999-02-09,4202.7
"41","10010000",1999-02-10,4203
"42","10010000",1999-02-11,4202.9
"43","10010000",1999-02-12,4202.8
"44","10010000",1999-02-13,4202.9
"45","10010000",1999-02-14,4202.9
"46","10010000",1999-02-15,4202.9
"47","10010000",1999-02-16,4202.9
"48","10010000",1999-02-17,4202.9
"49","10010000",1999-02-18,4202.9
"50","10010000",1999-02-19,4203
"51","10010000",1999-02-20,4202.9
"52","10010000",1999-02-21,4203
"53","10010000",1999-02-22,4202.9
"54","10010000",1999-02-23,4202.9
"55","10010000",1999-02-24,4202.9
"56","10010000",1999-02-25,4203
"57","10010000",1999-02-26,4203
"58","10010000",1999-02-27,4203
"59","10010000",1999-02-28,4203
"60","10010000",1999-03-01,4203
"61","10010000",1999-03-02,4203
"62","10010000",1999-03-03,4203.1
"63","10010000",1999-03-04,4203.1
"64","10010000",1999-03-05,4203
"65","10010000",1999-03-06,4203
"66","10010000",1999-03-07,4203.1
"67","10010000",1999-03-08,4203
"68","10010000",1999-03-09,4203.1
"69","10010000",1999-03-10,4203
"70","10010000",1999-03-11,4203.1
"71","10010000",1999-03-12,4203.1
"72","10010000",1999-03-13,4203.1
"73","10010000",1999-03-14,4203.1
"74","10010000",1999-03-15,4203.1
"75","10010000",1999-03-16,4203.1
"76","10010000",1999-03-17,4203.1
"77","10010000",1999-03-18,4203.1
"78","10010000",1999-03-19,4203.1
"79","10010000",1999-03-20,4203.1
"80","10010000",1999-03-21,4203.1
"81","10010000",1999-03-22,4203.2
"82","10010000",1999-03-23,4203.2
"83","10010000",1999-03-24,4203.2
"84","10010000",1999-03-25,4203.2
"85","10010000",1999-03-26,4203.2
"86","10010000",1999-03-27,4203.3
"87","10010000",1999-03-28,4203.2
"88","10010000",1999-03-29,4203.2
"89","10010000",1999-03-30,4203.2
"90","10010000",1999-03-31,4203.4
"91","10010000",1999-04-01,4203.2
"92","10010000",1999-04-02,4203.3
"93","10010000",1999-04-03,4203.2
"94","10010000",1999-04-04,4203.3
"95","10010000",1999-04-05,4203.2
"96","10010000",1999-04-06,4203.2
"97","10010000",1999-04-07,4203.2
"98","10010000",1999-04-08,4203.2
"99","10010000",1999-04-09,4203.5
"100","10010000",1999-04-10,4203.3
"101","10010000",1999-04-11,4203.3
"102","10010000",1999-04-12,4203.3
"103","10010000",1999-04-13,4203.3
"104","10010000",1999-04-14,4203.4
"105","10010000",1999-04-15,4203.4
"106","10010000",1999-04-16,4203.3
"107","10010000",1999-04-17,4203.3
"108","10010000",1999-04-18,4203.3
"109","10010000",1999-04-19,4203.3
"110","10010000",1999-04-20,4203.3
"111","10010000",1999-04-21,4203.3
"112","10010000",1999-04-22,4203.4
"113","10010000",1999-04-23,4203.3
"114","10010000",1999-04-24,4203.3
"115","10010000",1999-04-25,4203.3
"116","10010000",1999-04-26,4203.3
"117","10010000",1999-04-27,4203.3
"118","10010000",1999-04-28,4203.4
"119","10010000",1999-04-29,4203.4
"120","10010000",1999-04-30,4203.5
"121","10010000",1999-05-01,4203.5
"122","10010000",1999-05-02,4203.5
"123","10010000",1999-05-03,4203.6
"124","10010000",1999-05-04,4203.8
"125","10010000",1999-05-05,4203.7
"126","10010000",1999-05-06,4203.6
"127","10010000",1999-05-07,4203.6
"128","10010000",1999-05-08,4203.7
"129","10010000",1999-05-09,4203.8
"130","10010000",1999-05-10,4203.7
"131","10010000",1999-05-11,4203.7
"132","10010000",1999-05-12,4203.7
"133","10010000",1999-05-13,4203.8
"134","10010000",1999-05-14,4203.9
"135","10010000",1999-05-15,4203.9
"136","10010000",1999-05-16,4203.8
"137","10010000",1999-05-17,4203.8
"138","10010000",1999-05-18,4203.8
"139","10010000",1999-05-19,4203.9
"140","10010000",1999-05-20,4203.9
"141","10010000",1999-05-21,4203.9
"142","10010000",1999-05-22,4203.9
"143","10010000",1999-05-23,4203.9
"144","10010000",1999-05-24,4203.9
"145","10010000",1999-05-25,4203.9
"146","10010000",1999-05-26,4203.9
"147","10010000",1999-05-27,4203.9
"148","10010000",1999-05-28,4203.9
"149","10010000",1999-05-29,4203.9
"150","10010000",1999-05-30,4204
"151","10010000",1999-05-31,4204
"152","10010000",1999-06-01,4203.9
"153","10010000",1999-06-02,4203.7
"154","10010000",1999-06-03,4203.8
"155","10010000",1999-06-04,4203.9
"156","10010000",1999-06-05,4204
"157","10010000",1999-06-06,4204
"158","10010000",1999-06-07,4204
"159","10010000",1999-06-08,4204.2
"160","10010000",1999-06-09,4204.2
"161","10010000",1999-06-10,4204.1
"162","10010000",1999-06-11,4204.1
"163","10010000",1999-06-12,4204.1
"164","10010000",1999-06-13,4204.1
"165","10010000",1999-06-14,4204.1
"166","10010000",1999-06-15,4204.2
"167","10010000",1999-06-16,4204.1
"168","10010000",1999-06-17,4204.1
"169","10010000",1999-06-18,4204.1
"170","10010000",1999-06-19,4204.1
"171","10010000",1999-06-20,4204.1
"172","10010000",1999-06-21,4204.1
"173","10010000",1999-06-22,4204.1
"174","10010000",1999-06-23,4204.1
"175","10010000",1999-06-24,4204.1
"176","10010000",1999-06-25,4204.1
"177","10010000",1999-06-26,4204.1
"178","10010000",1999-06-27,4204.1
"179","10010000",1999-06-28,4204.1
"180","10010000",1999-06-29,4204
"181","10010000",1999-06-30,4204
"182","10010000",1999-07-01,4204
"183","10010000",1999-07-02,4204
"184","10010000",1999-07-03,4203.9
"185","10010000",1999-07-04,4203.9
"186","10010000",1999-07-05,4204
"187","10010000",1999-07-06,4203.9
"188","10010000",1999-07-07,4203.8
"189","10010000",1999-07-08,4203.9
"190","10010000",1999-07-09,4203.8
"191","10010000",1999-07-10,4203.8
"192","10010000",1999-07-11,4203.8
"193","10010000",1999-07-12,4203.8
"194","10010000",1999-07-13,4203.7
"195","10010000",1999-07-14,4203.7
"196","10010000",1999-07-15,4203.7
"197","10010000",1999-07-16,4203.6
"198","10010000",1999-07-17,4203.7
"199","10010000",1999-07-18,4203.6
"200","10010000",1999-07-19,4203.6
"201","10010000",1999-07-20,4203.6
"202","10010000",1999-07-21,4203.6
"203","10010000",1999-07-22,4203.6
"204","10010000",1999-07-23,4203.6
"205","10010000",1999-07-24,4203.5
"206","10010000",1999-07-25,4203.6
"207","10010000",1999-07-26,4203.5
"208","10010000",1999-07-27,4203.4
"209","10010000",1999-07-28,4203.4
"210","10010000",1999-07-29,4203.4
"211","10010000",1999-07-30,4203.3
"212","10010000",1999-07-31,4203.4
"213","10010000",1999-08-01,4203.4
"214","10010000",1999-08-02,4203.3
"215","10010000",1999-08-03,4203.3
"216","10010000",1999-08-04,4203.3
"217","10010000",1999-08-05,4203.3
"218","10010000",1999-08-06,4203.2
"219","10010000",1999-08-07,4203.2
"220","10010000",1999-08-08,4203.2
"221","10010000",1999-08-09,4203.2
"222","10010000",1999-08-10,4203.2
"223","10010000",1999-08-11,4203.2
"224","10010000",1999-08-12,4203.1
"225","10010000",1999-08-13,4203.1
"226","10010000",1999-08-14,4203
"227","10010000",1999-08-15,4203.1
"228","10010000",1999-08-16,4203.1
"229","10010000",1999-08-17,4203.1
"230","10010000",1999-08-18,4203.1
"231","10010000",1999-08-19,4203
"232","10010000",1999-08-20,4203
"233","10010000",1999-08-21,4203
"234","10010000",1999-08-22,4203
"235","10010000",1999-08-23,4203
"236","10010000",1999-08-24,4203
"237","10010000",1999-08-25,4203
"238","10010000",1999-08-26,4203
"239","10010000",1999-08-27,4203
"240","10010000",1999-08-28,4202.9
"241","10010000",1999-08-29,4202.9
"242","10010000",1999-08-30,4202.8
"243","10010000",1999-08-31,4202.9
"244","10010000",1999-09-01,4202.9
"245","10010000",1999-09-02,4202.9
"246","10010000",1999-09-03,4202.8
"247","10010000",1999-09-04,4202.8
"248","10010000",1999-09-05,4202.8
"249","10010000",1999-09-06,4202.8
"250","10010000",1999-09-07,4202.8
"251","10010000",1999-09-08,4202.8
"252","10010000",1999-09-09,4202.7
"253","10010000",1999-09-10,4202.7
"254","10010000",1999-09-11,4202.7
"255","10010000",1999-09-12,4202.7
"256","10010000",1999-09-13,4202.7
"257","10010000",1999-09-14,4202.7
"258","10010000",1999-09-15,4202.7
"259","10010000",1999-09-16,4202.7
"260","10010000",1999-09-17,4202.7
"261","10010000",1999-09-18,4202.6
"262","10010000",1999-09-19,4202.6
"263","10010000",1999-09-20,4202.6
"264","10010000",1999-09-21,4202.6
"265","10010000",1999-09-22,4202.6
"266","10010000",1999-09-23,4202.6
"267","10010000",1999-09-24,4202.6
"268","10010000",1999-09-25,4202.6
"269","10010000",1999-09-26,4202.6
"270","10010000",1999-09-27,4202.6
"271","10010000",1999-09-28,4202.6
"272","10010000",1999-09-29,4202.5
"273","10010000",1999-09-30,4202.5
"274","10010000",1999-10-01,4202.5
"275","10010000",1999-10-02,4202.5
"276","10010000",1999-10-03,4202.5
"277","10010000",1999-10-04,4202.5
"278","10010000",1999-10-05,4202.5
"279","10010000",1999-10-06,4202.6
"280","10010000",1999-10-07,4202.5
"281","10010000",1999-10-08,4202.4
"282","10010000",1999-10-09,4202.4
"283","10010000",1999-10-10,4202.4
"284","10010000",1999-10-11,4202.4
"285","10010000",1999-10-12,4202.4
"286","10010000",1999-10-13,4202.4
"287","10010000",1999-10-14,4202.4
"288","10010000",1999-10-15,4202.5
"289","10010000",1999-10-16,4202.5
"290","10010000",1999-10-17,4202.4
"291","10010000",1999-10-18,4202.4
"292","10010000",1999-10-19,4202.4
"293","10010000",1999-10-20,4202.4
"294","10010000",1999-10-21,4202.4
"295","10010000",1999-10-22,4202.4
"296","10010000",1999-10-23,4202.4
"297","10010000",1999-10-24,4202.4
"298","10010000",1999-10-25,4202.4
"299","10010000",1999-10-26,4202.4
"300","10010000",1999-10-27,4202.4
"301","10010000",1999-10-28,4202.4
"302","10010000",1999-10-29,4202.4
"303","10010000",1999-10-30,4202.3
"304","10010000",1999-10-31,4202.3
"305","10010000",1999-11-01,4202.4
"306","10010000",1999-11-02,4202.3
"307","10010000",1999-11-03,4202.3
"308","10010000",1999-11-04,4202.3
"309","10010000",1999-11-05,4202.3
"310","10010000",1999-11-06,4202.3
"311","10010000",1999-11-07,4202.3
"312","10010000",1999-11-08,4202.3
"313","10010000",1999-11-09,4202.3
"314","10010000",1999-11-10,4202.3
"315","10010000",1999-11-11,4202.3
"316","10010000",1999-11-12,4202.3
"317","10010000",1999-11-13,4202.3
"318","10010000",1999-11-14,4202.3
"319","10010000",1999-11-15,4202.3
"320","10010000",1999-11-16,4202.3
"321","10010000",1999-11-17,4202.5
"322","10010000",1999-11-18,4202.4
"323","10010000",1999-11-19,4202.3
"324","10010000",1999-11-20,4202.3
"325","10010000",1999-11-21,4202.4
"326","10010000",1999-11-22,4202.4
"327","10010000",1999-11-23,4202.3
"328","10010000",1999-11-24,4202.3
"329","10010000",1999-11-25,4202.3
"330","10010000",1999-11-26,4202.3
"331","10010000",1999-11-27,4202.4
"332","10010000",1999-11-28,4202.4
"333","10010000",1999-11-29,4202.4
"334","10010000",1999-11-30,4202.3
"335","10010000",1999-12-01,4202.4
"336","10010000",1999-12-02,4202.4
"337","10010000",1999-12-03,4202.5
"338","10010000",1999-12-04,4202.4
"339","10010000",1999-12-05,4202.4
"340","10010000",1999-12-06,4202.4
"341","10010000",1999-12-07,4202.4
"342","10010000",1999-12-08,4202.5
"343","10010000",1999-12-09,4202.4
"344","10010000",1999-12-10,4202.5
"345","10010000",1999-12-11,4202.4
"346","10010000",1999-12-12,4202.4
"347","10010000",1999-12-13,4202.6
"348","10010000",1999-12-14,4202.4
"349","10010000",1999-12-15,4202.4
"350","10010000",1999-12-16,4202.4
"351","10010000",1999-12-17,4202.4
"352","10010000",1999-12-18,4202.5
"353","10010000",1999-12-19,4202.4
"354","10010000",1999-12-20,4202.4
"355","10010000",1999-12-21,4202.5
"356","10010000",1999-12-22,4202.4
"357","10010000",1999-12-23,4202.4
"358","10010000",1999-12-24,4202.4
"359","10010000",1999-12-25,4202.5
"360","10010000",1999-12-26,4202.5
"361","10010000",1999-12-27,4202.5
"362","10010000",1999-12-28,4202.5
"363","10010000",1999-12-29,4202.5
"364","10010000",1999-12-30,4202.5
"365","10010000",1999-12-31,4202.5
"366","10010000",2000-01-01,4202.5
"367","10010000",2000-01-02,4202.5
"368","10010000",2000-01-03,4202.5
"369","10010000",2000-01-04,4202.4
"370","10010000",2000-01-05,4202.5
"371","10010000",2000-01-06,4202.5
"372","10010000",2000-01-07,4202.5
"373","10010000",2000-01-08,4202.5
"374","10010000",2000-01-09,4202.5
"375","10010000",2000-01-10,4202.5
"376","10010000",2000-01-11,4202.5
"377","10010000",2000-01-12,4202.5
"378","10010000",2000-01-13,4202.5
"379","10010000",2000-01-14,4202.5
"380","10010000",2000-01-15,4202.5
"381","10010000",2000-01-16,4202.5
"382","10010000",2000-01-17,4202.6
"383","10010000",2000-01-18,4202.6
"384","10010000",2000-01-19,4202.6
"385","10010000",2000-01-20,4202.6
"386","10010000",2000-01-21,4202.6
"387","10010000",2000-01-22,4202.6
"388","10010000",2000-01-23,4202.6
"389","10010000",2000-01-24,4202.7
"390","10010000",2000-01-25,4202.7
"391","10010000",2000-01-26,4202.8
"392","10010000",2000-01-27,4202.8
"393","10010000",2000-01-28,4202.8
"394","10010000",2000-01-29,4202.7
"395","10010000",2000-01-30,4202.7
"396","10010000",2000-01-31,4202.8
"397","10010000",2000-02-01,4202.8
"398","10010000",2000-02-02,4202.8
"399","10010000",2000-02-03,4202.8
"400","10010000",2000-02-04,4202.8
"401","10010000",2000-02-05,4202.8
"402","10010000",2000-02-06,4202.8
"403","10010000",2000-02-07,4202.8
"404","10010000",2000-02-08,4202.8
"405","10010000",2000-02-09,4202.8
"406","10010000",2000-02-10,4202.8
"407","10010000",2000-02-11,4202.8
"408","10010000",2000-02-12,4202.8
"409","10010000",2000-02-13,4202.8
"410","10010000",2000-02-14,4202.8
"411","10010000",2000-02-15,4202.9
"412","10010000",2000-02-16,4202.9
"413","10010000",2000-02-17,4203
"414","10010000",2000-02-18,4203
"415","10010000",2000-02-19,4203
"416","10010000",2000-02-20,4203
"417","10010000",2000-02-21,4203
"418","10010000",2000-02-22,4203
"419","10010000",2000-02-23,4203
"420","10010000",2000-02-24,4203.2
"421","10010000",2000-02-25,4203.1
"422","10010000",2000-02-26,4203.1
"423","10010000",2000-02-27,4203.1
"424","10010000",2000-02-28,4203.1
"425","10010000",2000-02-29,4203.1
"426","10010000",2000-03-01,4203.2
"427","10010000",2000-03-02,4203.2
"428","10010000",2000-03-03,4203.2
"429","10010000",2000-03-04,4203.2
"430","10010000",2000-03-05,4203.1
"431","10010000",2000-03-06,4203.2
"432","10010000",2000-03-07,4203.2
"433","10010000",2000-03-08,4203.2
"434","10010000",2000-03-09,4203.2
"435","10010000",2000-03-10,4203.2
"436","10010000",2000-03-11,4203.2
"437","10010000",2000-03-12,4203.2
"438","10010000",2000-03-13,4203.2
"439","10010000",2000-03-14,4203.2
"440","10010000",2000-03-15,4203.4
"441","10010000",2000-03-16,4203.3
"442","10010000",2000-03-17,4203.4
"443","10010000",2000-03-18,4203.3
"444","10010000",2000-03-19,4203.4
"445","10010000",2000-03-20,4203.6
"446","10010000",2000-03-21,4203.4
"447","10010000",2000-03-22,4203.3
"448","10010000",2000-03-23,4203.3
"449","10010000",2000-03-24,4203.3
"450","10010000",2000-03-25,4203.3
"451","10010000",2000-03-26,4203.3
"452","10010000",2000-03-27,4203.3
"453","10010000",2000-03-28,4203.4
"454","10010000",2000-03-29,4203.4
"455","10010000",2000-03-30,4203.5
"456","10010000",2000-03-31,4203.5
"457","10010000",2000-04-01,4203.4
"458","10010000",2000-04-02,4203.3
"459","10010000",2000-04-03,4203.4
"460","10010000",2000-04-04,4203.3
"461","10010000",2000-04-05,4203.3
"462","10010000",2000-04-06,4203.3
"463","10010000",2000-04-07,4203.4
"464","10010000",2000-04-08,4203.3
"465","10010000",2000-04-09,4203.4
"466","10010000",2000-04-10,4203.4
"467","10010000",2000-04-11,4203.3
"468","10010000",2000-04-12,4203.3
"469","10010000",2000-04-13,4203.3
"470","10010000",2000-04-14,4203.4
"471","10010000",2000-04-15,4203.4
"472","10010000",2000-04-16,4203.3
"473","10010000",2000-04-17,4203.3
"474","10010000",2000-04-18,4203.2
"475","10010000",2000-04-19,4203.3
"476","10010000",2000-04-20,4203.3
"477","10010000",2000-04-21,4203.3
"478","10010000",2000-04-22,4203.3
"479","10010000",2000-04-23,4203.4
"480","10010000",2000-04-24,4203.4
"481","10010000",2000-04-25,4203.3
"482","10010000",2000-04-26,4203.3
"483","10010000",2000-04-27,4203.3
"484","10010000",2000-04-28,4203.4
"485","10010000",2000-04-29,4203.4
"486","10010000",2000-04-30,4203.3
"487","10010000",2000-05-01,4203.3
"488","10010000",2000-05-02,4203.3
"489","10010000",2000-05-03,4203.3
"490","10010000",2000-05-04,4203.3
"491","10010000",2000-05-05,4203.4
"492","10010000",2000-05-06,4203.3
"493","10010000",2000-05-07,4203.3
"494","10010000",2000-05-08,4203.2
"495","10010000",2000-05-09,4203.2
"496","10010000",2000-05-10,4203.3
"497","10010000",2000-05-11,4203.3
"498","10010000",2000-05-12,4203.2
"499","10010000",2000-05-13,4203.2
"500","10010000",2000-05-14,4203.2
"501","10010000",2000-05-15,4203.1
"502","10010000",2000-05-16,4203
"503","10010000",2000-05-17,4203.1
"504","10010000",2000-05-18,4203.1
"505","10010000",2000-05-19,4203.1
"506","10010000",2000-05-20,4203.1
"507","10010000",2000-05-21,4203.1
"508","10010000",2000-05-22,4203.1
"509","10010000",2000-05-23,4203.1
"510","10010000",2000-05-24,4203.1
"511","10010000",2000-05-25,4203.1
"512","10010000",2000-05-26,4203.1
"513","10010000",2000-05-27,4203.1
"514","10010000",2000-05-28,4203.1
"515","10010000",2000-05-29,4203.1
"516","10010000",2000-05-30,4203.1
"517","10010000",2000-05-31,4203.2
"518","10010000",2000-06-01,4203.1
"519","10010000",2000-06-02,4203
"520","10010000",2000-06-03,4203
"521","10010000",2000-06-04,4203
"522","10010000",2000-06-05,4203
"523","10010000",2000-06-06,4203
"524","10010000",2000-06-07,4202.9
"525","10010000",2000-06-08,4202.7
"526","10010000",2000-06-09,4202.9
"527","10010000",2000-06-10,4202.8
"528","10010000",2000-06-11,4202.9
"529","10010000",2000-06-12,4202.9
"530","10010000",2000-06-13,4202.8
"531","10010000",2000-06-14,4202.8
"532","10010000",2000-06-15,4202.9
"533","10010000",2000-06-16,4202.9
"534","10010000",2000-06-17,4202.7
"535","10010000",2000-06-18,4202.6
"536","10010000",2000-06-19,4202.7
"537","10010000",2000-06-20,4202.7
"538","10010000",2000-06-21,4202.6
"539","10010000",2000-06-22,4202.6
"540","10010000",2000-06-23,4202.6
"541","10010000",2000-06-24,4202.6
"542","10010000",2000-06-25,4202.5
"543","10010000",2000-06-26,4202.5
"544","10010000",2000-06-27,4202.5
"545","10010000",2000-06-28,4202.5
"546","10010000",2000-06-29,4202.5
"547","10010000",2000-06-30,4202.4
"548","10010000",2000-07-01,4202.4
"549","10010000",2000-07-02,4202.4
"550","10010000",2000-07-03,4202.3
"551","10010000",2000-07-04,4202.4
"552","10010000",2000-07-05,4202.3
"553","10010000",2000-07-06,4202.3
"554","10010000",2000-07-07,4202.3
"555","10010000",2000-07-08,4202.2
"556","10010000",2000-07-09,4202.2
"557","10010000",2000-07-10,4202.2
"558","10010000",2000-07-11,4202.2
"559","10010000",2000-07-12,4202.2
"560","10010000",2000-07-13,4202.2
"561","10010000",2000-07-14,4202.2
"562","10010000",2000-07-15,4202.2
"563","10010000",2000-07-16,4202.1
"564","10010000",2000-07-17,4202.2
"565","10010000",2000-07-18,4202.2
"566","10010000",2000-07-19,4202.1
"567","10010000",2000-07-20,4202.1
"568","10010000",2000-07-21,4202.1
"569","10010000",2000-07-22,4202
"570","10010000",2000-07-23,4202
"571","10010000",2000-07-24,4202
"572","10010000",2000-07-25,4202
"573","10010000",2000-07-26,4201.9
"574","10010000",2000-07-27,4202
"575","10010000",2000-07-28,4201.9
"576","10010000",2000-07-29,4201.9
"577","10010000",2000-07-30,4201.9
"578","10010000",2000-07-31,4201.9
"579","10010000",2000-08-01,4201.9
"580","10010000",2000-08-02,4201.9
"581","10010000",2000-08-03,4201.8
"582","10010000",2000-08-04,4201.8
"583","10010000",2000-08-05,4201.8
"584","10010000",2000-08-06,4201.8
"585","10010000",2000-08-07,4201.8
"586","10010000",2000-08-08,4201.7
"587","10010000",2000-08-09,4201.7
"588","10010000",2000-08-10,4201.7
"589","10010000",2000-08-11,4201.7
"590","10010000",2000-08-12,4201.7
"591","10010000",2000-08-13,4201.6
"592","10010000",2000-08-14,4201.6
"593","10010000",2000-08-15,4201.5
"594","10010000",2000-08-16,4201.5
"595","10010000",2000-08-17,4201.5
"596","10010000",2000-08-18,4201.4
"597","10010000",2000-08-19,4201.4
"598","10010000",2000-08-20,4201.5
"599","10010000",2000-08-21,4201.5
"600","10010000",2000-08-22,4201.4
"601","10010000",2000-08-23,4201.4
"602","10010000",2000-08-24,4201.4
"603","10010000",2000-08-25,4201.4
"604","10010000",2000-08-26,4201.3
"605","10010000",2000-08-27,4201.3
"606","10010000",2000-08-28,4201.3
"607","10010000",2000-08-29,4201.3
"608","10010000",2000-08-30,4201.3
"609","10010000",2000-08-31,4201.4
"610","10010000",2000-09-01,4201.4
"611","10010000",2000-09-02,4201.3
"612","10010000",2000-09-03,4201.4
"613","10010000",2000-09-04,4201.3
"614","10010000",2000-09-05,4201.4
"615","10010000",2000-09-06,4201.4
"616","10010000",2000-09-07,4201.3
"617","10010000",2000-09-08,4201.3
"618","10010000",2000-09-09,4201.3
"619","10010000",2000-09-10,4201.3
"620","10010000",2000-09-11,4201.3
"621","10010000",2000-09-12,4201.3
"622","10010000",2000-09-13,4201.3
"623","10010000",2000-09-14,4201.3
"624","10010000",2000-09-15,4201.2
"625","10010000",2000-09-16,4201.2
"626","10010000",2000-09-17,4201.3
"627","10010000",2000-09-18,4201.2
"628","10010000",2000-09-19,4201.3
"629","10010000",2000-09-20,4201.3
"630","10010000",2000-09-21,4201.2
"631","10010000",2000-09-22,4201.2
"632","10010000",2000-09-23,4201.3
"633","10010000",2000-09-24,4201.2
"634","10010000",2000-09-25,4201.2
"635","10010000",2000-09-26,4201.2
"636","10010000",2000-09-27,4201.1
"637","10010000",2000-09-28,4201.1
"638","10010000",2000-09-29,4201.1
"639","10010000",2000-09-30,4201.1
"640","10010000",2000-10-01,4201.1
"641","10010000",2000-10-02,4201.1
"642","10010000",2000-10-03,4201.2
"643","10010000",2000-10-04,4201.1
"644","10010000",2000-10-05,4201.1
"645","10010000",2000-10-06,4201.1
"646","10010000",2000-10-07,4201.1
"647","10010000",2000-10-08,4201.1
"648","10010000",2000-10-09,4201
"649","10010000",2000-10-10,4200.9
"650","10010000",2000-10-11,4200.9
"651","10010000",2000-10-12,4201
"652","10010000",2000-10-13,4201
"653","10010000",2000-10-14,4201
"654","10010000",2000-10-15,4201
"655","10010000",2000-10-16,4201
"656","10010000",2000-10-17,4201
"657","10010000",2000-10-18,4201
"658","10010000",2000-10-19,4201
"659","10010000",2000-10-20,4201
"660","10010000",2000-10-21,4201.1
"661","10010000",2000-10-22,4201.2
"662","10010000",2000-10-23,4201
"663","10010000",2000-10-24,4201
"664","10010000",2000-10-25,4201
"665","10010000",2000-10-26,4200.9
"666","10010000",2000-10-27,4201
"667","10010000",2000-10-28,4201
"668","10010000",2000-10-29,4201
"669","10010000",2000-10-30,4201.1
"670","10010000",2000-10-31,4201.3
"671","10010000",2000-11-01,4201.2
"672","10010000",2000-11-02,4201.1
"673","10010000",2000-11-03,4201.1
"674","10010000",2000-11-04,4201.1
"675","10010000",2000-11-05,4201.2
"676","10010000",2000-11-06,4201.1
"677","10010000",2000-11-07,4201.1
"678","10010000",2000-11-08,4201
"679","10010000",2000-11-09,4201.1
"680","10010000",2000-11-10,4201.1
"681","10010000",2000-11-11,4201.1
"682","10010000",2000-11-12,4201.1
"683","10010000",2000-11-13,4201
"684","10010000",2000-11-14,4201.1
"685","10010000",2000-11-15,4201.1
"686","10010000",2000-11-16,4201.1
"687","10010000",2000-11-17,4201.1
"688","10010000",2000-11-18,4201
"689","10010000",2000-11-19,4201.1
"690","10010000",2000-11-20,4201.1
"691","10010000",2000-11-21,4201.1
"692","10010000",2000-11-22,4201.1
"693","10010000",2000-11-23,4201.1
"694","10010000",2000-11-24,4201
"695","10010000",2000-11-25,4201
"696","10010000",2000-11-26,4201
"697","10010000",2000-11-27,4201
"698","10010000",2000-11-28,4201.1
"699","10010000",2000-11-29,4201.1
"700","10010000",2000-11-30,4201.1
"701","10010000",2000-12-01,4201.1
"702","10010000",2000-12-02,4201.1
"703","10010000",2000-12-03,4201.1
"704","10010000",2000-12-04,4201.1
"705","10010000",2000-12-05,4201.1
"706","10010000",2000-12-06,4201.1
"707","10010000",2000-12-07,4201.1
"708","10010000",2000-12-08,4201.1
"709","10010000",2000-12-09,4201.1
"710","10010000",2000-12-10,4201.2
"711","10010000",2000-12-11,4201.1
"712","10010000",2000-12-12,4201.1
"713","10010000",2000-12-13,4201.1
"714","10010000",2000-12-14,4201.1
"715","10010000",2000-12-15,4201.2
"716","10010000",2000-12-16,4201.1
"717","10010000",2000-12-17,4201.3
"718","10010000",2000-12-18,4201.1
"719","10010000",2000-12-19,4201.1
"720","10010000",2000-12-20,4201.1
"721","10010000",2000-12-21,4201.1
"722","10010000",2000-12-22,4201.1
"723","10010000",2000-12-23,4201.1
"724","10010000",2000-12-24,4201.2
"725","10010000",2000-12-25,4201.2
"726","10010000",2000-12-26,4201.2
"727","10010000",2000-12-27,4201.2
"728","10010000",2000-12-28,4201.2
"729","10010000",2000-12-29,4201.2
"730","10010000",2000-12-30,4201.2
"731","10010000",2000-12-31,4201.2
"732","10010000",2001-01-01,4201.2
"733","10010000",2001-01-02,4201.2
"734","10010000",2001-01-03,4201.2
"735","10010000",2001-01-04,4201.2
"736","10010000",2001-01-05,4201.2
"737","10010000",2001-01-06,4201.2
"738","10010000",2001-01-07,4201.2
"739","10010000",2001-01-08,4201.2
"740","10010000",2001-01-09,4201.2
"741","10010000",2001-01-10,4201.2
"742","10010000",2001-01-11,4201.1
"743","10010000",2001-01-12,4201.2
"744","10010000",2001-01-13,4201.2
"745","10010000",2001-01-14,4201.2
"746","10010000",2001-01-15,4201.3
"747","10010000",2001-01-16,4201.3
"748","10010000",2001-01-17,4201.3
"749","10010000",2001-01-18,4201.2
"750","10010000",2001-01-19,4201.2
"751","10010000",2001-01-20,4201.2
"752","10010000",2001-01-21,4201.2
"753","10010000",2001-01-22,4201.2
"754","10010000",2001-01-23,4201.2
"755","10010000",2001-01-24,4201.2
"756","10010000",2001-01-25,4201.2
"757","10010000",2001-01-26,4201.2
"758","10010000",2001-01-27,4201.3
"759","10010000",2001-01-28,4201.3
"760","10010000",2001-01-29,4201.2
"761","10010000",2001-01-30,4201.3
"762","10010000",2001-01-31,4201.2
"763","10010000",2001-02-01,4201.2
"764","10010000",2001-02-02,4201.2
"765","10010000",2001-02-03,4201.2
"766","10010000",2001-02-04,4201.2
"767","10010000",2001-02-05,4201.2
"768","10010000",2001-02-06,4201.3
"769","10010000",2001-02-07,4201.4
"770","10010000",2001-02-08,4201.4
"771","10010000",2001-02-09,4201.3
"772","10010000",2001-02-10,4201.3
"773","10010000",2001-02-11,4201.3
"774","10010000",2001-02-12,4201.3
"775","10010000",2001-02-13,4201.3
"776","10010000",2001-02-14,4201.4
"777","10010000",2001-02-15,4201.3
"778","10010000",2001-02-16,4201.3
"779","10010000",2001-02-17,4201.3
"780","10010000",2001-02-18,4201.3
"781","10010000",2001-02-19,4201.3
"782","10010000",2001-02-20,4201.3
"783","10010000",2001-02-21,4201.3
"784","10010000",2001-02-22,4201.3
"785","10010000",2001-02-23,4201.4
"786","10010000",2001-02-24,4201.4
"787","10010000",2001-02-25,4201.4
"788","10010000",2001-02-26,4201.4
"789","10010000",2001-02-27,4201.4
"790","10010000",2001-02-28,4201.4
"791","10010000",2001-03-01,4201.4
"792","10010000",2001-03-02,4201.4
"793","10010000",2001-03-03,4201.4
"794","10010000",2001-03-04,4201.4
"795","10010000",2001-03-05,4201.4
"796","10010000",2001-03-06,4201.4
"797","10010000",2001-03-07,4201.4
"798","10010000",2001-03-08,4201.4
"799","10010000",2001-03-09,4201.5
"800","10010000",2001-03-10,4201.5
"801","10010000",2001-03-11,4201.6
"802","10010000",2001-03-12,4201.5
"803","10010000",2001-03-13,4201.4
"804","10010000",2001-03-14,4201.6
"805","10010000",2001-03-15,4201.4
"806","10010000",2001-03-16,4201.5
"807","10010000",2001-03-17,4201.5
"808","10010000",2001-03-18,4201.4
"809","10010000",2001-03-19,4201.4
"810","10010000",2001-03-20,4201.5
"811","10010000",2001-03-21,4201.5
"812","10010000",2001-03-22,4201.5
"813","10010000",2001-03-23,4201.5
"814","10010000",2001-03-24,4201.5
"815","10010000",2001-03-25,4201.5
"816","10010000",2001-03-26,4201.5
"817","10010000",2001-03-27,4201.5
"818","10010000",2001-03-28,4201.5
"819","10010000",2001-03-29,4201.5
"820","10010000",2001-03-30,4201.5
"821","10010000",2001-03-31,4201.5
"822","10010000",2001-04-01,4201.5
"823","10010000",2001-04-02,4201.5
"824","10010000",2001-04-03,4201.5
"825","10010000",2001-04-04,4201.5
"826","10010000",2001-04-05,4201.5
"827","10010000",2001-04-06,4201.4
"828","10010000",2001-04-07,4201.3
"829","10010000",2001-04-08,4201.5
"830","10010000",2001-04-09,4201.6
"831","10010000",2001-04-10,4201.7
"832","10010000",2001-04-11,4201.5
"833","10010000",2001-04-12,4201.6
"834","10010000",2001-04-13,4201.5
"835","10010000",2001-04-14,4201.5
"836","10010000",2001-04-15,4201.5
"837","10010000",2001-04-16,4201.5
"838","10010000",2001-04-17,4201.5
"839","10010000",2001-04-18,4201.4
"840","10010000",2001-04-19,4201.5
"841","10010000",2001-04-20,4201.5
"842","10010000",2001-04-21,4201.5
"843","10010000",2001-04-22,4201.7
"844","10010000",2001-04-23,4201.5
"845","10010000",2001-04-24,4201.5
"846","10010000",2001-04-25,4201.5
"847","10010000",2001-04-26,4201.5
"848","10010000",2001-04-27,4201.4
"849","10010000",2001-04-28,4201.4
"850","10010000",2001-04-29,4201.5
"851","10010000",2001-04-30,4201.4
"852","10010000",2001-05-01,4201.6
"853","10010000",2001-05-02,4201.6
"854","10010000",2001-05-03,4201.6
"855","10010000",2001-05-04,4201.4
"856","10010000",2001-05-05,4201.4
"857","10010000",2001-05-06,4201.4
"858","10010000",2001-05-07,4201.4
"859","10010000",2001-05-08,4201.3
"860","10010000",2001-05-09,4201.4
"861","10010000",2001-05-10,4201.3
"862","10010000",2001-05-11,4201.3
"863","10010000",2001-05-12,4201.3
"864","10010000",2001-05-13,4201.2
"865","10010000",2001-05-14,4201.3
"866","10010000",2001-05-15,4201.3
"867","10010000",2001-05-16,4201.3
"868","10010000",2001-05-17,4201.3
"869","10010000",2001-05-18,4201.3
"870","10010000",2001-05-19,4201.3
"871","10010000",2001-05-20,4201.5
"872","10010000",2001-05-21,4201.3
"873","10010000",2001-05-22,4201.2
"874","10010000",2001-05-23,4201.2
"875","10010000",2001-05-24,4201.2
"876","10010000",2001-05-25,4201.2
"877","10010000",2001-05-26,4201.2
"878","10010000",2001-05-27,4201.2
"879","10010000",2001-05-28,4201.2
"880","10010000",2001-05-29,4201.2
"881","10010000",2001-05-30,4201.2
"882","10010000",2001-05-31,4201.1
"883","10010000",2001-06-01,4201.1
"884","10010000",2001-06-02,4201.1
"885","10010000",2001-06-03,4201.2
"886","10010000",2001-06-04,4201.1
"887","10010000",2001-06-05,4201
"888","10010000",2001-06-06,4201.1
"889","10010000",2001-06-07,4201
"890","10010000",2001-06-08,4201
"891","10010000",2001-06-09,4201
"892","10010000",2001-06-10,4200.9
"893","10010000",2001-06-11,4201
"894","10010000",2001-06-12,4201.1
"895","10010000",2001-06-13,4201
"896","10010000",2001-06-14,4201
"897","10010000",2001-06-15,4200.9
"898","10010000",2001-06-16,4200.9
"899","10010000",2001-06-17,4200.9
"900","10010000",2001-06-18,4201
"901","10010000",2001-06-19,4200.9
"902","10010000",2001-06-20,4200.9
"903","10010000",2001-06-21,4200.9
"904","10010000",2001-06-22,4200.8
"905","10010000",2001-06-23,4200.8
"906","10010000",2001-06-24,4200.7
"907","10010000",2001-06-25,4200.8
"908","10010000",2001-06-26,4200.7
"909","10010000",2001-06-27,4200.7
"910","10010000",2001-06-28,4200.7
"911","10010000",2001-06-29,4200.7
"912","10010000",2001-06-30,4200.7
"913","10010000",2001-07-01,4200.7
"914","10010000",2001-07-02,4200.7
"915","10010000",2001-07-03,4200.6
"916","10010000",2001-07-04,4200.6
"917","10010000",2001-07-05,4200.6
"918","10010000",2001-07-06,4200.6
"919","10010000",2001-07-07,4200.6
"920","10010000",2001-07-08,4200.6
"921","10010000",2001-07-09,4200.6
"922","10010000",2001-07-10,4200.5
"923","10010000",2001-07-11,4200.5
"924","10010000",2001-07-12,4200.5
"925","10010000",2001-07-13,4200.5
"926","10010000",2001-07-14,4200.4
"927","10010000",2001-07-15,4200.4
"928","10010000",2001-07-16,4200.3
"929","10010000",2001-07-17,4200.3
"930","10010000",2001-07-18,4200.4
"931","10010000",2001-07-19,4200.3
"932","10010000",2001-07-20,4200.2
"933","10010000",2001-07-21,4200.2
"934","10010000",2001-07-22,4200.3
"935","10010000",2001-07-23,4200.3
"936","10010000",2001-07-24,4200.2
"937","10010000",2001-07-25,4200.2
"938","10010000",2001-07-26,4200.2
"939","10010000",2001-07-27,4200.2
"940","10010000",2001-07-28,4200.2
"941","10010000",2001-07-29,4200.2
"942","10010000",2001-07-30,4200.2
"943","10010000",2001-07-31,4200.1
"944","10010000",2001-08-01,4200.1
"945","10010000",2001-08-02,4200
"946","10010000",2001-08-03,4200
"947","10010000",2001-08-04,4200
"948","10010000",2001-08-05,4200
"949","10010000",2001-08-06,4200
"950","10010000",2001-08-07,4200
"951","10010000",2001-08-08,4200
"952","10010000",2001-08-09,4200
"953","10010000",2001-08-10,4199.9
"954","10010000",2001-08-11,4199.9
"955","10010000",2001-08-12,4199.9
"956","10010000",2001-08-13,4199.9
"957","10010000",2001-08-14,4199.8
"958","10010000",2001-08-15,4199.9
"959","10010000",2001-08-16,4199.8
"960","10010000",2001-08-17,4199.8
"961","10010000",2001-08-18,4199.8
"962","10010000",2001-08-19,4199.8
"963","10010000",2001-08-20,4199.7
"964","10010000",2001-08-21,4199.5
"965","10010000",2001-08-22,4199.6
"966","10010000",2001-08-23,4199.7
"967","10010000",2001-08-24,4199.7
"968","10010000",2001-08-25,4199.7
"969","10010000",2001-08-26,4199.6
"970","10010000",2001-08-27,4199.6
"971","10010000",2001-08-28,4199.6
"972","10010000",2001-08-29,4199.6
"973","10010000",2001-08-30,4199.6
"974","10010000",2001-08-31,4199.6
"975","10010000",2001-09-01,4199.5
"976","10010000",2001-09-02,4199.5
"977","10010000",2001-09-03,4199.5
"978","10010000",2001-09-04,4199.5
"979","10010000",2001-09-05,4199.4
"980","10010000",2001-09-06,4199.6
"981","10010000",2001-09-07,4199.5
"982","10010000",2001-09-08,4199.5
"983","10010000",2001-09-09,4199.4
"984","10010000",2001-09-10,4199.4
"985","10010000",2001-09-11,4199.4
"986","10010000",2001-09-12,4199.4
"987","10010000",2001-09-13,4199.4
"988","10010000",2001-09-14,4199.4
"989","10010000",2001-09-15,4199.3
"990","10010000",2001-09-16,4199.4
"991","10010000",2001-09-17,4199.3
"992","10010000",2001-09-18,4199.3
"993","10010000",2001-09-19,4199.3
"994","10010000",2001-09-20,4199.3
"995","10010000",2001-09-21,4199.2
"996","10010000",2001-09-22,4199.2
"997","10010000",2001-09-23,4199.2
"998","10010000",2001-09-24,4199.2
"999","10010000",2001-09-25,4199.2
"1000","10010000",2001-09-26,4199.2
"1001","10010000",2001-09-27,4199.2
"1002","10010000",2001-09-28,4199.1
"1003","10010000",2001-09-29,4199.2
"1004","10010000",2001-09-30,4199.2
"1005","10010000",2001-10-01,4199.11
"1006","10010000",2001-10-02,4199.1
"1007","10010000",2001-10-03,4199.1
"1008","10010000",2001-10-04,4199.11
"1009","10010000",2001-10-05,4199.12
"1010","10010000",2001-10-06,4199.04
"1011","10010000",2001-10-07,4199
"1012","10010000",2001-10-08,4199.03
"1013","10010000",2001-10-09,4199.14
"1014","10010000",2001-10-10,4198.98
"1015","10010000",2001-10-11,4199.11
"1016","10010000",2001-10-12,4198.96
"1017","10010000",2001-10-13,4198.97
"1018","10010000",2001-10-14,4198.92
"1019","10010000",2001-10-15,4198.93
"1020","10010000",2001-10-16,4198.9
"1021","10010000",2001-10-17,4198.91
"1022","10010000",2001-10-18,4198.91
"1023","10010000",2001-10-19,4198.86
"1024","10010000",2001-10-20,4198.87
"1025","10010000",2001-10-21,4198.85
"1026","10010000",2001-10-22,4198.85
"1027","10010000",2001-10-23,4199.11
"1028","10010000",2001-10-24,4198.86
"1029","10010000",2001-10-25,4198.8
"1030","10010000",2001-10-26,4198.8
"1031","10010000",2001-10-27,4198.8
"1032","10010000",2001-10-28,4198.8
"1033","10010000",2001-10-29,4198.8
"1034","10010000",2001-10-30,4198.76
"1035","10010000",2001-10-31,4198.83
"1036","10010000",2001-11-01,4198.81
"1037","10010000",2001-11-02,4198.8
"1038","10010000",2001-11-03,4198.8
"1039","10010000",2001-11-04,4198.8
"1040","10010000",2001-11-05,4198.8
"1041","10010000",2001-11-06,4198.8
"1042","10010000",2001-11-07,4198.88
"1043","10010000",2001-11-08,4198.84
"1044","10010000",2001-11-09,4198.8
"1045","10010000",2001-11-10,4198.8
"1046","10010000",2001-11-11,4198.8
"1047","10010000",2001-11-12,4198.8
"1048","10010000",2001-11-13,4198.83
"1049","10010000",2001-11-14,4198.8
"1050","10010000",2001-11-15,4198.8
"1051","10010000",2001-11-16,4198.8
"1052","10010000",2001-11-17,4198.83
"1053","10010000",2001-11-18,4198.83
"1054","10010000",2001-11-19,4198.8
"1055","10010000",2001-11-20,4198.81
"1056","10010000",2001-11-21,4198.81
"1057","10010000",2001-11-22,4198.86
"1058","10010000",2001-11-23,4198.96
"1059","10010000",2001-11-24,4198.76
"1060","10010000",2001-11-25,4199.06
"1061","10010000",2001-11-26,4198.98
"1062","10010000",2001-11-27,4198.99
"1063","10010000",2001-11-28,4198.89
"1064","10010000",2001-11-29,4198.91
"1065","10010000",2001-11-30,4198.95
"1066","10010000",2001-12-01,4198.93
"1067","10010000",2001-12-02,4198.86
"1068","10010000",2001-12-03,4198.96
"1069","10010000",2001-12-04,4199.04
"1070","10010000",2001-12-05,4198.87
"1071","10010000",2001-12-06,4199.03
"1072","10010000",2001-12-07,4199.12
"1073","10010000",2001-12-08,4199.05
"1074","10010000",2001-12-09,4199.09
"1075","10010000",2001-12-10,4199.13
"1076","10010000",2001-12-11,4199.1
"1077","10010000",2001-12-12,4199.09
"1078","10010000",2001-12-13,4199.03
"1079","10010000",2001-12-14,4199.12
"1080","10010000",2001-12-15,4199.19
"1081","10010000",2001-12-16,4199.11
"1082","10010000",2001-12-17,4199.13
"1083","10010000",2001-12-18,4199.13
"1084","10010000",2001-12-19,4199.13
"1085","10010000",2001-12-20,4199.16
"1086","10010000",2001-12-21,4199.16
"1087","10010000",2001-12-22,4199.13
"1088","10010000",2001-12-23,4199.16
"1089","10010000",2001-12-24,4199.17
"1090","10010000",2001-12-25,4199.12
"1091","10010000",2001-12-26,4199.14
"1092","10010000",2001-12-27,4199.15
"1093","10010000",2001-12-28,4199.14
"1094","10010000",2001-12-29,4199.14
"1095","10010000",2001-12-30,4199.16
"1096","10010000",2001-12-31,4199.16
"1097","10010000",2002-01-01,4199.18
"1098","10010000",2002-01-02,4199.17
"1099","10010000",2002-01-03,4199.18
"1100","10010000",2002-01-04,4199.18
"1101","10010000",2002-01-05,4199.18
"1102","10010000",2002-01-06,4199.18
"1103","10010000",2002-01-07,4199.19
"1104","10010000",2002-01-08,4199.19
"1105","10010000",2002-01-09,4199.2
"1106","10010000",2002-01-10,4199.2
"1107","10010000",2002-01-11,4199.2
"1108","10010000",2002-01-12,4199.19
"1109","10010000",2002-01-13,4199.22
"1110","10010000",2002-01-14,4199.2
"1111","10010000",2002-01-15,4199.23
"1112","10010000",2002-01-16,4199.22
"1113","10010000",2002-01-17,4199.2
"1114","10010000",2002-01-18,4199.25
"1115","10010000",2002-01-19,4199.19
"1116","10010000",2002-01-20,4199.2
"1117","10010000",2002-01-21,4199.16
"1118","10010000",2002-01-22,4199.29
"1119","10010000",2002-01-23,4199.21
"1120","10010000",2002-01-24,4199.2
"1121","10010000",2002-01-25,4199.23
"1122","10010000",2002-01-26,4199.21
"1123","10010000",2002-01-27,4199.22
"1124","10010000",2002-01-28,4199.35
"1125","10010000",2002-01-29,4199.32
"1126","10010000",2002-01-30,4199.31
"1127","10010000",2002-01-31,4199.29
"1128","10010000",2002-02-01,4199.28
"1129","10010000",2002-02-02,4199.29
"1130","10010000",2002-02-03,4199.29
"1131","10010000",2002-02-04,4199.29
"1132","10010000",2002-02-05,4199.29
"1133","10010000",2002-02-06,4199.28
"1134","10010000",2002-02-07,4199.28
"1135","10010000",2002-02-08,4199.38
"1136","10010000",2002-02-09,4199.3
"1137","10010000",2002-02-10,4199.29
"1138","10010000",2002-02-11,4199.29
"1139","10010000",2002-02-12,4199.3
"1140","10010000",2002-02-13,4199.3
"1141","10010000",2002-02-14,4199.31
"1142","10010000",2002-02-15,4199.3
"1143","10010000",2002-02-16,4199.3
"1144","10010000",2002-02-17,4199.3
"1145","10010000",2002-02-18,4199.31
"1146","10010000",2002-02-19,4199.3
"1147","10010000",2002-02-20,4199.32
"1148","10010000",2002-02-21,4199.34
"1149","10010000",2002-02-22,4199.35
"1150","10010000",2002-02-23,4199.38
"1151","10010000",2002-02-24,4199.44
"1152","10010000",2002-02-25,4199.49
"1153","10010000",2002-02-26,4199.38
"1154","10010000",2002-02-27,4199.38
"1155","10010000",2002-02-28,4199.5
"1156","10010000",2002-03-01,4199.53
"1157","10010000",2002-03-02,4199.42
"1158","10010000",2002-03-03,4199.4
"1159","10010000",2002-03-04,4199.4
"1160","10010000",2002-03-05,4199.4
"1161","10010000",2002-03-06,4199.36
"1162","10010000",2002-03-07,4199.35
"1163","10010000",2002-03-08,4199.66
"1164","10010000",2002-03-09,4199.4
"1165","10010000",2002-03-10,4199.4
"1166","10010000",2002-03-11,4199.4
"1167","10010000",2002-03-12,4199.38
"1168","10010000",2002-03-13,4199.46
"1169","10010000",2002-03-14,4199.56
"1170","10010000",2002-03-15,4199.47
"1171","10010000",2002-03-16,4199.44
"1172","10010000",2002-03-17,4199.51
"1173","10010000",2002-03-18,4199.53
"1174","10010000",2002-03-19,4199.43
"1175","10010000",2002-03-20,4199.46
"1176","10010000",2002-03-21,4199.5
"1177","10010000",2002-03-22,4199.5
"1178","10010000",2002-03-23,4199.48
"1179","10010000",2002-03-24,4199.54
"1180","10010000",2002-03-25,4199.54
"1181","10010000",2002-03-26,4199.54
"1182","10010000",2002-03-27,4199.55
"1183","10010000",2002-03-28,4199.56
"1184","10010000",2002-03-29,4199.58
"1185","10010000",2002-03-30,4199.57
"1186","10010000",2002-03-31,4199.56
"1187","10010000",2002-04-01,4199.56
"1188","10010000",2002-04-02,4199.6
"1189","10010000",2002-04-03,4199.58
"1190","10010000",2002-04-04,4199.59
"1191","10010000",2002-04-05,4199.58
"1192","10010000",2002-04-06,4199.58
"1193","10010000",2002-04-07,4199.58
"1194","10010000",2002-04-08,4199.55
"1195","10010000",2002-04-09,4199.52
"1196","10010000",2002-04-10,4199.59
"1197","10010000",2002-04-11,4199.53
"1198","10010000",2002-04-12,4199.55
"1199","10010000",2002-04-13,4199.51
"1200","10010000",2002-04-14,4199.57
"1201","10010000",2002-04-15,4199.75
"1202","10010000",2002-04-16,4199.57
"1203","10010000",2002-04-17,4199.57
"1204","10010000",2002-04-18,4199.61
"1205","10010000",2002-04-19,4199.64
"1206","10010000",2002-04-20,4199.67
"1207","10010000",2002-04-21,4199.6
"1208","10010000",2002-04-22,4199.6
"1209","10010000",2002-04-23,4199.67
"1210","10010000",2002-04-24,4199.65
"1211","10010000",2002-04-25,4199.6
"1212","10010000",2002-04-26,4199.68
"1213","10010000",2002-04-27,4199.67
"1214","10010000",2002-04-28,4199.71
"1215","10010000",2002-04-29,4199.73
"1216","10010000",2002-04-30,4199.74
"1217","10010000",2002-05-01,4199.77
"1218","10010000",2002-05-02,4199.71
"1219","10010000",2002-05-03,4199.68
"1220","10010000",2002-05-04,4199.73
"1221","10010000",2002-05-05,4199.71
"1222","10010000",2002-05-06,4199.7
"1223","10010000",2002-05-07,4199.89
"1224","10010000",2002-05-08,4199.74
"1225","10010000",2002-05-09,4199.66
"1226","10010000",2002-05-10,4199.7
"1227","10010000",2002-05-11,4199.69
"1228","10010000",2002-05-12,4199.66
"1229","10010000",2002-05-13,4199.65
"1230","10010000",2002-05-14,4199.68
"1231","10010000",2002-05-15,4199.66
"1232","10010000",2002-05-16,4199.64
"1233","10010000",2002-05-17,4199.61
"1234","10010000",2002-05-18,4199.59
"1235","10010000",2002-05-19,4199.54
"1236","10010000",2002-05-20,4199.51
"1237","10010000",2002-05-21,4199.41
"1238","10010000",2002-05-22,4199.53
"1239","10010000",2002-05-23,4199.52
"1240","10010000",2002-05-24,4199.49
"1241","10010000",2002-05-25,4199.48
"1242","10010000",2002-05-26,4199.52
"1243","10010000",2002-05-27,4199.52
"1244","10010000",2002-05-28,4199.5
"1245","10010000",2002-05-29,4199.5
"1246","10010000",2002-05-30,4199.49
"1247","10010000",2002-05-31,4199.48
"1248","10010000",2002-06-01,4199.46
"1249","10010000",2002-06-02,4199.51
"1250","10010000",2002-06-03,4199.49
"1251","10010000",2002-06-04,4199.44
"1252","10010000",2002-06-05,4199.4
"1253","10010000",2002-06-06,4199.4
"1254","10010000",2002-06-07,4199.44
"1255","10010000",2002-06-08,4199.62
"1256","10010000",2002-06-09,4199.5
"1257","10010000",2002-06-10,4199.35
"1258","10010000",2002-06-11,4199.34
"1259","10010000",2002-06-12,4199.31
"1260","10010000",2002-06-13,4199.3
"1261","10010000",2002-06-14,4199.3
"1262","10010000",2002-06-15,4199.29
"1263","10010000",2002-06-16,4199.28
"1264","10010000",2002-06-17,4199.27
"1265","10010000",2002-06-18,4199.3
"1266","10010000",2002-06-19,4199.38
"1267","10010000",2002-06-20,4199.22
"1268","10010000",2002-06-21,4199.17
"1269","10010000",2002-06-22,4199.18
"1270","10010000",2002-06-23,4199.15
"1271","10010000",2002-06-24,4199.12
"1272","10010000",2002-06-25,4199.11
"1273","10010000",2002-06-26,4199.1
"1274","10010000",2002-06-27,4199.08
"1275","10010000",2002-06-28,4199.07
"1276","10010000",2002-06-29,4199.01
"1277","10010000",2002-06-30,4199.01
"1278","10010000",2002-07-01,4199.04
"1279","10010000",2002-07-02,4199.03
"1280","10010000",2002-07-03,4198.92
"1281","10010000",2002-07-04,4198.9
"1282","10010000",2002-07-05,4198.94
"1283","10010000",2002-07-06,4198.89
"1284","10010000",2002-07-07,4198.89
"1285","10010000",2002-07-08,4198.86
"1286","10010000",2002-07-09,4198.91
"1287","10010000",2002-07-10,4198.81
"1288","10010000",2002-07-11,4198.8
"1289","10010000",2002-07-12,4198.8
"1290","10010000",2002-07-13,4198.8
"1291","10010000",2002-07-14,4198.77
"1292","10010000",2002-07-15,4198.72
"1293","10010000",2002-07-16,4198.74
"1294","10010000",2002-07-17,4198.67
"1295","10010000",2002-07-18,4198.63
"1296","10010000",2002-07-19,4198.55
"1297","10010000",2002-07-20,4198.6
"1298","10010000",2002-07-21,4198.6
"1299","10010000",2002-07-22,4198.54
"1300","10010000",2002-07-23,4198.44
"1301","10010000",2002-07-24,4198.46
"1302","10010000",2002-07-25,4198.41
"1303","10010000",2002-07-26,4198.4
"1304","10010000",2002-07-27,4198.44
"1305","10010000",2002-07-28,4198.43
"1306","10010000",2002-07-29,4198.39
"1307","10010000",2002-07-30,4198.37
"1308","10010000",2002-07-31,4198.41
"1309","10010000",2002-08-01,4198.38
"1310","10010000",2002-08-02,4198.28
"1311","10010000",2002-08-03,4198.21
"1312","10010000",2002-08-04,4198.06
"1313","10010000",2002-08-05,4198.05
"1314","10010000",2002-08-06,4198.02
"1315","10010000",2002-08-07,4198.1
"1316","10010000",2002-08-08,4198.13
"1317","10010000",2002-08-09,4198.09
"1318","10010000",2002-08-10,4198.05
"1319","10010000",2002-08-11,4198.02
"1320","10010000",2002-08-12,4198.05
"1321","10010000",2002-08-13,4198.01
"1322","10010000",2002-08-14,4198
"1323","10010000",2002-08-15,4197.99
"1324","10010000",2002-08-16,4197.97
"1325","10010000",2002-08-17,4197.96
"1326","10010000",2002-08-18,4197.94
"1327","10010000",2002-08-19,4197.93
"1328","10010000",2002-08-20,4197.86
"1329","10010000",2002-08-21,4197.91
"1330","10010000",2002-08-22,4197.88
"1331","10010000",2002-08-23,4197.87
"1332","10010000",2002-08-24,4197.84
"1333","10010000",2002-08-25,4197.8
"1334","10010000",2002-08-26,4197.82
"1335","10010000",2002-08-27,4197.82
"1336","10010000",2002-08-28,4197.76
"1337","10010000",2002-08-29,4197.73
"1338","10010000",2002-08-30,4197.71
"1339","10010000",2002-08-31,4197.7
"1340","10010000",2002-09-01,4197.7
"1341","10010000",2002-09-02,4197.7
"1342","10010000",2002-09-03,4197.66
"1343","10010000",2002-09-04,4197.6
"1344","10010000",2002-09-05,4197.57
"1345","10010000",2002-09-06,4197.5
"1346","10010000",2002-09-07,4197.59
"1347","10010000",2002-09-08,4197.62
"1348","10010000",2002-09-09,4197.6
"1349","10010000",2002-09-10,4197.6
"1350","10010000",2002-09-11,4197.58
"1351","10010000",2002-09-12,4197.59
"1352","10010000",2002-09-13,4197.59
"1353","10010000",2002-09-14,4197.6
"1354","10010000",2002-09-15,4197.58
"1355","10010000",2002-09-16,4197.62
"1356","10010000",2002-09-17,4197.68
"1357","10010000",2002-09-18,4197.66
"1358","10010000",2002-09-19,4197.57
"1359","10010000",2002-09-20,4197.5
"1360","10010000",2002-09-21,4197.58
"1361","10010000",2002-09-22,4197.59
"1362","10010000",2002-09-23,4197.55
"1363","10010000",2002-09-24,4197.56
"1364","10010000",2002-09-25,4197.5
"1365","10010000",2002-09-26,4197.58
"1366","10010000",2002-09-27,4197.5
"1367","10010000",2002-09-28,4197.5
"1368","10010000",2002-09-29,4197.5
"1369","10010000",2002-09-30,4197.5
"1370","10010000",2002-10-01,4197.5
"1371","10010000",2002-10-02,4197.5
"1372","10010000",2002-10-03,4197.6
"1373","10010000",2002-10-04,4197.6
"1374","10010000",2002-10-05,4197.6
"1375","10010000",2002-10-06,4197.7
"1376","10010000",2002-10-07,4197.7
"1377","10010000",2002-10-08,4197.38
"1378","10010000",2002-10-09,4197.36
"1379","10010000",2002-10-10,4197.33
"1380","10010000",2002-10-11,4197.39
"1381","10010000",2002-10-12,4197.34
"1382","10010000",2002-10-13,4197.3
"1383","10010000",2002-10-14,4197.3
"1384","10010000",2002-10-15,4197.29
"1385","10010000",2002-10-16,4197.28
"1386","10010000",2002-10-17,4197.3
"1387","10010000",2002-10-18,4197.3
"1388","10010000",2002-10-19,4197.4
"1389","10010000",2002-10-20,4197.4
"1390","10010000",2002-10-21,4197.4
"1391","10010000",2002-10-22,4197.4
"1392","10010000",2002-10-23,4197.34
"1393","10010000",2002-10-24,4197.33
"1394","10010000",2002-10-25,4197.34
"1395","10010000",2002-10-26,4197.34
"1396","10010000",2002-10-27,4197.3
"1397","10010000",2002-10-28,4197.3
"1398","10010000",2002-10-29,4197.3
"1399","10010000",2002-10-30,4197.33
"1400","10010000",2002-10-31,4197.39
"1401","10010000",2002-11-01,4197.31
"1402","10010000",2002-11-02,4197.3
"1403","10010000",2002-11-03,4197.2
"1404","10010000",2002-11-04,4197.2
"1405","10010000",2002-11-05,4197.22
"1406","10010000",2002-11-06,4197.24
"1407","10010000",2002-11-07,4197.2
"1408","10010000",2002-11-08,4197.28
"1409","10010000",2002-11-09,4197.34
"1410","10010000",2002-11-10,4197.3
"1411","10010000",2002-11-11,4197.3
"1412","10010000",2002-11-12,4197.29
"1413","10010000",2002-11-13,4197.31
"1414","10010000",2002-11-14,4197.36
"1415","10010000",2002-11-15,4197.35
"1416","10010000",2002-11-16,4197.32
"1417","10010000",2002-11-17,4197.34
"1418","10010000",2002-11-18,4197.34
"1419","10010000",2002-11-19,4197.32
"1420","10010000",2002-11-20,4197.31
"1421","10010000",2002-11-21,4197.32
"1422","10010000",2002-11-22,4197.34
"1423","10010000",2002-11-23,4197.34
"1424","10010000",2002-11-24,4197.37
"1425","10010000",2002-11-25,4197.53
"1426","10010000",2002-11-26,4197.38
"1427","10010000",2002-11-27,4197.34
"1428","10010000",2002-11-28,4197.33
"1429","10010000",2002-11-29,4197.23
"1430","10010000",2002-11-30,4197.22
"1431","10010000",2002-12-01,4197.24
"1432","10010000",2002-12-02,4197.24
"1433","10010000",2002-12-03,4197.23
"1434","10010000",2002-12-04,4197.24
"1435","10010000",2002-12-05,4197.26
"1436","10010000",2002-12-06,4197.27
"1437","10010000",2002-12-07,4197.29
"1438","10010000",2002-12-08,4197.26
"1439","10010000",2002-12-09,4197.25
"1440","10010000",2002-12-10,4197.26
"1441","10010000",2002-12-11,4197.24
"1442","10010000",2002-12-12,4197.23
"1443","10010000",2002-12-13,4197.24
"1444","10010000",2002-12-14,4197.26
"1445","10010000",2002-12-15,4197.3
"1446","10010000",2002-12-16,4197.3
"1447","10010000",2002-12-17,4197.3
"1448","10010000",2002-12-18,4197.3
"1449","10010000",2002-12-19,4197.26
"1450","10010000",2002-12-20,4197.28
"1451","10010000",2002-12-21,4197.28
"1452","10010000",2002-12-22,4197.34
"1453","10010000",2002-12-23,4197.4
"1454","10010000",2002-12-24,4197.33
"1455","10010000",2002-12-25,4197.31
"1456","10010000",2002-12-26,4197.29
"1457","10010000",2002-12-27,4197.33
"1458","10010000",2002-12-28,4197.31
"1459","10010000",2002-12-29,4197.28
"1460","10010000",2002-12-30,4197.3
"1461","10010000",2002-12-31,4197.33
"1462","10010000",2003-01-01,4197.37
"1463","10010000",2003-01-02,4197.35
"1464","10010000",2003-01-03,4197.44
"1465","10010000",2003-01-04,4197.42
"1466","10010000",2003-01-05,4197.51
"1467","10010000",2003-01-06,4197.51
"1468","10010000",2003-01-07,4197.48
"1469","10010000",2003-01-08,4197.47
"1470","10010000",2003-01-09,4197.4
"1471","10010000",2003-01-10,4197.42
"1472","10010000",2003-01-11,4197.48
"1473","10010000",2003-01-12,4197.49
"1474","10010000",2003-01-13,4197.5
"1475","10010000",2003-01-14,4197.5
"1476","10010000",2003-01-15,4197.53
"1477","10010000",2003-01-16,4197.52
"1478","10010000",2003-01-17,4197.53
"1479","10010000",2003-01-18,4197.53
"1480","10010000",2003-01-19,4197.52
"1481","10010000",2003-01-20,4197.55
"1482","10010000",2003-01-21,4197.54
"1483","10010000",2003-01-22,4197.56
"1484","10010000",2003-01-23,4197.53
"1485","10010000",2003-01-24,4197.56
"1486","10010000",2003-01-25,4197.56
"1487","10010000",2003-01-26,4197.55
"1488","10010000",2003-01-27,4197.55
"1489","10010000",2003-01-28,4197.6
"1490","10010000",2003-01-29,4197.6
"1491","10010000",2003-01-30,4197.6
"1492","10010000",2003-01-31,4197.56
"1493","10010000",2003-02-01,4197.47
"1494","10010000",2003-02-02,4198.02
"1495","10010000",2003-02-03,4197.68
"1496","10010000",2003-02-04,4197.61
"1497","10010000",2003-02-05,4197.62
"1498","10010000",2003-02-06,4197.64
"1499","10010000",2003-02-07,4197.59
"1500","10010000",2003-02-08,4197.58
"1501","10010000",2003-02-09,4197.58
"1502","10010000",2003-02-10,4197.56
"1503","10010000",2003-02-11,4197.58
"1504","10010000",2003-02-12,4197.59
"1505","10010000",2003-02-13,4197.6
"1506","10010000",2003-02-14,4197.6
"1507","10010000",2003-02-15,4197.61
"1508","10010000",2003-02-16,4197.58
"1509","10010000",2003-02-17,4197.61
"1510","10010000",2003-02-18,4197.62
"1511","10010000",2003-02-19,4197.64
"1512","10010000",2003-02-20,4197.65
"1513","10010000",2003-02-21,4197.64
"1514","10010000",2003-02-22,4197.87
"1515","10010000",2003-02-23,4197.67
"1516","10010000",2003-02-24,4197.7
"1517","10010000",2003-02-25,4197.68
"1518","10010000",2003-02-26,4197.65
"1519","10010000",2003-02-27,4197.62
"1520","10010000",2003-02-28,4197.68
"1521","10010000",2003-03-01,4197.68
"1522","10010000",2003-03-02,4197.67
"1523","10010000",2003-03-03,4197.67
"1524","10010000",2003-03-04,4197.73
"1525","10010000",2003-03-05,4197.65
"1526","10010000",2003-03-06,4197.62
"1527","10010000",2003-03-07,4197.64
"1528","10010000",2003-03-08,4197.63
"1529","10010000",2003-03-09,4197.64
"1530","10010000",2003-03-10,4197.65
"1531","10010000",2003-03-11,4197.66
"1532","10010000",2003-03-12,4197.77
"1533","10010000",2003-03-13,4197.74
"1534","10010000",2003-03-14,4197.69
"1535","10010000",2003-03-15,4197.65
"1536","10010000",2003-03-16,4197.73
"1537","10010000",2003-03-17,4197.97
"1538","10010000",2003-03-18,4198.08
"1539","10010000",2003-03-19,4197.87
"1540","10010000",2003-03-20,4197.79
"1541","10010000",2003-03-21,4197.78
"1542","10010000",2003-03-22,4197.76
"1543","10010000",2003-03-23,4197.77
"1544","10010000",2003-03-24,4197.76
"1545","10010000",2003-03-25,4197.74
"1546","10010000",2003-03-26,4197.81
"1547","10010000",2003-03-27,4197.89
"1548","10010000",2003-03-28,4197.82
"1549","10010000",2003-03-29,4197.8
"1550","10010000",2003-03-30,4197.7
"1551","10010000",2003-03-31,4197.7
"1552","10010000",2003-04-01,4197.61
"1553","10010000",2003-04-02,4197.6
"1554","10010000",2003-04-03,4197.6
"1555","10010000",2003-04-04,4197.7
"1556","10010000",2003-04-05,4197.6
"1557","10010000",2003-04-06,4197.6
"1558","10010000",2003-04-07,4197.7
"1559","10010000",2003-04-08,4197.6
"1560","10010000",2003-04-09,4197.7
"1561","10010000",2003-04-10,4197.6
"1562","10010000",2003-04-11,4197.7
"1563","10010000",2003-04-12,4197.7
"1564","10010000",2003-04-13,4197.7
"1565","10010000",2003-04-14,4197.7
"1566","10010000",2003-04-15,4197.76
"1567","10010000",2003-04-16,4197.69
"1568","10010000",2003-04-17,4197.7
"1569","10010000",2003-04-18,4197.7
"1570","10010000",2003-04-19,4197.77
"1571","10010000",2003-04-20,4197.72
"1572","10010000",2003-04-21,4197.65
"1573","10010000",2003-04-22,4197.58
"1574","10010000",2003-04-23,4197.65
"1575","10010000",2003-04-24,4197.64
"1576","10010000",2003-04-25,4197.65
"1577","10010000",2003-04-26,4197.76
"1578","10010000",2003-04-27,4197.73
"1579","10010000",2003-04-28,4197.68
"1580","10010000",2003-04-29,4197.78
"1581","10010000",2003-04-30,4197.68
"1582","10010000",2003-05-01,4197.66
"1583","10010000",2003-05-02,4197.64
"1584","10010000",2003-05-03,4197.58
"1585","10010000",2003-05-04,4197.6
"1586","10010000",2003-05-05,4197.71
"1587","10010000",2003-05-06,4197.6
"1588","10010000",2003-05-07,4197.64
"1589","10010000",2003-05-08,4197.62
"1590","10010000",2003-05-09,4197.65
"1591","10010000",2003-05-10,4197.67
"1592","10010000",2003-05-11,4197.66
"1593","10010000",2003-05-12,4197.67
"1594","10010000",2003-05-13,4197.74
"1595","10010000",2003-05-14,4197.67
"1596","10010000",2003-05-15,4197.66
"1597","10010000",2003-05-16,4197.69
"1598","10010000",2003-05-17,4197.66
"1599","10010000",2003-05-18,4197.78
"1600","10010000",2003-05-19,4197.73
"1601","10010000",2003-05-20,4197.6
"1602","10010000",2003-05-21,4197.6
"1603","10010000",2003-05-22,4197.6
"1604","10010000",2003-05-23,4197.6
"1605","10010000",2003-05-24,4197.55
"1606","10010000",2003-05-25,4197.54
"1607","10010000",2003-05-26,4197.59
"1608","10010000",2003-05-27,4197.6
"1609","10010000",2003-05-28,4197.56
"1610","10010000",2003-05-29,4197.56
"1611","10010000",2003-05-30,4197.53
"1612","10010000",2003-05-31,4197.59
"1613","10010000",2003-06-01,4197.6
"1614","10010000",2003-06-02,4197.53
"1615","10010000",2003-06-03,4197.52
"1616","10010000",2003-06-04,4197.5
"1617","10010000",2003-06-05,4197.53
"1618","10010000",2003-06-06,4197.4
"1619","10010000",2003-06-07,4197.46
"1620","10010000",2003-06-08,4197.37
"1621","10010000",2003-06-09,4197.33
"1622","10010000",2003-06-10,4197.28
"1623","10010000",2003-06-11,4197.31
"1624","10010000",2003-06-12,4197.28
"1625","10010000",2003-06-13,4197.24
"1626","10010000",2003-06-14,4197.24
"1627","10010000",2003-06-15,4197.24
"1628","10010000",2003-06-16,4197.25
"1629","10010000",2003-06-17,4197.19
"1630","10010000",2003-06-18,4197.15
"1631","10010000",2003-06-19,4196.98
"1632","10010000",2003-06-20,4197.05
"1633","10010000",2003-06-21,4197.13
"1634","10010000",2003-06-22,4197.09
"1635","10010000",2003-06-23,4196.93
"1636","10010000",2003-06-24,4197.04
"1637","10010000",2003-06-25,4197.03
"1638","10010000",2003-06-26,4197.01
"1639","10010000",2003-06-27,4197
"1640","10010000",2003-06-28,4197
"1641","10010000",2003-06-29,4197
"1642","10010000",2003-06-30,4196.97
"1643","10010000",2003-07-01,4196.91
"1644","10010000",2003-07-02,4196.95
"1645","10010000",2003-07-03,4196.96
"1646","10010000",2003-07-04,4196.91
"1647","10010000",2003-07-05,4196.89
"1648","10010000",2003-07-06,4196.89
"1649","10010000",2003-07-07,4196.87
"1650","10010000",2003-07-08,4196.86
"1651","10010000",2003-07-09,4196.81
"1652","10010000",2003-07-10,4196.77
"1653","10010000",2003-07-11,4196.77
"1654","10010000",2003-07-12,4196.77
"1655","10010000",2003-07-13,4196.78
"1656","10010000",2003-07-14,4196.75
"1657","10010000",2003-07-15,4196.7
"1658","10010000",2003-07-16,4196.65
"1659","10010000",2003-07-17,4196.66
"1660","10010000",2003-07-18,4196.65
"1661","10010000",2003-07-19,4196.61
"1662","10010000",2003-07-20,4196.6
"1663","10010000",2003-07-21,4196.6
"1664","10010000",2003-07-22,4196.6
"1665","10010000",2003-07-23,4196.59
"1666","10010000",2003-07-24,4196.55
"1667","10010000",2003-07-25,4196.55
"1668","10010000",2003-07-26,4196.54
"1669","10010000",2003-07-27,4196.57
"1670","10010000",2003-07-28,4196.53
"1671","10010000",2003-07-29,4196.48
"1672","10010000",2003-07-30,4196.44
"1673","10010000",2003-07-31,4196.36
"1674","10010000",2003-08-01,4196.35
"1675","10010000",2003-08-02,4196.34
"1676","10010000",2003-08-03,4196.36
"1677","10010000",2003-08-04,4196.34
"1678","10010000",2003-08-05,4196.31
"1679","10010000",2003-08-06,4196.23
"1680","10010000",2003-08-07,4196.2
"1681","10010000",2003-08-08,4196.14
"1682","10010000",2003-08-09,4196.15
"1683","10010000",2003-08-10,4196.14
"1684","10010000",2003-08-11,4196.14
"1685","10010000",2003-08-12,4196.07
"1686","10010000",2003-08-13,4196.06
"1687","10010000",2003-08-14,4196.08
"1688","10010000",2003-08-15,4196.01
"1689","10010000",2003-08-16,4195.95
"1690","10010000",2003-08-17,4196.02
"1691","10010000",2003-08-18,4196.04
"1692","10010000",2003-08-19,4195.98
"1693","10010000",2003-08-20,4195.94
"1694","10010000",2003-08-21,4195.94
"1695","10010000",2003-08-22,4195.89
"1696","10010000",2003-08-23,4195.93
"1697","10010000",2003-08-24,4195.88
"1698","10010000",2003-08-25,4195.87
"1699","10010000",2003-08-26,4195.88
"1700","10010000",2003-08-27,4195.93
"1701","10010000",2003-08-28,4195.86
"1702","10010000",2003-08-29,4195.93
"1703","10010000",2003-08-30,4195.81
"1704","10010000",2003-08-31,4195.78
"1705","10010000",2003-09-01,4195.75
"1706","10010000",2003-09-02,4195.75
"1707","10010000",2003-09-03,4195.79
"1708","10010000",2003-09-04,4195.78
"1709","10010000",2003-09-05,4195.77
"1710","10010000",2003-09-06,4195.75
"1711","10010000",2003-09-07,4195.65
"1712","10010000",2003-09-08,4195.71
"1713","10010000",2003-09-09,4195.71
"1714","10010000",2003-09-10,4195.76
"1715","10010000",2003-09-11,4195.63
"1716","10010000",2003-09-12,4195.7
"1717","10010000",2003-09-13,4195.68
"1718","10010000",2003-09-14,4195.57
"1719","10010000",2003-09-15,4195.54
"1720","10010000",2003-09-16,4195.57
"1721","10010000",2003-09-17,4195.72
"1722","10010000",2003-09-18,4195.56
"1723","10010000",2003-09-19,4195.54
"1724","10010000",2003-09-20,4195.5
"1725","10010000",2003-09-21,4195.52
"1726","10010000",2003-09-22,4195.5
"1727","10010000",2003-09-23,4195.5
"1728","10010000",2003-09-24,4195.51
"1729","10010000",2003-09-25,4195.49
"1730","10010000",2003-09-26,4195.5
"1731","10010000",2003-09-27,4195.5
"1732","10010000",2003-09-28,4195.49
"1733","10010000",2003-09-29,4195.49
"1734","10010000",2003-09-30,4195.48
"1735","10010000",2003-10-01,4195.43
"1736","10010000",2003-10-02,4195.45
"1737","10010000",2003-10-03,4195.44
"1738","10010000",2003-10-04,4195.41
"1739","10010000",2003-10-05,4195.41
"1740","10010000",2003-10-06,4195.41
"1741","10010000",2003-10-07,4195.4
"1742","10010000",2003-10-08,4195.38
"1743","10010000",2003-10-09,4195.38
"1744","10010000",2003-10-10,4195.52
"1745","10010000",2003-10-11,4195.36
"1746","10010000",2003-10-12,4195.39
"1747","10010000",2003-10-13,4195.35
"1748","10010000",2003-10-14,4195.29
"1749","10010000",2003-10-15,4195.3
"1750","10010000",2003-10-16,4195.26
"1751","10010000",2003-10-17,4195.28
"1752","10010000",2003-10-18,4195.28
"1753","10010000",2003-10-19,4195.28
"1754","10010000",2003-10-20,4195.27
"1755","10010000",2003-10-21,4195.28
"1756","10010000",2003-10-22,4195.28
"1757","10010000",2003-10-23,4195.28
"1758","10010000",2003-10-24,4195.26
"1759","10010000",2003-10-25,4195.28
"1760","10010000",2003-10-26,4195.21
"1761","10010000",2003-10-27,4195.2
"1762","10010000",2003-10-28,4195.18
"1763","10010000",2003-10-29,4195.25
"1764","10010000",2003-10-30,4195.29
"1765","10010000",2003-10-31,4195.19
"1766","10010000",2003-11-01,4195.19
"1767","10010000",2003-11-02,4195.19
"1768","10010000",2003-11-03,4195.19
"1769","10010000",2003-11-04,4195.18
"1770","10010000",2003-11-05,4195.16
"1771","10010000",2003-11-06,4195.07
"1772","10010000",2003-11-07,4195.04
"1773","10010000",2003-11-08,4195.05
"1774","10010000",2003-11-09,4195.03
"1775","10010000",2003-11-10,4195.03
"1776","10010000",2003-11-11,4195.04
"1777","10010000",2003-11-12,4195.06
"1778","10010000",2003-11-13,4195.04
"1779","10010000",2003-11-14,4195.08
"1780","10010000",2003-11-15,4195.05
"1781","10010000",2003-11-16,4195.07
"1782","10010000",2003-11-17,4195.22
"1783","10010000",2003-11-18,4195.05
"1784","10010000",2003-11-19,4195.06
"1785","10010000",2003-11-20,4195.12
"1786","10010000",2003-11-21,4195.1
"1787","10010000",2003-11-22,4195.28
"1788","10010000",2003-11-23,4195.05
"1789","10010000",2003-11-24,4195.05
"1790","10010000",2003-11-25,4195.03
"1791","10010000",2003-11-26,4195.08
"1792","10010000",2003-11-27,4195.07
"1793","10010000",2003-11-28,4195.01
"1794","10010000",2003-11-29,4195.05
"1795","10010000",2003-11-30,4195.05
"1796","10010000",2003-12-01,4195.08
"1797","10010000",2003-12-02,4195.06
"1798","10010000",2003-12-03,4195.06
"1799","10010000",2003-12-04,4195.05
"1800","10010000",2003-12-05,4195.07
"1801","10010000",2003-12-06,4195.08
"1802","10010000",2003-12-07,4195.06
"1803","10010000",2003-12-08,4195.16
"1804","10010000",2003-12-09,4195.08
"1805","10010000",2003-12-10,4195.2
"1806","10010000",2003-12-11,4195.2
"1807","10010000",2003-12-12,4195.2
"1808","10010000",2003-12-13,4195.2
"1809","10010000",2003-12-14,4195.16
"1810","10010000",2003-12-15,4195.28
"1811","10010000",2003-12-16,4195.09
"1812","10010000",2003-12-17,4195.1
"1813","10010000",2003-12-18,4195.1
"1814","10010000",2003-12-19,4195.1
"1815","10010000",2003-12-20,4195.1
"1816","10010000",2003-12-21,4195.12
"1817","10010000",2003-12-22,4195.12
"1818","10010000",2003-12-23,4195.13
"1819","10010000",2003-12-24,4195.15
"1820","10010000",2003-12-25,4195.2
"1821","10010000",2003-12-26,4195.41
"1822","10010000",2003-12-27,4195.4
"1823","10010000",2003-12-28,4195.26
"1824","10010000",2003-12-29,4195.2
"1825","10010000",2003-12-30,4195.29
"1826","10010000",2003-12-31,4195.31
"1827","10010000",2004-01-01,4195.16
"1828","10010000",2004-01-02,4195.32
"1829","10010000",2004-01-03,4195.36
"1830","10010000",2004-01-04,4195.3
"1831","10010000",2004-01-05,4195.35
"1832","10010000",2004-01-06,4195.3
"1833","10010000",2004-01-07,4195.4
"1834","10010000",2004-01-08,4195.4
"1835","10010000",2004-01-09,4195.4
"1836","10010000",2004-01-10,4195.4
"1837","10010000",2004-01-11,4195.4
"1838","10010000",2004-01-12,4195.4
"1839","10010000",2004-01-13,4195.4
"1840","10010000",2004-01-14,4195.4
"1841","10010000",2004-01-15,4195.4
"1842","10010000",2004-01-16,4195.4
"1843","10010000",2004-01-17,4195.4
"1844","10010000",2004-01-18,4195.4
"1845","10010000",2004-01-19,4195.4
"1846","10010000",2004-01-20,4195.4
"1847","10010000",2004-01-21,4195.4
"1848","10010000",2004-01-22,4195.4
"1849","10010000",2004-01-23,4195.4
"1850","10010000",2004-01-24,4195.4
"1851","10010000",2004-01-25,4195.4
"1852","10010000",2004-01-26,4195.4
"1853","10010000",2004-01-27,4195.4
"1854","10010000",2004-01-28,4195.4
"1855","10010000",2004-01-29,4195.4
"1856","10010000",2004-01-30,4195.5
"1857","10010000",2004-01-31,4195.5
"1858","10010000",2004-02-01,4195.5
"1859","10010000",2004-02-02,4195.5
"1860","10010000",2004-02-03,4195.5
"1861","10010000",2004-02-04,4195.5
"1862","10010000",2004-02-05,4195.5
"1863","10010000",2004-02-06,4195.5
"1864","10010000",2004-02-07,4195.53
"1865","10010000",2004-02-08,4195.56
"1866","10010000",2004-02-09,4195.55
"1867","10010000",2004-02-10,4195.53
"1868","10010000",2004-02-11,4195.56
"1869","10010000",2004-02-12,4195.53
"1870","10010000",2004-02-13,4195.52
"1871","10010000",2004-02-14,4195.54
"1872","10010000",2004-02-15,4195.54
"1873","10010000",2004-02-16,4195.54
"1874","10010000",2004-02-17,4195.56
"1875","10010000",2004-02-18,4195.56
"1876","10010000",2004-02-19,4195.59
"1877","10010000",2004-02-20,4195.59
"1878","10010000",2004-02-21,4195.6
"1879","10010000",2004-02-22,4195.6
"1880","10010000",2004-02-23,4195.6
"1881","10010000",2004-02-24,4195.6
"1882","10010000",2004-02-25,4195.61
"1883","10010000",2004-02-26,4195.61
"1884","10010000",2004-02-27,4195.72
"1885","10010000",2004-02-28,4195.8
"1886","10010000",2004-02-29,4195.84
"1887","10010000",2004-03-01,4195.83
"1888","10010000",2004-03-02,4195.87
"1889","10010000",2004-03-03,4195.88
"1890","10010000",2004-03-04,4195.91
"1891","10010000",2004-03-05,4195.95
"1892","10010000",2004-03-06,4195.98
"1893","10010000",2004-03-07,4196
"1894","10010000",2004-03-08,4196.03
"1895","10010000",2004-03-09,4196.08
"1896","10010000",2004-03-10,4196.12
"1897","10010000",2004-03-11,4196.16
"1898","10010000",2004-03-12,4196.15
"1899","10010000",2004-03-13,4196.18
"1900","10010000",2004-03-14,4196.19
"1901","10010000",2004-03-15,4196.22
"1902","10010000",2004-03-16,4196.23
"1903","10010000",2004-03-17,4196.16
"1904","10010000",2004-03-18,4196.12
"1905","10010000",2004-03-19,4196.15
"1906","10010000",2004-03-20,4196.19
"1907","10010000",2004-03-21,4196.2
"1908","10010000",2004-03-22,4196.2
"1909","10010000",2004-03-23,4196.22
"1910","10010000",2004-03-24,4196.2
"1911","10010000",2004-03-25,4196.21
"1912","10010000",2004-03-26,4196.24
"1913","10010000",2004-03-27,4196.23
"1914","10010000",2004-03-28,4196.32
"1915","10010000",2004-03-29,4196.26
"1916","10010000",2004-03-30,4196.24
"1917","10010000",2004-03-31,4196.17
"1918","10010000",2004-04-01,4196.25
"1919","10010000",2004-04-02,4196.31
"1920","10010000",2004-04-03,4196.19
"1921","10010000",2004-04-04,4196.26
"1922","10010000",2004-04-05,4196.26
"1923","10010000",2004-04-06,4196.26
"1924","10010000",2004-04-07,4196.29
"1925","10010000",2004-04-08,4196.26
"1926","10010000",2004-04-09,4196.38
"1927","10010000",2004-04-10,4196.3
"1928","10010000",2004-04-11,4196.24
"1929","10010000",2004-04-12,4196.24
"1930","10010000",2004-04-13,4196.23
"1931","10010000",2004-04-14,4196.22
"1932","10010000",2004-04-15,4196.21
"1933","10010000",2004-04-16,4196.26
"1934","10010000",2004-04-17,4196.23
"1935","10010000",2004-04-18,4196.24
"1936","10010000",2004-04-19,4196.21
"1937","10010000",2004-04-20,4196.21
"1938","10010000",2004-04-21,4196.23
"1939","10010000",2004-04-22,4196.35
"1940","10010000",2004-04-23,4196.3
"1941","10010000",2004-04-24,4196.24
"1942","10010000",2004-04-25,4196.25
"1943","10010000",2004-04-26,4196.22
"1944","10010000",2004-04-27,4196.2
"1945","10010000",2004-04-28,4196.18
"1946","10010000",2004-04-29,4196.29
"1947","10010000",2004-04-30,4196.25
"1948","10010000",2004-05-01,4196.18
"1949","10010000",2004-05-02,4196.18
"1950","10010000",2004-05-03,4196.17
"1951","10010000",2004-05-04,4196.16
"1952","10010000",2004-05-05,4196.14
"1953","10010000",2004-05-06,4196.08
"1954","10010000",2004-05-07,4196.11
"1955","10010000",2004-05-08,4196.09
"1956","10010000",2004-05-09,4196.14
"1957","10010000",2004-05-10,4196.01
"1958","10010000",2004-05-11,4196.07
"1959","10010000",2004-05-12,4196.07
"1960","10010000",2004-05-13,4196.07
"1961","10010000",2004-05-14,4196.02
"1962","10010000",2004-05-15,4196.04
"1963","10010000",2004-05-16,4196.04
"1964","10010000",2004-05-17,4196.03
"1965","10010000",2004-05-18,4195.98
"1966","10010000",2004-05-19,4196.02
"1967","10010000",2004-05-20,4195.98
"1968","10010000",2004-05-21,4195.97
"1969","10010000",2004-05-22,4195.95
"1970","10010000",2004-05-23,4196.03
"1971","10010000",2004-05-24,4195.92
"1972","10010000",2004-05-25,4195.89
"1973","10010000",2004-05-26,4195.87
"1974","10010000",2004-05-27,4195.86
"1975","10010000",2004-05-28,4195.93
"1976","10010000",2004-05-29,4196
"1977","10010000",2004-05-30,4195.98
"1978","10010000",2004-05-31,4195.91
"1979","10010000",2004-06-01,4195.91
"1980","10010000",2004-06-02,4195.91
"1981","10010000",2004-06-03,4195.84
"1982","10010000",2004-06-04,4195.82
"1983","10010000",2004-06-05,4195.82
"1984","10010000",2004-06-06,4195.9
"1985","10010000",2004-06-07,4195.93
"1986","10010000",2004-06-08,4195.83
"1987","10010000",2004-06-09,4195.76
"1988","10010000",2004-06-10,4195.72
"1989","10010000",2004-06-11,4195.64
"1990","10010000",2004-06-12,4195.73
"1991","10010000",2004-06-13,4195.74
"1992","10010000",2004-06-14,4195.8
"1993","10010000",2004-06-15,4195.8
"1994","10010000",2004-06-16,4195.85
"1995","10010000",2004-06-17,4195.74
"1996","10010000",2004-06-18,4195.68
"1997","10010000",2004-06-19,4195.69
"1998","10010000",2004-06-20,4195.73
"1999","10010000",2004-06-21,4195.72
"2000","10010000",2004-06-22,4195.63
"2001","10010000",2004-06-23,4195.61
"2002","10010000",2004-06-24,4195.61
"2003","10010000",2004-06-25,4195.61
"2004","10010000",2004-06-26,4195.52
"2005","10010000",2004-06-27,4195.51
"2006","10010000",2004-06-28,4195.46
"2007","10010000",2004-06-29,4195.44
"2008","10010000",2004-06-30,4195.42
"2009","10010000",2004-07-01,4195.43
"2010","10010000",2004-07-02,4195.48
"2011","10010000",2004-07-03,4195.44
"2012","10010000",2004-07-04,4195.43
"2013","10010000",2004-07-05,4195.41
"2014","10010000",2004-07-06,4195.38
"2015","10010000",2004-07-07,4195.34
"2016","10010000",2004-07-08,4195.38
"2017","10010000",2004-07-09,4195.33
"2018","10010000",2004-07-10,4195.3
"2019","10010000",2004-07-11,4195.28
"2020","10010000",2004-07-12,4195.28
"2021","10010000",2004-07-13,4195.22
"2022","10010000",2004-07-14,4195.21
"2023","10010000",2004-07-15,4195.22
"2024","10010000",2004-07-16,4195.2
"2025","10010000",2004-07-17,4195.15
"2026","10010000",2004-07-18,4195.18
"2027","10010000",2004-07-19,4195.21
"2028","10010000",2004-07-20,4195.19
"2029","10010000",2004-07-21,4195.16
"2030","10010000",2004-07-22,4195.19
"2031","10010000",2004-07-23,4195.1
"2032","10010000",2004-07-24,4195.09
"2033","10010000",2004-07-25,4195.1
"2034","10010000",2004-07-26,4195.06
"2035","10010000",2004-07-27,4195.07
"2036","10010000",2004-07-28,4195
"2037","10010000",2004-07-29,4194.98
"2038","10010000",2004-07-30,4194.99
"2039","10010000",2004-07-31,4194.95
"2040","10010000",2004-08-01,4194.91
"2041","10010000",2004-08-02,4194.87
"2042","10010000",2004-08-03,4194.83
"2043","10010000",2004-08-04,4194.82
"2044","10010000",2004-08-05,4194.78
"2045","10010000",2004-08-06,4194.76
"2046","10010000",2004-08-07,4194.83
"2047","10010000",2004-08-08,4194.81
"2048","10010000",2004-08-09,4194.77
"2049","10010000",2004-08-10,4194.77
"2050","10010000",2004-08-11,4194.75
"2051","10010000",2004-08-12,4194.72
"2052","10010000",2004-08-13,4194.69
"2053","10010000",2004-08-14,4194.7
"2054","10010000",2004-08-15,4194.67
"2055","10010000",2004-08-16,4194.64
"2056","10010000",2004-08-17,4194.61
"2057","10010000",2004-08-18,4194.6
"2058","10010000",2004-08-19,4194.61
"2059","10010000",2004-08-20,4194.59
"2060","10010000",2004-08-21,4194.58
"2061","10010000",2004-08-22,4194.54
"2062","10010000",2004-08-23,4194.54
"2063","10010000",2004-08-24,4194.5
"2064","10010000",2004-08-25,4194.5
"2065","10010000",2004-08-26,4194.4
"2066","10010000",2004-08-27,4194.48
"2067","10010000",2004-08-28,4194.42
"2068","10010000",2004-08-29,4194.41
"2069","10010000",2004-08-30,4194.4
"2070","10010000",2004-08-31,4194.4
"2071","10010000",2004-09-01,4194.38
"2072","10010000",2004-09-02,4194.47
"2073","10010000",2004-09-03,4194.6
"2074","10010000",2004-09-04,4194.5
"2075","10010000",2004-09-05,4194.4
"2076","10010000",2004-09-06,4194.4
"2077","10010000",2004-09-07,4194.4
"2078","10010000",2004-09-08,4194.4
"2079","10010000",2004-09-09,4194.4
"2080","10010000",2004-09-10,4194.38
"2081","10010000",2004-09-11,4194.38
"2082","10010000",2004-09-12,4194.36
"2083","10010000",2004-09-13,4194.44
"2084","10010000",2004-09-14,4194.45
"2085","10010000",2004-09-15,4194.31
"2086","10010000",2004-09-16,4194.29
"2087","10010000",2004-09-17,4194.26
"2088","10010000",2004-09-18,4194.06
"2089","10010000",2004-09-19,4194.33
"2090","10010000",2004-09-20,4194.27
"2091","10010000",2004-09-21,4194.26
"2092","10010000",2004-09-22,4194.17
"2093","10010000",2004-09-23,4194.12
"2094","10010000",2004-09-24,4194.15
"2095","10010000",2004-09-25,4194.15
"2096","10010000",2004-09-26,4194.14
"2097","10010000",2004-09-27,4194.11
"2098","10010000",2004-09-28,4194.1
"2099","10010000",2004-09-29,4194.12
"2100","10010000",2004-09-30,4194.15
"2101","10010000",2004-10-01,4194.12
"2102","10010000",2004-10-02,4194.1
"2103","10010000",2004-10-03,4194.1
"2104","10010000",2004-10-04,4194.1
"2105","10010000",2004-10-05,4194.1
"2106","10010000",2004-10-06,4194.1
"2107","10010000",2004-10-07,4194.1
"2108","10010000",2004-10-08,4194
"2109","10010000",2004-10-09,4194
"2110","10010000",2004-10-10,4194.2
"2111","10010000",2004-10-11,4194
"2112","10010000",2004-10-12,4194
"2113","10010000",2004-10-13,4194
"2114","10010000",2004-10-14,4194
"2115","10010000",2004-10-15,4194
"2116","10010000",2004-10-16,4194
"2117","10010000",2004-10-17,4194
"2118","10010000",2004-10-18,4194
"2119","10010000",2004-10-19,4194
"2120","10010000",2004-10-20,4194
"2121","10010000",2004-10-21,4194
"2122","10010000",2004-10-22,4194
"2123","10010000",2004-10-23,4194.1
"2124","10010000",2004-10-24,4194.1
"2125","10010000",2004-10-25,4194.1
"2126","10010000",2004-10-26,4194.1
"2127","10010000",2004-10-27,4194.1
"2128","10010000",2004-10-28,4194.08
"2129","10010000",2004-10-29,4194.09
"2130","10010000",2004-10-30,4194.11
"2131","10010000",2004-10-31,4194.27
"2132","10010000",2004-11-01,4194.22
"2133","10010000",2004-11-02,4194.17
"2134","10010000",2004-11-03,4194.18
"2135","10010000",2004-11-04,4194.19
"2136","10010000",2004-11-05,4194.2
"2137","10010000",2004-11-06,4194.2
"2138","10010000",2004-11-07,4194.2
"2139","10010000",2004-11-08,4194.23
"2140","10010000",2004-11-09,4194.22
"2141","10010000",2004-11-10,4194.22
"2142","10010000",2004-11-11,4194.24
"2143","10010000",2004-11-12,4194.29
"2144","10010000",2004-11-13,4194.3
"2145","10010000",2004-11-14,4194.3
"2146","10010000",2004-11-15,4194.3
"2147","10010000",2004-11-16,4194.31
"2148","10010000",2004-11-17,4194.31
"2149","10010000",2004-11-18,4194.31
"2150","10010000",2004-11-19,4194.36
"2151","10010000",2004-11-20,4194.36
"2152","10010000",2004-11-21,4194.37
"2153","10010000",2004-11-22,4194.34
"2154","10010000",2004-11-23,4194.34
"2155","10010000",2004-11-24,4194.3
"2156","10010000",2004-11-25,4194.32
"2157","10010000",2004-11-26,4194.43
"2158","10010000",2004-11-27,4194.41
"2159","10010000",2004-11-28,4194.69
"2160","10010000",2004-11-29,4194.47
"2161","10010000",2004-11-30,4194.32
"2162","10010000",2004-12-01,4194.33
"2163","10010000",2004-12-02,4194.33
"2164","10010000",2004-12-03,4194.31
"2165","10010000",2004-12-04,4194.31
"2166","10010000",2004-12-05,4194.32
"2167","10010000",2004-12-06,4194.33
"2168","10010000",2004-12-07,4194.27
"2169","10010000",2004-12-08,4194.29
"2170","10010000",2004-12-09,4194.35
"2171","10010000",2004-12-10,4194.36
"2172","10010000",2004-12-11,4194.38
"2173","10010000",2004-12-12,4194.39
"2174","10010000",2004-12-13,4194.4
"2175","10010000",2004-12-14,4194.4
"2176","10010000",2004-12-15,4194.4
"2177","10010000",2004-12-16,4194.41
"2178","10010000",2004-12-17,4194.41
"2179","10010000",2004-12-18,4194.42
"2180","10010000",2004-12-19,4194.45
"2181","10010000",2004-12-20,4194.49
"2182","10010000",2004-12-21,4194.5
"2183","10010000",2004-12-22,4194.5
"2184","10010000",2004-12-23,4194.63
"2185","10010000",2004-12-24,4194.5
"2186","10010000",2004-12-25,4194.5
"2187","10010000",2004-12-26,4194.51
"2188","10010000",2004-12-27,4194.54
"2189","10010000",2004-12-28,4194.52
"2190","10010000",2004-12-29,4194.43
"2191","10010000",2004-12-30,4194.41
"2192","10010000",2004-12-31,4194.4
"2193","10010000",2005-01-01,4194.49
"2194","10010000",2005-01-02,4194.56
"2195","10010000",2005-01-03,4194.57
"2196","10010000",2005-01-04,4194.58
"2197","10010000",2005-01-05,4194.5
"2198","10010000",2005-01-06,4194.5
"2199","10010000",2005-01-07,4194.5
"2200","10010000",2005-01-08,4194.5
"2201","10010000",2005-01-09,4194.6
"2202","10010000",2005-01-10,4194.6
"2203","10010000",2005-01-11,4194.7
"2204","10010000",2005-01-12,4194.7
"2205","10010000",2005-01-13,4194.8
"2206","10010000",2005-01-14,4194.8
"2207","10010000",2005-01-15,4194.8
"2208","10010000",2005-01-16,4194.8
"2209","10010000",2005-01-17,4194.9
"2210","10010000",2005-01-18,4194.9
"2211","10010000",2005-01-19,4194.9
"2212","10010000",2005-01-20,4194.9
"2213","10010000",2005-01-21,4195
"2214","10010000",2005-01-22,4195
"2215","10010000",2005-01-23,4195
"2216","10010000",2005-01-24,4195.1
"2217","10010000",2005-01-25,4195.08
"2218","10010000",2005-01-26,4195.02
"2219","10010000",2005-01-27,4195.07
"2220","10010000",2005-01-28,4195.1
"2221","10010000",2005-01-29,4195.18
"2222","10010000",2005-01-30,4195.37
"2223","10010000",2005-01-31,4195.3
"2224","10010000",2005-02-01,4195.28
"2225","10010000",2005-02-02,4195.25
"2226","10010000",2005-02-03,4195.2
"2227","10010000",2005-02-04,4195.19
"2228","10010000",2005-02-05,4195.21
"2229","10010000",2005-02-06,4195.22
"2230","10010000",2005-02-07,4195.29
"2231","10010000",2005-02-08,4195.3
"2232","10010000",2005-02-09,4195.24
"2233","10010000",2005-02-10,4195.26
"2234","10010000",2005-02-11,4195.23
"2235","10010000",2005-02-12,4195.3
"2236","10010000",2005-02-13,4195.31
"2237","10010000",2005-02-14,4195.39
"2238","10010000",2005-02-15,4195.45
"2239","10010000",2005-02-16,4195.41
"2240","10010000",2005-02-17,4195.4
"2241","10010000",2005-02-18,4195.4
"2242","10010000",2005-02-19,4195.39
"2243","10010000",2005-02-20,4195.4
"2244","10010000",2005-02-21,4195.41
"2245","10010000",2005-02-22,4195.45
"2246","10010000",2005-02-23,4195.52
"2247","10010000",2005-02-24,4195.51
"2248","10010000",2005-02-25,4195.5
"2249","10010000",2005-02-26,4195.5
"2250","10010000",2005-02-27,4195.5
"2251","10010000",2005-02-28,4195.5
"2252","10010000",2005-03-01,4195.52
"2253","10010000",2005-03-02,4195.51
"2254","10010000",2005-03-03,4195.54
"2255","10010000",2005-03-04,4195.55
"2256","10010000",2005-03-05,4195.58
"2257","10010000",2005-03-06,4195.56
"2258","10010000",2005-03-07,4195.51
"2259","10010000",2005-03-08,4195.51
"2260","10010000",2005-03-09,4195.5
"2261","10010000",2005-03-10,4195.54
"2262","10010000",2005-03-11,4195.56
"2263","10010000",2005-03-12,4195.55
"2264","10010000",2005-03-13,4195.76
"2265","10010000",2005-03-14,4195.67
"2266","10010000",2005-03-15,4195.51
"2267","10010000",2005-03-16,4195.49
"2268","10010000",2005-03-17,4195.57
"2269","10010000",2005-03-18,4195.44
"2270","10010000",2005-03-19,4195.46
"2271","10010000",2005-03-20,4195.49
"2272","10010000",2005-03-21,4195.53
"2273","10010000",2005-03-22,4195.47
"2274","10010000",2005-03-23,4195.5
"2275","10010000",2005-03-24,4195.59
"2276","10010000",2005-03-25,4195.83
"2277","10010000",2005-03-26,4195.78
"2278","10010000",2005-03-27,4195.65
"2279","10010000",2005-03-28,4195.7
"2280","10010000",2005-03-29,4195.75
"2281","10010000",2005-03-30,4195.94
"2282","10010000",2005-03-31,4195.81
"2283","10010000",2005-04-01,4195.77
"2284","10010000",2005-04-02,4195.8
"2285","10010000",2005-04-03,4195.78
"2286","10010000",2005-04-04,4195.86
"2287","10010000",2005-04-05,4195.89
"2288","10010000",2005-04-06,4195.84
"2289","10010000",2005-04-07,4195.84
"2290","10010000",2005-04-08,4195.89
"2291","10010000",2005-04-09,4196.02
"2292","10010000",2005-04-10,4196.15
"2293","10010000",2005-04-11,4195.92
"2294","10010000",2005-04-12,4195.87
"2295","10010000",2005-04-13,4195.8
"2296","10010000",2005-04-14,4195.98
"2297","10010000",2005-04-15,4195.92
"2298","10010000",2005-04-16,4195.9
"2299","10010000",2005-04-17,4195.91
"2300","10010000",2005-04-18,4196.02
"2301","10010000",2005-04-19,4195.99
"2302","10010000",2005-04-20,4195.91
"2303","10010000",2005-04-21,4195.98
"2304","10010000",2005-04-22,4196.01
"2305","10010000",2005-04-23,4196.02
"2306","10010000",2005-04-24,4196.03
"2307","10010000",2005-04-25,4196.08
"2308","10010000",2005-04-26,4196.08
"2309","10010000",2005-04-27,4196.06
"2310","10010000",2005-04-28,4196.14
"2311","10010000",2005-04-29,4196.15
"2312","10010000",2005-04-30,4196.16
"2313","10010000",2005-05-01,4196.22
"2314","10010000",2005-05-02,4196.21
"2315","10010000",2005-05-03,4196.22
"2316","10010000",2005-05-04,4196.24
"2317","10010000",2005-05-05,4196.24
"2318","10010000",2005-05-06,4196.21
"2319","10010000",2005-05-07,4196.23
"2320","10010000",2005-05-08,4196.32
"2321","10010000",2005-05-09,4196.33
"2322","10010000",2005-05-10,4196.51
"2323","10010000",2005-05-11,4196.58
"2324","10010000",2005-05-12,4196.69
"2325","10010000",2005-05-13,4196.75
"2326","10010000",2005-05-14,4196.8
"2327","10010000",2005-05-15,4196.81
"2328","10010000",2005-05-16,4196.91
"2329","10010000",2005-05-17,4196.96
"2330","10010000",2005-05-18,4196.95
"2331","10010000",2005-05-19,4197
"2332","10010000",2005-05-20,4197.05
"2333","10010000",2005-05-21,4197.24
"2334","10010000",2005-05-22,4197.16
"2335","10010000",2005-05-23,4197.2
"2336","10010000",2005-05-24,4197.31
"2337","10010000",2005-05-25,4197.37
"2338","10010000",2005-05-26,4197.31
"2339","10010000",2005-05-27,4197.31
"2340","10010000",2005-05-28,4197.28
"2341","10010000",2005-05-29,4197.24
"2342","10010000",2005-05-30,4197.4
"2343","10010000",2005-05-31,4197.27
"2344","10010000",2005-06-01,4197.34
"2345","10010000",2005-06-02,4197.38
"2346","10010000",2005-06-03,4197.4
"2347","10010000",2005-06-04,4197.3
"2348","10010000",2005-06-05,4197.22
"2349","10010000",2005-06-06,4197.37
"2350","10010000",2005-06-07,4197.41
"2351","10010000",2005-06-08,4197.35
"2352","10010000",2005-06-09,4197.38
"2353","10010000",2005-06-10,4197.4
"2354","10010000",2005-06-11,4197.36
"2355","10010000",2005-06-12,4197.38
"2356","10010000",2005-06-13,4197.4
"2357","10010000",2005-06-14,4197.38
"2358","10010000",2005-06-15,4197.39
"2359","10010000",2005-06-16,4197.35
"2360","10010000",2005-06-17,4197.28
"2361","10010000",2005-06-18,4197.45
"2362","10010000",2005-06-19,4197.35
"2363","10010000",2005-06-20,4197.32
"2364","10010000",2005-06-21,4197.33
"2365","10010000",2005-06-22,4197.27
"2366","10010000",2005-06-23,4197.3
"2367","10010000",2005-06-24,4197.32
"2368","10010000",2005-06-25,4197.22
"2369","10010000",2005-06-26,4197.27
"2370","10010000",2005-06-27,4197.32
"2371","10010000",2005-06-28,4197.36
"2372","10010000",2005-06-29,4197.32
"2373","10010000",2005-06-30,4197.29
"2374","10010000",2005-07-01,4197.3
"2375","10010000",2005-07-02,4197.28
"2376","10010000",2005-07-03,4197.33
"2377","10010000",2005-07-04,4197.27
"2378","10010000",2005-07-05,4197.24
"2379","10010000",2005-07-06,4197.21
"2380","10010000",2005-07-07,4197.2
"2381","10010000",2005-07-08,4197.16
"2382","10010000",2005-07-09,4197.14
"2383","10010000",2005-07-10,4197.15
"2384","10010000",2005-07-11,4197.16
"2385","10010000",2005-07-12,4197.1
"2386","10010000",2005-07-13,4197.09
"2387","10010000",2005-07-14,4197.1
"2388","10010000",2005-07-15,4197.07
"2389","10010000",2005-07-16,4197.02
"2390","10010000",2005-07-17,4197.06
"2391","10010000",2005-07-18,4196.98
"2392","10010000",2005-07-19,4196.93
"2393","10010000",2005-07-20,4196.92
"2394","10010000",2005-07-21,4196.92
"2395","10010000",2005-07-22,4196.88
"2396","10010000",2005-07-23,4196.87
"2397","10010000",2005-07-24,4196.82
"2398","10010000",2005-07-25,4196.82
"2399","10010000",2005-07-26,4196.84
"2400","10010000",2005-07-27,4196.76
"2401","10010000",2005-07-28,4196.72
"2402","10010000",2005-07-29,4196.7
"2403","10010000",2005-07-30,4196.72
"2404","10010000",2005-07-31,4196.67
"2405","10010000",2005-08-01,4196.6
"2406","10010000",2005-08-02,4196.63
"2407","10010000",2005-08-03,4196.57
"2408","10010000",2005-08-04,4196.59
"2409","10010000",2005-08-05,4196.58
"2410","10010000",2005-08-06,4196.56
"2411","10010000",2005-08-07,4196.56
"2412","10010000",2005-08-08,4196.53
"2413","10010000",2005-08-09,4196.51
"2414","10010000",2005-08-10,4196.46
"2415","10010000",2005-08-11,4196.47
"2416","10010000",2005-08-12,4196.46
"2417","10010000",2005-08-13,4196.45
"2418","10010000",2005-08-14,4196.39
"2419","10010000",2005-08-15,4196.34
"2420","10010000",2005-08-16,4196.29
"2421","10010000",2005-08-17,4196.28
"2422","10010000",2005-08-18,4196.32
"2423","10010000",2005-08-19,4196.28
"2424","10010000",2005-08-20,4196.25
"2425","10010000",2005-08-21,4196.24
"2426","10010000",2005-08-22,4196.22
"2427","10010000",2005-08-23,4196.17
"2428","10010000",2005-08-24,4196.15
"2429","10010000",2005-08-25,4196.17
"2430","10010000",2005-08-26,4196.13
"2431","10010000",2005-08-27,4196.1
"2432","10010000",2005-08-28,4196.1
"2433","10010000",2005-08-29,4196.07
"2434","10010000",2005-08-30,4196.12
"2435","10010000",2005-08-31,4196.03
"2436","10010000",2005-09-01,4196.01
"2437","10010000",2005-09-02,4195.99
"2438","10010000",2005-09-03,4195.9
"2439","10010000",2005-09-04,4195.88
"2440","10010000",2005-09-05,4195.94
"2441","10010000",2005-09-06,4195.92
"2442","10010000",2005-09-07,4195.91
"2443","10010000",2005-09-08,4195.9
"2444","10010000",2005-09-09,4195.78
"2445","10010000",2005-09-10,4195.92
"2446","10010000",2005-09-11,4195.88
"2447","10010000",2005-09-12,4195.84
"2448","10010000",2005-09-13,4195.77
"2449","10010000",2005-09-14,4195.78
"2450","10010000",2005-09-15,4195.74
"2451","10010000",2005-09-16,4195.71
"2452","10010000",2005-09-17,4195.72
"2453","10010000",2005-09-18,4195.73
"2454","10010000",2005-09-19,4195.67
"2455","10010000",2005-09-20,4195.67
"2456","10010000",2005-09-21,4195.65
"2457","10010000",2005-09-22,4195.65
"2458","10010000",2005-09-23,4195.64
"2459","10010000",2005-09-24,4195.78
"2460","10010000",2005-09-25,4195.67
"2461","10010000",2005-09-26,4195.6
"2462","10010000",2005-09-27,4195.6
"2463","10010000",2005-09-28,4195.63
"2464","10010000",2005-09-29,4195.59
"2465","10010000",2005-09-30,4195.58
"2466","10010000",2005-10-01,4195.57
"2467","10010000",2005-10-02,4195.6
"2468","10010000",2005-10-03,4195.66
"2469","10010000",2005-10-04,4195.67
"2470","10010000",2005-10-05,4195.52
"2471","10010000",2005-10-06,4195.52
"2472","10010000",2005-10-07,4195.5
"2473","10010000",2005-10-08,4195.57
"2474","10010000",2005-10-09,4195.6
"2475","10010000",2005-10-10,4195.59
"2476","10010000",2005-10-11,4195.48
"2477","10010000",2005-10-12,4195.49
"2478","10010000",2005-10-13,4195.46
"2479","10010000",2005-10-14,4195.46
"2480","10010000",2005-10-15,4195.43
"2481","10010000",2005-10-16,4195.44
"2482","10010000",2005-10-17,4195.46
"2483","10010000",2005-10-18,4195.47
"2484","10010000",2005-10-19,4195.42
"2485","10010000",2005-10-20,4195.47
"2486","10010000",2005-10-21,4195.47
"2487","10010000",2005-10-22,4195.46
"2488","10010000",2005-10-23,4195.46
"2489","10010000",2005-10-24,4195.47
"2490","10010000",2005-10-25,4195.46
"2491","10010000",2005-10-26,4195.46
"2492","10010000",2005-10-27,4195.46
"2493","10010000",2005-10-28,4195.46
"2494","10010000",2005-10-29,4195.44
"2495","10010000",2005-10-30,4195.5
"2496","10010000",2005-10-31,4195.48
"2497","10010000",2005-11-01,4195.48
"2498","10010000",2005-11-02,4195.45
"2499","10010000",2005-11-03,4195.49
"2500","10010000",2005-11-04,4195.5
"2501","10010000",2005-11-05,4195.51
"2502","10010000",2005-11-06,4195.42
"2503","10010000",2005-11-07,4195.44
"2504","10010000",2005-11-08,4195.48
"2505","10010000",2005-11-09,4195.49
"2506","10010000",2005-11-10,4195.48
"2507","10010000",2005-11-11,4195.46
"2508","10010000",2005-11-12,4195.53
"2509","10010000",2005-11-13,4195.47
"2510","10010000",2005-11-14,4195.71
"2511","10010000",2005-11-15,4195.52
"2512","10010000",2005-11-16,4195.44
"2513","10010000",2005-11-17,4195.45
"2514","10010000",2005-11-18,4195.46
"2515","10010000",2005-11-19,4195.48
"2516","10010000",2005-11-20,4195.48
"2517","10010000",2005-11-21,4195.48
"2518","10010000",2005-11-22,4195.49
"2519","10010000",2005-11-23,4195.49
"2520","10010000",2005-11-24,4195.5
"2521","10010000",2005-11-25,4195.5
"2522","10010000",2005-11-26,4195.69
"2523","10010000",2005-11-27,4195.56
"2524","10010000",2005-11-28,4195.5
"2525","10010000",2005-11-29,4195.49
"2526","10010000",2005-11-30,4195.56
"2527","10010000",2005-12-01,4195.5
"2528","10010000",2005-12-02,4195.48
"2529","10010000",2005-12-03,4195.58
"2530","10010000",2005-12-04,4195.65
"2531","10010000",2005-12-05,4195.49
"2532","10010000",2005-12-06,4195.61
"2533","10010000",2005-12-07,4195.54
"2534","10010000",2005-12-08,4195.49
"2535","10010000",2005-12-09,4195.45
"2536","10010000",2005-12-10,4195.44
"2537","10010000",2005-12-11,4195.5
"2538","10010000",2005-12-12,4195.5
"2539","10010000",2005-12-13,4195.51
"2540","10010000",2005-12-14,4195.51
"2541","10010000",2005-12-15,4195.5
"2542","10010000",2005-12-16,4195.53
"2543","10010000",2005-12-17,4195.44
"2544","10010000",2005-12-18,4195.52
"2545","10010000",2005-12-19,4195.54
"2546","10010000",2005-12-20,4195.55
"2547","10010000",2005-12-21,4195.56
"2548","10010000",2005-12-22,4195.57
"2549","10010000",2005-12-23,4195.57
"2550","10010000",2005-12-24,4195.58
"2551","10010000",2005-12-25,4195.6
"2552","10010000",2005-12-26,4195.63
"2553","10010000",2005-12-27,4195.64
"2554","10010000",2005-12-28,4195.64
"2555","10010000",2005-12-29,4195.74
"2556","10010000",2005-12-30,4195.69
"2557","10010000",2005-12-31,4195.66
"2558","10010000",2006-01-01,4195.78
"2559","10010000",2006-01-02,4195.76
"2560","10010000",2006-01-03,4195.77
"2561","10010000",2006-01-04,4195.88
"2562","10010000",2006-01-05,4195.89
"2563","10010000",2006-01-06,4195.9
"2564","10010000",2006-01-07,4195.94
"2565","10010000",2006-01-08,4196
"2566","10010000",2006-01-09,4195.98
"2567","10010000",2006-01-10,4196
"2568","10010000",2006-01-11,4196.03
"2569","10010000",2006-01-12,4196.08
"2570","10010000",2006-01-13,4196.08
"2571","10010000",2006-01-14,4196.07
"2572","10010000",2006-01-15,4196.17
"2573","10010000",2006-01-16,4196.13
"2574","10010000",2006-01-17,4196.08
"2575","10010000",2006-01-18,4196.13
"2576","10010000",2006-01-19,4196.23
"2577","10010000",2006-01-20,4196.14
"2578","10010000",2006-01-21,4196.13
"2579","10010000",2006-01-22,4196.19
"2580","10010000",2006-01-23,4196.18
"2581","10010000",2006-01-24,4196.18
"2582","10010000",2006-01-25,4196.2
"2583","10010000",2006-01-26,4196.19
"2584","10010000",2006-01-27,4196.19
"2585","10010000",2006-01-28,4196.21
"2586","10010000",2006-01-29,4196.22
"2587","10010000",2006-01-30,4196.21
"2588","10010000",2006-01-31,4196.3
"2589","10010000",2006-02-01,4196.28
"2590","10010000",2006-02-02,4196.31
"2591","10010000",2006-02-03,4196.33
"2592","10010000",2006-02-04,4196.42
"2593","10010000",2006-02-05,4196.44
"2594","10010000",2006-02-06,4196.37
"2595","10010000",2006-02-07,4196.4
"2596","10010000",2006-02-08,4196.4
"2597","10010000",2006-02-09,4196.4
"2598","10010000",2006-02-10,4196.58
"2599","10010000",2006-02-11,4196.47
"2600","10010000",2006-02-12,4196.41
"2601","10010000",2006-02-13,4196.41
"2602","10010000",2006-02-14,4196.46
"2603","10010000",2006-02-15,4196.59
"2604","10010000",2006-02-16,4196.51
"2605","10010000",2006-02-17,4196.49
"2606","10010000",2006-02-18,4196.5
"2607","10010000",2006-02-19,4196.5
"2608","10010000",2006-02-20,4196.48
"2609","10010000",2006-02-21,4196.43
"2610","10010000",2006-02-22,4196.47
"2611","10010000",2006-02-23,4196.46
"2612","10010000",2006-02-24,4196.49
"2613","10010000",2006-02-25,4196.5
"2614","10010000",2006-02-26,4196.51
"2615","10010000",2006-02-27,4196.52
"2616","10010000",2006-02-28,4196.44
"2617","10010000",2006-03-01,4196.58
"2618","10010000",2006-03-02,4196.59
"2619","10010000",2006-03-03,4196.57
"2620","10010000",2006-03-04,4196.59
"2621","10010000",2006-03-05,4196.6
"2622","10010000",2006-03-06,4196.58
"2623","10010000",2006-03-07,4196.66
"2624","10010000",2006-03-08,4196.77
"2625","10010000",2006-03-09,4196.68
"2626","10010000",2006-03-10,4196.7
"2627","10010000",2006-03-11,4196.64
"2628","10010000",2006-03-12,4196.71
"2629","10010000",2006-03-13,4196.69
"2630","10010000",2006-03-14,4196.64
"2631","10010000",2006-03-15,4196.79
"2632","10010000",2006-03-16,4196.72
"2633","10010000",2006-03-17,4196.78
"2634","10010000",2006-03-18,4196.8
"2635","10010000",2006-03-19,4196.9
"2636","10010000",2006-03-20,4196.82
"2637","10010000",2006-03-21,4196.85
"2638","10010000",2006-03-22,4196.91
"2639","10010000",2006-03-23,4196.9
"2640","10010000",2006-03-24,4196.91
"2641","10010000",2006-03-25,4196.85
"2642","10010000",2006-03-26,4197.07
"2643","10010000",2006-03-27,4196.94
"2644","10010000",2006-03-28,4196.91
"2645","10010000",2006-03-29,4196.95
"2646","10010000",2006-03-30,4197.04
"2647","10010000",2006-03-31,4197.04
"2648","10010000",2006-04-01,4197.07
"2649","10010000",2006-04-02,4197.04
"2650","10010000",2006-04-03,4197.08
"2651","10010000",2006-04-04,4197.05
"2652","10010000",2006-04-05,4196.92
"2653","10010000",2006-04-06,4197.21
"2654","10010000",2006-04-07,4197.21
"2655","10010000",2006-04-08,4197.27
"2656","10010000",2006-04-09,4197.33
"2657","10010000",2006-04-10,4197.38
"2658","10010000",2006-04-11,4197.36
"2659","10010000",2006-04-12,4197.4
"2660","10010000",2006-04-13,4197.4
"2661","10010000",2006-04-14,4197.45
"2662","10010000",2006-04-15,4197.51
"2663","10010000",2006-04-16,4197.43
"2664","10010000",2006-04-17,4197.77
"2665","10010000",2006-04-18,4197.69
"2666","10010000",2006-04-19,4197.63
"2667","10010000",2006-04-20,4197.65
"2668","10010000",2006-04-21,4197.7
"2669","10010000",2006-04-22,4197.75
"2670","10010000",2006-04-23,4197.8
"2671","10010000",2006-04-24,4197.75
"2672","10010000",2006-04-25,4197.81
"2673","10010000",2006-04-26,4197.84
"2674","10010000",2006-04-27,4197.9
"2675","10010000",2006-04-28,4198.04
"2676","10010000",2006-04-29,4197.94
"2677","10010000",2006-04-30,4197.93
"2678","10010000",2006-05-01,4197.96
"2679","10010000",2006-05-02,4198.02
"2680","10010000",2006-05-03,4198.02
"2681","10010000",2006-05-04,4197.96
"2682","10010000",2006-05-05,4198.01
"2683","10010000",2006-05-06,4198
"2684","10010000",2006-05-07,4198.02
"2685","10010000",2006-05-08,4198.12
"2686","10010000",2006-05-09,4198.15
"2687","10010000",2006-05-10,4198.09
"2688","10010000",2006-05-11,4198.11
"2689","10010000",2006-05-12,4198.1
"2690","10010000",2006-05-13,4198.14
"2691","10010000",2006-05-14,4198.14
"2692","10010000",2006-05-15,4198.13
"2693","10010000",2006-05-16,4198.12
"2694","10010000",2006-05-17,4198.1
"2695","10010000",2006-05-18,4198.12
"2696","10010000",2006-05-19,4198.15
"2697","10010000",2006-05-20,4198.06
"2698","10010000",2006-05-21,4198.05
"2699","10010000",2006-05-22,4198
"2700","10010000",2006-05-23,4197.99
"2701","10010000",2006-05-24,4197.99
"2702","10010000",2006-05-25,4198.02
"2703","10010000",2006-05-26,4198.1
"2704","10010000",2006-05-27,4198.3
"2705","10010000",2006-05-28,4198.04
"2706","10010000",2006-05-29,4197.98
"2707","10010000",2006-05-30,4198.04
"2708","10010000",2006-05-31,4198.03
"2709","10010000",2006-06-01,4198.02
"2710","10010000",2006-06-02,4198.02
"2711","10010000",2006-06-03,4198.06
"2712","10010000",2006-06-04,4198.03
"2713","10010000",2006-06-05,4198.09
"2714","10010000",2006-06-06,4198.03
"2715","10010000",2006-06-07,4197.98
"2716","10010000",2006-06-08,4197.94
"2717","10010000",2006-06-09,4197.91
"2718","10010000",2006-06-10,4198
"2719","10010000",2006-06-11,4198
"2720","10010000",2006-06-12,4197.99
"2721","10010000",2006-06-13,4197.95
"2722","10010000",2006-06-14,4198.08
"2723","10010000",2006-06-15,4198.01
"2724","10010000",2006-06-16,4198.02
"2725","10010000",2006-06-17,4197.93
"2726","10010000",2006-06-18,4197.97
"2727","10010000",2006-06-19,4197.95
"2728","10010000",2006-06-20,4198.02
"2729","10010000",2006-06-21,4197.92
"2730","10010000",2006-06-22,4197.92
"2731","10010000",2006-06-23,4197.84
"2732","10010000",2006-06-24,4197.84
"2733","10010000",2006-06-25,4197.83
"2734","10010000",2006-06-26,4197.82
"2735","10010000",2006-06-27,4197.82
"2736","10010000",2006-06-28,4197.8
"2737","10010000",2006-06-29,4197.8
"2738","10010000",2006-06-30,4197.82
"2739","10010000",2006-07-01,4197.76
"2740","10010000",2006-07-02,4197.72
"2741","10010000",2006-07-03,4197.71
"2742","10010000",2006-07-04,4197.63
"2743","10010000",2006-07-05,4197.66
"2744","10010000",2006-07-06,4197.64
"2745","10010000",2006-07-07,4197.59
"2746","10010000",2006-07-08,4197.62
"2747","10010000",2006-07-09,4197.59
"2748","10010000",2006-07-10,4197.52
"2749","10010000",2006-07-11,4197.45
"2750","10010000",2006-07-12,4197.42
"2751","10010000",2006-07-13,4197.48
"2752","10010000",2006-07-14,4197.44
"2753","10010000",2006-07-15,4197.41
"2754","10010000",2006-07-16,4197.41
"2755","10010000",2006-07-17,4197.4
"2756","10010000",2006-07-18,4197.34
"2757","10010000",2006-07-19,4197.3
"2758","10010000",2006-07-20,4197.34
"2759","10010000",2006-07-21,4197.32
"2760","10010000",2006-07-22,4197.31
"2761","10010000",2006-07-23,4197.3
"2762","10010000",2006-07-24,4197.32
"2763","10010000",2006-07-25,4197.26
"2764","10010000",2006-07-26,4197.23
"2765","10010000",2006-07-27,4197.23
"2766","10010000",2006-07-28,4197.19
"2767","10010000",2006-07-29,4197.16
"2768","10010000",2006-07-30,4197.12
"2769","10010000",2006-07-31,4197.12
"2770","10010000",2006-08-01,4197.11
"2771","10010000",2006-08-02,4197.09
"2772","10010000",2006-08-03,4197.03
"2773","10010000",2006-08-04,4197.04
"2774","10010000",2006-08-05,4197.03
"2775","10010000",2006-08-06,4196.99
"2776","10010000",2006-08-07,4196.89
"2777","10010000",2006-08-08,4196.89
"2778","10010000",2006-08-09,4196.95
"2779","10010000",2006-08-10,4196.88
"2780","10010000",2006-08-11,4196.89
"2781","10010000",2006-08-12,4196.84
"2782","10010000",2006-08-13,4196.92
"2783","10010000",2006-08-14,4196.81
"2784","10010000",2006-08-15,4196.77
"2785","10010000",2006-08-16,4196.72
"2786","10010000",2006-08-17,4196.77
"2787","10010000",2006-08-18,4196.81
"2788","10010000",2006-08-19,4196.73
"2789","10010000",2006-08-20,4196.71
"2790","10010000",2006-08-21,4196.68
"2791","10010000",2006-08-22,4196.65
"2792","10010000",2006-08-23,4196.63
"2793","10010000",2006-08-24,4196.68
"2794","10010000",2006-08-25,4196.65
"2795","10010000",2006-08-26,4196.71
"2796","10010000",2006-08-27,4196.6
"2797","10010000",2006-08-28,4196.6
"2798","10010000",2006-08-29,4196.57
"2799","10010000",2006-08-30,4196.54
"2800","10010000",2006-08-31,4196.66
"2801","10010000",2006-09-01,4196.52
"2802","10010000",2006-09-02,4196.49
"2803","10010000",2006-09-03,4196.46
"2804","10010000",2006-09-04,4196.43
"2805","10010000",2006-09-05,4196.43
"2806","10010000",2006-09-06,4196.44
"2807","10010000",2006-09-07,4196.43
"2808","10010000",2006-09-08,4196.4
"2809","10010000",2006-09-09,4196.33
"2810","10010000",2006-09-10,4196.34
"2811","10010000",2006-09-11,4196.36
"2812","10010000",2006-09-12,4196.36
"2813","10010000",2006-09-13,4196.32
"2814","10010000",2006-09-14,4196.27
"2815","10010000",2006-09-15,4196.38
"2816","10010000",2006-09-16,4196.48
"2817","10010000",2006-09-17,4196.41
"2818","10010000",2006-09-18,4196.37
"2819","10010000",2006-09-19,4196.38
"2820","10010000",2006-09-20,4196.52
"2821","10010000",2006-09-21,4196.38
"2822","10010000",2006-09-22,4196.61
"2823","10010000",2006-09-23,4196.44
"2824","10010000",2006-09-24,4196.4
"2825","10010000",2006-09-25,4196.4
"2826","10010000",2006-09-26,4196.4
"2827","10010000",2006-09-27,4196.39
"2828","10010000",2006-09-28,4196.38
"2829","10010000",2006-09-29,4196.37
"2830","10010000",2006-09-30,4196.37
"2831","10010000",2006-10-01,4196.36
"2832","10010000",2006-10-02,4196.4
"2833","10010000",2006-10-03,4196.38
"2834","10010000",2006-10-04,4196.28
"2835","10010000",2006-10-05,4196.27
"2836","10010000",2006-10-06,4196.33
"2837","10010000",2006-10-07,4196.36
"2838","10010000",2006-10-08,4196.44
"2839","10010000",2006-10-09,4196.49
"2840","10010000",2006-10-10,4196.46
"2841","10010000",2006-10-11,4196.42
"2842","10010000",2006-10-12,4196.41
"2843","10010000",2006-10-13,4196.42
"2844","10010000",2006-10-14,4196.43
"2845","10010000",2006-10-15,4196.44
"2846","10010000",2006-10-16,4196.5
"2847","10010000",2006-10-17,4196.63
"2848","10010000",2006-10-18,4196.54
"2849","10010000",2006-10-19,4196.4
"2850","10010000",2006-10-20,4196.54
"2851","10010000",2006-10-21,4196.5
"2852","10010000",2006-10-22,4196.42
"2853","10010000",2006-10-23,4196.42
"2854","10010000",2006-10-24,4196.42
"2855","10010000",2006-10-25,4196.6
"2856","10010000",2006-10-26,4196.49
"2857","10010000",2006-10-27,4196.42
"2858","10010000",2006-10-28,4196.42
"2859","10010000",2006-10-29,4196.41
"2860","10010000",2006-10-30,4196.48
"2861","10010000",2006-10-31,4196.45
"2862","10010000",2006-11-01,4196.42
"2863","10010000",2006-11-02,4196.4
"2864","10010000",2006-11-03,4196.41
"2865","10010000",2006-11-04,4196.42
"2866","10010000",2006-11-05,4196.41
"2867","10010000",2006-11-06,4196.41
"2868","10010000",2006-11-07,4196.4
"2869","10010000",2006-11-08,4196.44
"2870","10010000",2006-11-09,4196.5
"2871","10010000",2006-11-10,4196.5
"2872","10010000",2006-11-11,4196.46
"2873","10010000",2006-11-12,4196.5
"2874","10010000",2006-11-13,4196.38
"2875","10010000",2006-11-14,4196.62
"2876","10010000",2006-11-15,4196.48
"2877","10010000",2006-11-16,4196.5
"2878","10010000",2006-11-17,4196.5
"2879","10010000",2006-11-18,4196.51
"2880","10010000",2006-11-19,4196.53
"2881","10010000",2006-11-20,4196.54
"2882","10010000",2006-11-21,4196.55
"2883","10010000",2006-11-22,4196.54
"2884","10010000",2006-11-23,4196.57
"2885","10010000",2006-11-24,4196.56
"2886","10010000",2006-11-25,4196.57
"2887","10010000",2006-11-26,4196.59
"2888","10010000",2006-11-27,4196.5
"2889","10010000",2006-11-28,4196.63
"2890","10010000",2006-11-29,4196.67
"2891","10010000",2006-11-30,4196.53
"2892","10010000",2006-12-01,4196.56
"2893","10010000",2006-12-02,4196.59
"2894","10010000",2006-12-03,4196.55
"2895","10010000",2006-12-04,4196.57
"2896","10010000",2006-12-05,4196.56
"2897","10010000",2006-12-06,4196.58
"2898","10010000",2006-12-07,4196.59
"2899","10010000",2006-12-08,4196.6
"2900","10010000",2006-12-09,4196.6
"2901","10010000",2006-12-10,4196.61
"2902","10010000",2006-12-11,4196.62
"2903","10010000",2006-12-12,4196.62
"2904","10010000",2006-12-13,4196.65
"2905","10010000",2006-12-14,4196.65
"2906","10010000",2006-12-15,4196.73
"2907","10010000",2006-12-16,4196.73
"2908","10010000",2006-12-17,4196.7
"2909","10010000",2006-12-18,4196.75
"2910","10010000",2006-12-19,4196.73
"2911","10010000",2006-12-20,4196.7
"2912","10010000",2006-12-21,4196.71
"2913","10010000",2006-12-22,4196.72
"2914","10010000",2006-12-23,4196.72
"2915","10010000",2006-12-24,4196.72
"2916","10010000",2006-12-25,4196.72
"2917","10010000",2006-12-26,4196.72
"2918","10010000",2006-12-27,4196.76
"2919","10010000",2006-12-28,4196.95
"2920","10010000",2006-12-29,4196.89
"2921","10010000",2006-12-30,4196.8
"2922","10010000",2006-12-31,4196.8
"2923","10010000",2007-01-01,4196.81
"2924","10010000",2007-01-02,4196.79
"2925","10010000",2007-01-03,4196.79
"2926","10010000",2007-01-04,4196.8
"2927","10010000",2007-01-05,4196.96
"2928","10010000",2007-01-06,4196.83
"2929","10010000",2007-01-07,4196.88
"2930","10010000",2007-01-08,4196.84
"2931","10010000",2007-01-09,4196.82
"2932","10010000",2007-01-10,4196.85
"2933","10010000",2007-01-11,4196.92
"2934","10010000",2007-01-12,4197.02
"2935","10010000",2007-01-13,4196.87
"2936","10010000",2007-01-14,4196.84
"2937","10010000",2007-01-15,4196.81
"2938","10010000",2007-01-16,4196.81
"2939","10010000",2007-01-17,4196.83
"2940","10010000",2007-01-18,4196.81
"2941","10010000",2007-01-19,4196.82
"2942","10010000",2007-01-20,4196.83
"2943","10010000",2007-01-21,4196.87
"2944","10010000",2007-01-22,4196.84
"2945","10010000",2007-01-23,4196.8
"2946","10010000",2007-01-24,4196.8
"2947","10010000",2007-01-25,4196.8
"2948","10010000",2007-01-26,4196.82
"2949","10010000",2007-01-27,4196.84
"2950","10010000",2007-01-28,4196.82
"2951","10010000",2007-01-29,4196.81
"2952","10010000",2007-01-30,4196.81
"2953","10010000",2007-01-31,4196.86
"2954","10010000",2007-02-01,4196.82
"2955","10010000",2007-02-02,4196.84
"2956","10010000",2007-02-03,4196.82
"2957","10010000",2007-02-04,4196.82
"2958","10010000",2007-02-05,4196.81
"2959","10010000",2007-02-06,4196.82
"2960","10010000",2007-02-07,4196.84
"2961","10010000",2007-02-08,4196.86
"2962","10010000",2007-02-09,4196.86
"2963","10010000",2007-02-10,4196.86
"2964","10010000",2007-02-11,4196.88
"2965","10010000",2007-02-12,4196.92
"2966","10010000",2007-02-13,4196.95
"2967","10010000",2007-02-14,4196.99
"2968","10010000",2007-02-15,4196.97
"2969","10010000",2007-02-16,4197
"2970","10010000",2007-02-17,4197
"2971","10010000",2007-02-18,4197.03
"2972","10010000",2007-02-19,4197.14
"2973","10010000",2007-02-20,4197.08
"2974","10010000",2007-02-21,4197.1
"2975","10010000",2007-02-22,4197.08
"2976","10010000",2007-02-23,4197.19
"2977","10010000",2007-02-24,4197.2
"2978","10010000",2007-02-25,4197.14
"2979","10010000",2007-02-26,4197.18
"2980","10010000",2007-02-27,4197.23
"2981","10010000",2007-02-28,4197.22
"2982","10010000",2007-03-01,4197.24
"2983","10010000",2007-03-02,4197.33
"2984","10010000",2007-03-03,4197.24
"2985","10010000",2007-03-04,4197.26
"2986","10010000",2007-03-05,4197.28
"2987","10010000",2007-03-06,4197.3
"2988","10010000",2007-03-07,4197.31
"2989","10010000",2007-03-08,4197.32
"2990","10010000",2007-03-09,4197.32
"2991","10010000",2007-03-10,4197.37
"2992","10010000",2007-03-11,4197.37
"2993","10010000",2007-03-12,4197.4
"2994","10010000",2007-03-13,4197.39
"2995","10010000",2007-03-14,4197.41
"2996","10010000",2007-03-15,4197.42
"2997","10010000",2007-03-16,4197.41
"2998","10010000",2007-03-17,4197.41
"2999","10010000",2007-03-18,4197.41
"3000","10010000",2007-03-19,4197.44
"3001","10010000",2007-03-20,4197.45
"3002","10010000",2007-03-21,4197.6
"3003","10010000",2007-03-22,4197.56
"3004","10010000",2007-03-23,4197.53
"3005","10010000",2007-03-24,4197.52
"3006","10010000",2007-03-25,4197.47
"3007","10010000",2007-03-26,4197.48
"3008","10010000",2007-03-27,4197.22
"3009","10010000",2007-03-28,4197.6
"3010","10010000",2007-03-29,4197.84
"3011","10010000",2007-03-30,4197.54
"3012","10010000",2007-03-31,4197.54
"3013","10010000",2007-04-01,4197.56
"3014","10010000",2007-04-02,4197.63
"3015","10010000",2007-04-03,4197.62
"3016","10010000",2007-04-04,4197.58
"3017","10010000",2007-04-05,4197.6
"3018","10010000",2007-04-06,4197.6
"3019","10010000",2007-04-07,4197.62
"3020","10010000",2007-04-08,4197.67
"3021","10010000",2007-04-09,4197.62
"3022","10010000",2007-04-10,4197.93
"3023","10010000",2007-04-11,4197.74
"3024","10010000",2007-04-12,4197.62
"3025","10010000",2007-04-13,4197.74
"3026","10010000",2007-04-14,4197.57
"3027","10010000",2007-04-15,4197.6
"3028","10010000",2007-04-16,4197.67
"3029","10010000",2007-04-17,4197.55
"3030","10010000",2007-04-18,4197.56
"3031","10010000",2007-04-19,4197.55
"3032","10010000",2007-04-20,4197.55
"3033","10010000",2007-04-21,4197.49
"3034","10010000",2007-04-22,4197.44
"3035","10010000",2007-04-23,4197.55
"3036","10010000",2007-04-24,4197.57
"3037","10010000",2007-04-25,4197.52
"3038","10010000",2007-04-26,4197.56
"3039","10010000",2007-04-27,4197.52
"3040","10010000",2007-04-28,4197.5
"3041","10010000",2007-04-29,4197.51
"3042","10010000",2007-04-30,4197.52
"3043","10010000",2007-05-01,4197.5
"3044","10010000",2007-05-02,4197.42
"3045","10010000",2007-05-03,4197.6
"3046","10010000",2007-05-04,4197.53
"3047","10010000",2007-05-05,4197.77
"3048","10010000",2007-05-06,4197.5
"3049","10010000",2007-05-07,4197.45
"3050","10010000",2007-05-08,4197.42
"3051","10010000",2007-05-09,4197.42
"3052","10010000",2007-05-10,4197.43
"3053","10010000",2007-05-11,4197.42
"3054","10010000",2007-05-12,4197.41
"3055","10010000",2007-05-13,4197.4
"3056","10010000",2007-05-14,4197.5
"3057","10010000",2007-05-15,4197.4
"3058","10010000",2007-05-16,4197.39
"3059","10010000",2007-05-17,4197.35
"3060","10010000",2007-05-18,4197.35
"3061","10010000",2007-05-19,4197.35
"3062","10010000",2007-05-20,4197.36
"3063","10010000",2007-05-21,4197.42
"3064","10010000",2007-05-22,4197.41
"3065","10010000",2007-05-23,4197.36
"3066","10010000",2007-05-24,4197.24
"3067","10010000",2007-05-25,4197.22
"3068","10010000",2007-05-26,4197.27
"3069","10010000",2007-05-27,4197.22
"3070","10010000",2007-05-28,4197.26
"3071","10010000",2007-05-29,4197.25
"3072","10010000",2007-05-30,4197.18
"3073","10010000",2007-05-31,4197.16
"3074","10010000",2007-06-01,4197.14
"3075","10010000",2007-06-02,4197.12
"3076","10010000",2007-06-03,4197.12
"3077","10010000",2007-06-04,4197.12
"3078","10010000",2007-06-05,4197.08
"3079","10010000",2007-06-06,4197.35
"3080","10010000",2007-06-07,4197.26
"3081","10010000",2007-06-08,4197.11
"3082","10010000",2007-06-09,4197.1
"3083","10010000",2007-06-10,4197.09
"3084","10010000",2007-06-11,4197.18
"3085","10010000",2007-06-12,4197.11
"3086","10010000",2007-06-13,4197.07
"3087","10010000",2007-06-14,4197.06
"3088","10010000",2007-06-15,4197.06
"3089","10010000",2007-06-16,4197.03
"3090","10010000",2007-06-17,4197.1
"3091","10010000",2007-06-18,4197.01
"3092","10010000",2007-06-19,4196.98
"3093","10010000",2007-06-20,4196.95
"3094","10010000",2007-06-21,4196.94
"3095","10010000",2007-06-22,4196.92
"3096","10010000",2007-06-23,4196.9
"3097","10010000",2007-06-24,4196.91
"3098","10010000",2007-06-25,4196.95
"3099","10010000",2007-06-26,4196.89
"3100","10010000",2007-06-27,4196.82
"3101","10010000",2007-06-28,4196.79
"3102","10010000",2007-06-29,4196.78
"3103","10010000",2007-06-30,4196.77
"3104","10010000",2007-07-01,4196.77
"3105","10010000",2007-07-02,4196.75
"3106","10010000",2007-07-03,4196.77
"3107","10010000",2007-07-04,4196.71
"3108","10010000",2007-07-05,4196.68
"3109","10010000",2007-07-06,4196.64
"3110","10010000",2007-07-07,4196.66
"3111","10010000",2007-07-08,4196.65
"3112","10010000",2007-07-09,4196.6
"3113","10010000",2007-07-10,4196.6
"3114","10010000",2007-07-11,4196.58
"3115","10010000",2007-07-12,4196.53
"3116","10010000",2007-07-13,4196.51
"3117","10010000",2007-07-14,4196.48
"3118","10010000",2007-07-15,4196.47
"3119","10010000",2007-07-16,4196.43
"3120","10010000",2007-07-17,4196.46
"3121","10010000",2007-07-18,4196.37
"3122","10010000",2007-07-19,4196.36
"3123","10010000",2007-07-20,4196.38
"3124","10010000",2007-07-21,4196.32
"3125","10010000",2007-07-22,4196.32
"3126","10010000",2007-07-23,4196.29
"3127","10010000",2007-07-24,4196.24
"3128","10010000",2007-07-25,4196.25
"3129","10010000",2007-07-26,4196.24
"3130","10010000",2007-07-27,4196.21
"3131","10010000",2007-07-28,4196.24
"3132","10010000",2007-07-29,4196.2
"3133","10010000",2007-07-30,4196.19
"3134","10010000",2007-07-31,4196.18
"3135","10010000",2007-08-01,4196.15
"3136","10010000",2007-08-02,4196.1
"3137","10010000",2007-08-03,4196.11
"3138","10010000",2007-08-04,4196.09
"3139","10010000",2007-08-05,4196.07
"3140","10010000",2007-08-06,4196.08
"3141","10010000",2007-08-07,4195.97
"3142","10010000",2007-08-08,4196.05
"3143","10010000",2007-08-09,4195.95
"3144","10010000",2007-08-10,4195.86
"3145","10010000",2007-08-11,4195.92
"3146","10010000",2007-08-12,4195.85
"3147","10010000",2007-08-13,4195.86
"3148","10010000",2007-08-14,4195.84
"3149","10010000",2007-08-15,4195.83
"3150","10010000",2007-08-16,4195.82
"3151","10010000",2007-08-17,4195.85
"3152","10010000",2007-08-18,4195.74
"3153","10010000",2007-08-19,4195.77
"3154","10010000",2007-08-20,4195.8
"3155","10010000",2007-08-21,4195.76
"3156","10010000",2007-08-22,4195.79
"3157","10010000",2007-08-23,4195.74
"3158","10010000",2007-08-24,4195.7
"3159","10010000",2007-08-25,4195.63
"3160","10010000",2007-08-26,4195.61
"3161","10010000",2007-08-27,4195.57
"3162","10010000",2007-08-28,4195.6
"3163","10010000",2007-08-29,4195.6
"3164","10010000",2007-08-30,4195.6
"3165","10010000",2007-08-31,4195.58
"3166","10010000",2007-09-01,4195.56
"3167","10010000",2007-09-02,4195.48
"3168","10010000",2007-09-03,4195.49
"3169","10010000",2007-09-04,4195.57
"3170","10010000",2007-09-05,4195.58
"3171","10010000",2007-09-06,4195.5
"3172","10010000",2007-09-07,4195.44
"3173","10010000",2007-09-08,4195.46
"3174","10010000",2007-09-09,4195.51
"3175","10010000",2007-09-10,4195.45
"3176","10010000",2007-09-11,4195.4
"3177","10010000",2007-09-12,4195.39
"3178","10010000",2007-09-13,4195.38
"3179","10010000",2007-09-14,4195.32
"3180","10010000",2007-09-15,4195.34
"3181","10010000",2007-09-16,4195.31
"3182","10010000",2007-09-17,4195.34
"3183","10010000",2007-09-18,4195.3
"3184","10010000",2007-09-19,4195.2
"3185","10010000",2007-09-20,4195.22
"3186","10010000",2007-09-21,4195.22
"3187","10010000",2007-09-22,4195.14
"3188","10010000",2007-09-23,4195.1
"3189","10010000",2007-09-24,4195.19
"3190","10010000",2007-09-25,4195.17
"3191","10010000",2007-09-26,4195.15
"3192","10010000",2007-09-27,4195.15
"3193","10010000",2007-09-28,4195.03
"3194","10010000",2007-09-29,4195.24
"3195","10010000",2007-09-30,4195.11
"3196","10010000",2007-10-01,4195.26
"3197","10010000",2007-10-02,4195.13
"3198","10010000",2007-10-03,4195.14
"3199","10010000",2007-10-04,4195.14
"3200","10010000",2007-10-05,4195.22
"3201","10010000",2007-10-06,4195.19
"3202","10010000",2007-10-07,4195.15
"3203","10010000",2007-10-08,4195.14
"3204","10010000",2007-10-09,4195.16
"3205","10010000",2007-10-10,4195.16
"3206","10010000",2007-10-11,4195.2
"3207","10010000",2007-10-12,4195.13
"3208","10010000",2007-10-13,4195.17
"3209","10010000",2007-10-14,4195.13
"3210","10010000",2007-10-15,4195.12
"3211","10010000",2007-10-16,4195.16
"3212","10010000",2007-10-17,4195.24
"3213","10010000",2007-10-18,4195.16
"3214","10010000",2007-10-19,4195.1
"3215","10010000",2007-10-20,4195.29
"3216","10010000",2007-10-21,4195.2
"3217","10010000",2007-10-22,4195.1
"3218","10010000",2007-10-23,4195.11
"3219","10010000",2007-10-24,4195.11
"3220","10010000",2007-10-25,4195.12
"3221","10010000",2007-10-26,4195.12
"3222","10010000",2007-10-27,4195.1
"3223","10010000",2007-10-28,4195.11
"3224","10010000",2007-10-29,4195.12
"3225","10010000",2007-10-30,4195.18
"3226","10010000",2007-10-31,4195.16
"3227","10010000",2007-11-01,4195.11
"3228","10010000",2007-11-02,4195.12
"3229","10010000",2007-11-03,4195.1
"3230","10010000",2007-11-04,4195.1
"3231","10010000",2007-11-05,4195.1
"3232","10010000",2007-11-06,4195.1
"3233","10010000",2007-11-07,4195.1
"3234","10010000",2007-11-08,4195.1
"3235","10010000",2007-11-09,4195.1
"3236","10010000",2007-11-10,4195.11
"3237","10010000",2007-11-11,4195.15
"3238","10010000",2007-11-12,4195.12
"3239","10010000",2007-11-13,4195.15
"3240","10010000",2007-11-14,4195.15
"3241","10010000",2007-11-15,4195.1
"3242","10010000",2007-11-16,4195.09
"3243","10010000",2007-11-17,4195.1
"3244","10010000",2007-11-18,4195.1
"3245","10010000",2007-11-19,4195.14
"3246","10010000",2007-11-20,4195.19
"3247","10010000",2007-11-21,4195.12
"3248","10010000",2007-11-22,4195.1
"3249","10010000",2007-11-23,4195.16
"3250","10010000",2007-11-24,4195.06
"3251","10010000",2007-11-25,4195.05
"3252","10010000",2007-11-26,4195.07
"3253","10010000",2007-11-27,4195.11
"3254","10010000",2007-11-28,4195.07
"3255","10010000",2007-11-29,4195.05
"3256","10010000",2007-11-30,4195.05
"3257","10010000",2007-12-01,4195.04
"3258","10010000",2007-12-02,4194.99
"3259","10010000",2007-12-03,4195.04
"3260","10010000",2007-12-04,4195.04
"3261","10010000",2007-12-05,4195.05
"3262","10010000",2007-12-06,4195.07
"3263","10010000",2007-12-07,4195.12
"3264","10010000",2007-12-08,4195.17
"3265","10010000",2007-12-09,4195.19
"3266","10010000",2007-12-10,4195.25
"3267","10010000",2007-12-11,4195.27
"3268","10010000",2007-12-12,4195.18
"3269","10010000",2007-12-13,4195.2
"3270","10010000",2007-12-14,4195.19
"3271","10010000",2007-12-15,4195.14
"3272","10010000",2007-12-16,4195.18
"3273","10010000",2007-12-17,4195.18
"3274","10010000",2007-12-18,4195.18
"3275","10010000",2007-12-19,4195.18
"3276","10010000",2007-12-20,4195.22
"3277","10010000",2007-12-21,4195.36
"3278","10010000",2007-12-22,4195.24
"3279","10010000",2007-12-23,4195.23
"3280","10010000",2007-12-24,4195.35
"3281","10010000",2007-12-25,4195.34
"3282","10010000",2007-12-26,4195.25
"3283","10010000",2007-12-27,4195.26
"3284","10010000",2007-12-28,4195.2
"3285","10010000",2007-12-29,4195.23
"3286","10010000",2007-12-30,4195.34
"3287","10010000",2007-12-31,4195.29
"3288","10010000",2008-01-01,4195.24
"3289","10010000",2008-01-02,4195.26
"3290","10010000",2008-01-03,4195.24
"3291","10010000",2008-01-04,4195.14
"3292","10010000",2008-01-05,4195.17
"3293","10010000",2008-01-06,4195.31
"3294","10010000",2008-01-07,4195.28
"3295","10010000",2008-01-08,4195.27
"3296","10010000",2008-01-09,4195.35
"3297","10010000",2008-01-10,4195.32
"3298","10010000",2008-01-11,4195.33
"3299","10010000",2008-01-12,4195.33
"3300","10010000",2008-01-13,4195.33
"3301","10010000",2008-01-14,4195.32
"3302","10010000",2008-01-15,4195.46
"3303","10010000",2008-01-16,4195.36
"3304","10010000",2008-01-17,4195.32
"3305","10010000",2008-01-18,4195.31
"3306","10010000",2008-01-19,4195.35
"3307","10010000",2008-01-20,4195.36
"3308","10010000",2008-01-21,4195.41
"3309","10010000",2008-01-22,4195.39
"3310","10010000",2008-01-23,4195.4
"3311","10010000",2008-01-24,4195.4
"3312","10010000",2008-01-25,4195.4
"3313","10010000",2008-01-26,4195.4
"3314","10010000",2008-01-27,4195.23
"3315","10010000",2008-01-28,4195.34
"3316","10010000",2008-01-29,4195.35
"3317","10010000",2008-01-30,4195.46
"3318","10010000",2008-01-31,4195.33
"3319","10010000",2008-02-01,4195.39
"3320","10010000",2008-02-02,4195.37
"3321","10010000",2008-02-03,4195.33
"3322","10010000",2008-02-04,4195.44
"3323","10010000",2008-02-05,4195.41
"3324","10010000",2008-02-06,4195.42
"3325","10010000",2008-02-07,4195.48
"3326","10010000",2008-02-08,4195.41
"3327","10010000",2008-02-09,4195.4
"3328","10010000",2008-02-10,4195.41
"3329","10010000",2008-02-11,4195.43
"3330","10010000",2008-02-12,4195.42
"3331","10010000",2008-02-13,4195.59
"3332","10010000",2008-02-14,4195.71
"3333","10010000",2008-02-15,4195.49
"3334","10010000",2008-02-16,4195.48
"3335","10010000",2008-02-17,4195.49
"3336","10010000",2008-02-18,4195.5
"3337","10010000",2008-02-19,4195.49
"3338","10010000",2008-02-20,4195.5
"3339","10010000",2008-02-21,4195.5
"3340","10010000",2008-02-22,4195.53
"3341","10010000",2008-02-23,4195.54
"3342","10010000",2008-02-24,4195.52
"3343","10010000",2008-02-25,4195.58
"3344","10010000",2008-02-26,4195.59
"3345","10010000",2008-02-27,4195.6
"3346","10010000",2008-02-28,4195.61
"3347","10010000",2008-02-29,4195.62
"3348","10010000",2008-03-01,4195.77
"3349","10010000",2008-03-02,4195.87
"3350","10010000",2008-03-03,4195.71
"3351","10010000",2008-03-04,4195.87
"3352","10010000",2008-03-05,4195.8
"3353","10010000",2008-03-06,4195.79
"3354","10010000",2008-03-07,4195.77
"3355","10010000",2008-03-08,4195.84
"3356","10010000",2008-03-09,4195.85
"3357","10010000",2008-03-10,4195.86
"3358","10010000",2008-03-11,4195.86
"3359","10010000",2008-03-12,4195.89
"3360","10010000",2008-03-13,4195.9
"3361","10010000",2008-03-14,4195.97
"3362","10010000",2008-03-15,4195.97
"3363","10010000",2008-03-16,4196.2
"3364","10010000",2008-03-17,4196.05
"3365","10010000",2008-03-18,4195.93
"3366","10010000",2008-03-19,4195.95
"3367","10010000",2008-03-20,4196.02
"3368","10010000",2008-03-21,4196.03
"3369","10010000",2008-03-22,4196.06
"3370","10010000",2008-03-23,4196
"3371","10010000",2008-03-24,4196.01
"3372","10010000",2008-03-25,4196.02
"3373","10010000",2008-03-26,4196.11
"3374","10010000",2008-03-27,4196.13
"3375","10010000",2008-03-28,4196.02
"3376","10010000",2008-03-29,4196.12
"3377","10010000",2008-03-30,4196.02
"3378","10010000",2008-03-31,4196.13
"3379","10010000",2008-04-01,4196
"3380","10010000",2008-04-02,4196
"3381","10010000",2008-04-03,4196.06
"3382","10010000",2008-04-04,4196.03
"3383","10010000",2008-04-05,4196.1
"3384","10010000",2008-04-06,4196.03
"3385","10010000",2008-04-07,4196.06
"3386","10010000",2008-04-08,4196.02
"3387","10010000",2008-04-09,4196.15
"3388","10010000",2008-04-10,4196.09
"3389","10010000",2008-04-11,4196.09
"3390","10010000",2008-04-12,4196
"3391","10010000",2008-04-13,4196
"3392","10010000",2008-04-14,4195.93
"3393","10010000",2008-04-15,4196.08
"3394","10010000",2008-04-16,4196.04
"3395","10010000",2008-04-17,4195.95
"3396","10010000",2008-04-18,4195.96
"3397","10010000",2008-04-19,4195.87
"3398","10010000",2008-04-20,4196.1
"3399","10010000",2008-04-21,4195.92
"3400","10010000",2008-04-22,4195.92
"3401","10010000",2008-04-23,4195.98
"3402","10010000",2008-04-24,4196.06
"3403","10010000",2008-04-25,4195.98
"3404","10010000",2008-04-26,4195.97
"3405","10010000",2008-04-27,4195.94
"3406","10010000",2008-04-28,4195.92
"3407","10010000",2008-04-29,4195.94
"3408","10010000",2008-04-30,4196.09
"3409","10010000",2008-05-01,4196.03
"3410","10010000",2008-05-02,4195.9
"3411","10010000",2008-05-03,4195.9
"3412","10010000",2008-05-04,4195.9
"3413","10010000",2008-05-05,4195.9
"3414","10010000",2008-05-06,4195.9
"3415","10010000",2008-05-07,4195.96
"3416","10010000",2008-05-08,4195.94
"3417","10010000",2008-05-09,4195.99
"3418","10010000",2008-05-10,4195.93
"3419","10010000",2008-05-11,4195.9
"3420","10010000",2008-05-12,4196.02
"3421","10010000",2008-05-13,4195.94
"3422","10010000",2008-05-14,4195.9
"3423","10010000",2008-05-15,4196.01
"3424","10010000",2008-05-16,4195.87
"3425","10010000",2008-05-17,4195.88
"3426","10010000",2008-05-18,4195.86
"3427","10010000",2008-05-19,4195.88
"3428","10010000",2008-05-20,4195.9
"3429","10010000",2008-05-21,4196.03
"3430","10010000",2008-05-22,4196.04
"3431","10010000",2008-05-23,4195.89
"3432","10010000",2008-05-24,4195.84
"3433","10010000",2008-05-25,4195.87
"3434","10010000",2008-05-26,4195.87
"3435","10010000",2008-05-27,4195.92
"3436","10010000",2008-05-28,4195.96
"3437","10010000",2008-05-29,4195.95
"3438","10010000",2008-05-30,4195.94
"3439","10010000",2008-05-31,4195.93
"3440","10010000",2008-06-01,4196.02
"3441","10010000",2008-06-02,4195.96
"3442","10010000",2008-06-03,4196
"3443","10010000",2008-06-04,4196.06
"3444","10010000",2008-06-05,4196.11
"3445","10010000",2008-06-06,4195.95
"3446","10010000",2008-06-07,4195.96
"3447","10010000",2008-06-08,4195.95
"3448","10010000",2008-06-09,4195.89
"3449","10010000",2008-06-10,4196.04
"3450","10010000",2008-06-11,4195.98
"3451","10010000",2008-06-12,4195.9
"3452","10010000",2008-06-13,4195.89
"3453","10010000",2008-06-14,4195.85
"3454","10010000",2008-06-15,4195.89
"3455","10010000",2008-06-16,4195.88
"3456","10010000",2008-06-17,4195.88
"3457","10010000",2008-06-18,4195.9
"3458","10010000",2008-06-19,4195.9
"3459","10010000",2008-06-20,4195.86
"3460","10010000",2008-06-21,4195.83
"3461","10010000",2008-06-22,4195.89
"3462","10010000",2008-06-23,4195.84
"3463","10010000",2008-06-24,4195.83
"3464","10010000",2008-06-25,4195.82
"3465","10010000",2008-06-26,4195.82
"3466","10010000",2008-06-27,4195.81
"3467","10010000",2008-06-28,4195.78
"3468","10010000",2008-06-29,4195.75
"3469","10010000",2008-06-30,4195.71
"3470","10010000",2008-07-01,4195.72
"3471","10010000",2008-07-02,4195.71
"3472","10010000",2008-07-03,4195.64
"3473","10010000",2008-07-04,4195.6
"3474","10010000",2008-07-05,4195.63
"3475","10010000",2008-07-06,4195.61
"3476","10010000",2008-07-07,4195.59
"3477","10010000",2008-07-08,4195.59
"3478","10010000",2008-07-09,4195.53
"3479","10010000",2008-07-10,4195.49
"3480","10010000",2008-07-11,4195.54
"3481","10010000",2008-07-12,4195.47
"3482","10010000",2008-07-13,4195.41
"3483","10010000",2008-07-14,4195.4
"3484","10010000",2008-07-15,4195.4
"3485","10010000",2008-07-16,4195.33
"3486","10010000",2008-07-17,4195.33
"3487","10010000",2008-07-18,4195.34
"3488","10010000",2008-07-19,4195.34
"3489","10010000",2008-07-20,4195.27
"3490","10010000",2008-07-21,4195.26
"3491","10010000",2008-07-22,4195.29
"3492","10010000",2008-07-23,4195.27
"3493","10010000",2008-07-24,4195.24
"3494","10010000",2008-07-25,4195.22
"3495","10010000",2008-07-26,4195.16
"3496","10010000",2008-07-27,4195.07
"3497","10010000",2008-07-28,4195.12
"3498","10010000",2008-07-29,4195.12
"3499","10010000",2008-07-30,4195.06
"3500","10010000",2008-07-31,4195.08
"3501","10010000",2008-08-01,4195.04
"3502","10010000",2008-08-02,4195.04
"3503","10010000",2008-08-03,4195.03
"3504","10010000",2008-08-04,4194.99
"3505","10010000",2008-08-05,4194.98
"3506","10010000",2008-08-06,4194.92
"3507","10010000",2008-08-07,4194.88
"3508","10010000",2008-08-08,4194.88
"3509","10010000",2008-08-09,4194.84
"3510","10010000",2008-08-10,4194.87
"3511","10010000",2008-08-11,4194.88
"3512","10010000",2008-08-12,4194.8
"3513","10010000",2008-08-13,4194.78
"3514","10010000",2008-08-14,4194.78
"3515","10010000",2008-08-15,4194.79
"3516","10010000",2008-08-16,4194.65
"3517","10010000",2008-08-17,4194.64
"3518","10010000",2008-08-18,4194.61
"3519","10010000",2008-08-19,4194.63
"3520","10010000",2008-08-20,4194.61
"3521","10010000",2008-08-21,4194.61
"3522","10010000",2008-08-22,4194.63
"3523","10010000",2008-08-23,4194.54
"3524","10010000",2008-08-24,4194.53
"3525","10010000",2008-08-25,4194.46
"3526","10010000",2008-08-26,4194.54
"3527","10010000",2008-08-27,4194.44
"3528","10010000",2008-08-28,4194.46
"3529","10010000",2008-08-29,4194.41
"3530","10010000",2008-08-30,4194.38
"3531","10010000",2008-08-31,4194.29
"3532","10010000",2008-09-01,4194.47
"3533","10010000",2008-09-02,4194.38
"3534","10010000",2008-09-03,4194.38
"3535","10010000",2008-09-04,4194.38
"3536","10010000",2008-09-05,4194.37
"3537","10010000",2008-09-06,4194.33
"3538","10010000",2008-09-07,4194.32
"3539","10010000",2008-09-08,4194.34
"3540","10010000",2008-09-09,4194.27
"3541","10010000",2008-09-10,4194.26
"3542","10010000",2008-09-11,4194.32
"3543","10010000",2008-09-12,4194.23
"3544","10010000",2008-09-13,4194.24
"3545","10010000",2008-09-14,4194.24
"3546","10010000",2008-09-15,4194.21
"3547","10010000",2008-09-16,4194.22
"3548","10010000",2008-09-17,4194.18
"3549","10010000",2008-09-18,4194.2
"3550","10010000",2008-09-19,4194.16
"3551","10010000",2008-09-20,4194.17
"3552","10010000",2008-09-21,4194.2
"3553","10010000",2008-09-22,4194.2
"3554","10010000",2008-09-23,4194.14
"3555","10010000",2008-09-24,4194.13
"3556","10010000",2008-09-25,4194.11
"3557","10010000",2008-09-26,4194.12
"3558","10010000",2008-09-27,4194.1
"3559","10010000",2008-09-28,4194.1
"3560","10010000",2008-09-29,4194.1
"3561","10010000",2008-09-30,4194.1
"3562","10010000",2008-10-01,4194.08
"3563","10010000",2008-10-02,4194.12
"3564","10010000",2008-10-03,4194.03
"3565","10010000",2008-10-04,4193.99
"3566","10010000",2008-10-05,4194.08
"3567","10010000",2008-10-06,4194.07
"3568","10010000",2008-10-07,4194.05
"3569","10010000",2008-10-08,4194.08
"3570","10010000",2008-10-09,4194.16
"3571","10010000",2008-10-10,4194.13
"3572","10010000",2008-10-11,4194.12
"3573","10010000",2008-10-12,4194.03
"3574","10010000",2008-10-13,4194
"3575","10010000",2008-10-14,4193.99
"3576","10010000",2008-10-15,4193.99
"3577","10010000",2008-10-16,4193.99
"3578","10010000",2008-10-17,4193.99
"3579","10010000",2008-10-18,4193.99
"3580","10010000",2008-10-19,4193.98
"3581","10010000",2008-10-20,4193.98
"3582","10010000",2008-10-21,4194.11
"3583","10010000",2008-10-22,4194
"3584","10010000",2008-10-23,4193.95
"3585","10010000",2008-10-24,4193.92
"3586","10010000",2008-10-25,4193.94
"3587","10010000",2008-10-26,4193.94
"3588","10010000",2008-10-27,4193.93
"3589","10010000",2008-10-28,4193.93
"3590","10010000",2008-10-29,4193.94
"3591","10010000",2008-10-30,4193.95
"3592","10010000",2008-10-31,4193.91
"3593","10010000",2008-11-01,4193.93
"3594","10010000",2008-11-02,4193.89
"3595","10010000",2008-11-03,4193.95
"3596","10010000",2008-11-04,4194.09
"3597","10010000",2008-11-05,4194.07
"3598","10010000",2008-11-06,4193.94
"3599","10010000",2008-11-07,4193.92
"3600","10010000",2008-11-08,4193.95
"3601","10010000",2008-11-09,4193.98
"3602","10010000",2008-11-10,4194
"3603","10010000",2008-11-11,4194.02
"3604","10010000",2008-11-12,4193.99
"3605","10010000",2008-11-13,4194.07
"3606","10010000",2008-11-14,4194.14
"3607","10010000",2008-11-15,4194.03
"3608","10010000",2008-11-16,4194.03
"3609","10010000",2008-11-17,4194.04
"3610","10010000",2008-11-18,4194.06
"3611","10010000",2008-11-19,4194.07
"3612","10010000",2008-11-20,4194.07
"3613","10010000",2008-11-21,4194.09
"3614","10010000",2008-11-22,4194.06
"3615","10010000",2008-11-23,4194.08
"3616","10010000",2008-11-24,4194.05
"3617","10010000",2008-11-25,4194.06
"3618","10010000",2008-11-26,4194.05
"3619","10010000",2008-11-27,4194.06
"3620","10010000",2008-11-28,4194.08
"3621","10010000",2008-11-29,4194.05
"3622","10010000",2008-11-30,4194.08
"3623","10010000",2008-12-01,4194.06
"3624","10010000",2008-12-02,4194.17
"3625","10010000",2008-12-03,4194.11
"3626","10010000",2008-12-04,4194.1
"3627","10010000",2008-12-05,4194.08
"3628","10010000",2008-12-06,4194.09
"3629","10010000",2008-12-07,4194.08
"3630","10010000",2008-12-08,4194.19
"3631","10010000",2008-12-09,4194.13
"3632","10010000",2008-12-10,4194.07
"3633","10010000",2008-12-11,4194.09
"3634","10010000",2008-12-12,4194.08
"3635","10010000",2008-12-13,4194.18
"3636","10010000",2008-12-14,4194.04
"3637","10010000",2008-12-15,4193.98
"3638","10010000",2008-12-16,4194.05
"3639","10010000",2008-12-17,4194.04
"3640","10010000",2008-12-18,4194.04
"3641","10010000",2008-12-19,4194
"3642","10010000",2008-12-20,4194.03
"3643","10010000",2008-12-21,4194.02
"3644","10010000",2008-12-22,4194.1
"3645","10010000",2008-12-23,4194.07
"3646","10010000",2008-12-24,4194
"3647","10010000",2008-12-25,4193.89
"3648","10010000",2008-12-26,4194.11
"3649","10010000",2008-12-27,4194.06
"3650","10010000",2008-12-28,4194.08
"3651","10010000",2008-12-29,4194.08
"3652","10010000",2008-12-30,4194.08
"3653","10010000",2008-12-31,4194.08
"3654","10010000",2009-01-01,4194.07
"3655","10010000",2009-01-02,4194.06
"3656","10010000",2009-01-03,4194.2
"3657","10010000",2009-01-04,4194.1
"3658","10010000",2009-01-05,4194.11
"3659","10010000",2009-01-06,4194.11
"3660","10010000",2009-01-07,4194.14
"3661","10010000",2009-01-08,4194.16
"3662","10010000",2009-01-09,4194.18
"3663","10010000",2009-01-10,4194.16
"3664","10010000",2009-01-11,4194.16
"3665","10010000",2009-01-12,4194.18
"3666","10010000",2009-01-13,4194.19
"3667","10010000",2009-01-14,4194.2
"3668","10010000",2009-01-15,4194.19
"3669","10010000",2009-01-16,4194.2
"3670","10010000",2009-01-17,4194.2
"3671","10010000",2009-01-18,4194.2
"3672","10010000",2009-01-19,4194.2
"3673","10010000",2009-01-20,4194.2
"3674","10010000",2009-01-21,4194.2
"3675","10010000",2009-01-22,4194.22
"3676","10010000",2009-01-23,4194.25
"3677","10010000",2009-01-24,4194.26
"3678","10010000",2009-01-25,4194.32
"3679","10010000",2009-01-26,4194.53
"3680","10010000",2009-01-27,4194.42
"3681","10010000",2009-01-28,4194.4
"3682","10010000",2009-01-29,4194.4
"3683","10010000",2009-01-30,4194.4
"3684","10010000",2009-01-31,4194.4
"3685","10010000",2009-02-01,4194.41
"3686","10010000",2009-02-02,4194.41
"3687","10010000",2009-02-03,4194.41
"3688","10010000",2009-02-04,4194.44
"3689","10010000",2009-02-05,4194.46
"3690","10010000",2009-02-06,4194.46
"3691","10010000",2009-02-07,4194.5
"3692","10010000",2009-02-08,4194.5
"3693","10010000",2009-02-09,4194.55
"3694","10010000",2009-02-10,4194.65
"3695","10010000",2009-02-11,4194.6
"3696","10010000",2009-02-12,4194.61
"3697","10010000",2009-02-13,4194.61
"3698","10010000",2009-02-14,4194.66
"3699","10010000",2009-02-15,4194.66
"3700","10010000",2009-02-16,4194.64
"3701","10010000",2009-02-17,4194.68
"3702","10010000",2009-02-18,4194.7
"3703","10010000",2009-02-19,4194.72
"3704","10010000",2009-02-20,4194.73
"3705","10010000",2009-02-21,4194.75
"3706","10010000",2009-02-22,4194.77
"3707","10010000",2009-02-23,4194.78
"3708","10010000",2009-02-24,4194.79
"3709","10010000",2009-02-25,4194.8
"3710","10010000",2009-02-26,4194.87
"3711","10010000",2009-02-27,4194.86
"3712","10010000",2009-02-28,4194.84
"3713","10010000",2009-03-01,4194.86
"3714","10010000",2009-03-02,4194.85
"3715","10010000",2009-03-03,4194.79
"3716","10010000",2009-03-04,4194.87
"3717","10010000",2009-03-05,4194.87
"3718","10010000",2009-03-06,4194.95
"3719","10010000",2009-03-07,4195.01
"3720","10010000",2009-03-08,4194.97
"3721","10010000",2009-03-09,4195.11
"3722","10010000",2009-03-10,4195.03
"3723","10010000",2009-03-11,4195.03
"3724","10010000",2009-03-12,4195.07
"3725","10010000",2009-03-13,4195.1
"3726","10010000",2009-03-14,4195.07
"3727","10010000",2009-03-15,4195.08
"3728","10010000",2009-03-16,4195.06
"3729","10010000",2009-03-17,4195.09
"3730","10010000",2009-03-18,4195.1
"3731","10010000",2009-03-19,4195.1
"3732","10010000",2009-03-20,4195.12
"3733","10010000",2009-03-21,4195.06
"3734","10010000",2009-03-22,4195.21
"3735","10010000",2009-03-23,4195.2
"3736","10010000",2009-03-24,4195.18
"3737","10010000",2009-03-25,4195.13
"3738","10010000",2009-03-26,4195.43
"3739","10010000",2009-03-27,4195.16
"3740","10010000",2009-03-28,4195.12
"3741","10010000",2009-03-29,4195.32
"3742","10010000",2009-03-30,4195.26
"3743","10010000",2009-03-31,4195.14
"3744","10010000",2009-04-01,4195.37
"3745","10010000",2009-04-02,4195.14
"3746","10010000",2009-04-03,4195.31
"3747","10010000",2009-04-04,4195.39
"3748","10010000",2009-04-05,4195.2
"3749","10010000",2009-04-06,4195.2
"3750","10010000",2009-04-07,4195.2
"3751","10010000",2009-04-08,4195.14
"3752","10010000",2009-04-09,4195.2
"3753","10010000",2009-04-10,4195.18
"3754","10010000",2009-04-11,4195.24
"3755","10010000",2009-04-12,4195.24
"3756","10010000",2009-04-13,4195.21
"3757","10010000",2009-04-14,4195.26
"3758","10010000",2009-04-15,4195.17
"3759","10010000",2009-04-16,4195.35
"3760","10010000",2009-04-17,4195.39
"3761","10010000",2009-04-18,4195.4
"3762","10010000",2009-04-19,4195.4
"3763","10010000",2009-04-20,4195.41
"3764","10010000",2009-04-21,4195.4
"3765","10010000",2009-04-22,4195.42
"3766","10010000",2009-04-23,4195.44
"3767","10010000",2009-04-24,4195.59
"3768","10010000",2009-04-25,4195.56
"3769","10010000",2009-04-26,4195.6
"3770","10010000",2009-04-27,4195.5
"3771","10010000",2009-04-28,4195.56
"3772","10010000",2009-04-29,4195.54
"3773","10010000",2009-04-30,4195.58
"3774","10010000",2009-05-01,4195.61
"3775","10010000",2009-05-02,4195.61
"3776","10010000",2009-05-03,4195.65
"3777","10010000",2009-05-04,4195.64
"3778","10010000",2009-05-05,4195.63
"3779","10010000",2009-05-06,4195.69
"3780","10010000",2009-05-07,4195.77
"3781","10010000",2009-05-08,4195.81
"3782","10010000",2009-05-09,4195.77
"3783","10010000",2009-05-10,4195.74
"3784","10010000",2009-05-11,4195.71
"3785","10010000",2009-05-12,4195.81
"3786","10010000",2009-05-13,4195.82
"3787","10010000",2009-05-14,4195.75
"3788","10010000",2009-05-15,4195.76
"3789","10010000",2009-05-16,4195.74
"3790","10010000",2009-05-17,4195.75
"3791","10010000",2009-05-18,4195.74
"3792","10010000",2009-05-19,4195.74
"3793","10010000",2009-05-20,4195.78
"3794","10010000",2009-05-21,4195.8
"3795","10010000",2009-05-22,4195.75
"3796","10010000",2009-05-23,4195.72
"3797","10010000",2009-05-24,4195.68
"3798","10010000",2009-05-25,4195.74
"3799","10010000",2009-05-26,4195.75
"3800","10010000",2009-05-27,4195.74
"3801","10010000",2009-05-28,4195.74
"3802","10010000",2009-05-29,4195.72
"3803","10010000",2009-05-30,4195.71
"3804","10010000",2009-05-31,4195.74
"3805","10010000",2009-06-01,4195.74
"3806","10010000",2009-06-02,4195.77
"3807","10010000",2009-06-03,4195.74
"3808","10010000",2009-06-04,4195.74
"3809","10010000",2009-06-05,4195.84
"3810","10010000",2009-06-06,4195.76
"3811","10010000",2009-06-07,4195.8
"3812","10010000",2009-06-08,4195.74
"3813","10010000",2009-06-09,4195.75
"3814","10010000",2009-06-10,4195.74
"3815","10010000",2009-06-11,4195.8
"3816","10010000",2009-06-12,4195.81
"3817","10010000",2009-06-13,4195.82
"3818","10010000",2009-06-14,4195.78
"3819","10010000",2009-06-15,4195.86
"3820","10010000",2009-06-16,4195.87
"3821","10010000",2009-06-17,4195.94
"3822","10010000",2009-06-18,4195.91
"3823","10010000",2009-06-19,4195.89
"3824","10010000",2009-06-20,4195.99
"3825","10010000",2009-06-21,4195.98
"3826","10010000",2009-06-22,4196.02
"3827","10010000",2009-06-23,4196.03
"3828","10010000",2009-06-24,4196.01
"3829","10010000",2009-06-25,4196
"3830","10010000",2009-06-26,4195.84
"3831","10010000",2009-06-27,4196.02
"3832","10010000",2009-06-28,4196.03
"3833","10010000",2009-06-29,4196.04
"3834","10010000",2009-06-30,4196.03
"3835","10010000",2009-07-01,4196.06
"3836","10010000",2009-07-02,4196
"3837","10010000",2009-07-03,4196.06
"3838","10010000",2009-07-04,4196.1
"3839","10010000",2009-07-05,4196.04
"3840","10010000",2009-07-06,4196.07
"3841","10010000",2009-07-07,4196.05
"3842","10010000",2009-07-08,4196.09
"3843","10010000",2009-07-09,4196.04
"3844","10010000",2009-07-10,4195.99
"3845","10010000",2009-07-11,4195.95
"3846","10010000",2009-07-12,4195.91
"3847","10010000",2009-07-13,4195.97
"3848","10010000",2009-07-14,4195.92
"3849","10010000",2009-07-15,4195.85
"3850","10010000",2009-07-16,4195.81
"3851","10010000",2009-07-17,4195.81
"3852","10010000",2009-07-18,4195.81
"3853","10010000",2009-07-19,4195.81
"3854","10010000",2009-07-20,4195.77
"3855","10010000",2009-07-21,4195.75
"3856","10010000",2009-07-22,4195.72
"3857","10010000",2009-07-23,4195.7
"3858","10010000",2009-07-24,4195.7
"3859","10010000",2009-07-25,4195.62
"3860","10010000",2009-07-26,4195.62
"3861","10010000",2009-07-27,4195.65
"3862","10010000",2009-07-28,4195.62
"3863","10010000",2009-07-29,4195.59
"3864","10010000",2009-07-30,4195.54
"3865","10010000",2009-07-31,4195.48
"3866","10010000",2009-08-01,4195.46
"3867","10010000",2009-08-02,4195.43
"3868","10010000",2009-08-03,4195.41
"3869","10010000",2009-08-04,4195.39
"3870","10010000",2009-08-05,4195.33
"3871","10010000",2009-08-06,4195.28
"3872","10010000",2009-08-07,4195.3
"3873","10010000",2009-08-08,4195.32
"3874","10010000",2009-08-09,4195.21
"3875","10010000",2009-08-10,4195.19
"3876","10010000",2009-08-11,4195.17
"3877","10010000",2009-08-12,4195.17
"3878","10010000",2009-08-13,4195.11
"3879","10010000",2009-08-14,4195.18
"3880","10010000",2009-08-15,4195.19
"3881","10010000",2009-08-16,4195.06
"3882","10010000",2009-08-17,4195.06
"3883","10010000",2009-08-18,4195.04
"3884","10010000",2009-08-19,4195
"3885","10010000",2009-08-20,4195
"3886","10010000",2009-08-21,4195
"3887","10010000",2009-08-22,4194.98
"3888","10010000",2009-08-23,4194.93
"3889","10010000",2009-08-24,4194.98
"3890","10010000",2009-08-25,4194.95
"3891","10010000",2009-08-26,4194.95
"3892","10010000",2009-08-27,4194.93
"3893","10010000",2009-08-28,4194.92
"3894","10010000",2009-08-29,4194.93
"3895","10010000",2009-08-30,4194.93
"3896","10010000",2009-08-31,4194.92
"3897","10010000",2009-09-01,4194.88
"3898","10010000",2009-09-02,4194.89
"3899","10010000",2009-09-03,4194.86
"3900","10010000",2009-09-04,4194.85
"3901","10010000",2009-09-05,4194.84
"3902","10010000",2009-09-06,4194.78
"3903","10010000",2009-09-07,4194.83
"3904","10010000",2009-09-08,4194.84
"3905","10010000",2009-09-09,4194.75
"3906","10010000",2009-09-10,4194.74
"3907","10010000",2009-09-11,4194.73
"3908","10010000",2009-09-12,4194.7
"3909","10010000",2009-09-13,4194.59
"3910","10010000",2009-09-14,4194.62
"3911","10010000",2009-09-15,4194.66
"3912","10010000",2009-09-16,4194.65
"3913","10010000",2009-09-17,4194.64
"3914","10010000",2009-09-18,4194.64
"3915","10010000",2009-09-19,4194.65
"3916","10010000",2009-09-20,4194.69
"3917","10010000",2009-09-21,4194.76
"3918","10010000",2009-09-22,4194.56
"3919","10010000",2009-09-23,4194.55
"3920","10010000",2009-09-24,4194.53
"3921","10010000",2009-09-25,4194.54
"3922","10010000",2009-09-26,4194.51
"3923","10010000",2009-09-27,4194.51
"3924","10010000",2009-09-28,4194.5
"3925","10010000",2009-09-29,4194.36
"3926","10010000",2009-09-30,4194.91
"3927","10010000",2009-10-01,4194.48
"3928","10010000",2009-10-02,4194.43
"3929","10010000",2009-10-03,4194.39
"3930","10010000",2009-10-04,4194.37
"3931","10010000",2009-10-05,4194.42
"3932","10010000",2009-10-06,4194.4
"3933","10010000",2009-10-07,4194.38
"3934","10010000",2009-10-08,4194.39
"3935","10010000",2009-10-09,4194.4
"3936","10010000",2009-10-10,4194.39
"3937","10010000",2009-10-11,4194.37
"3938","10010000",2009-10-12,4194.33
"3939","10010000",2009-10-13,4194.17
"3940","10010000",2009-10-14,4194.28
"3941","10010000",2009-10-15,4194.33
"3942","10010000",2009-10-16,4194.34
"3943","10010000",2009-10-17,4194.33
"3944","10010000",2009-10-18,4194.36
"3945","10010000",2009-10-19,4194.4
"3946","10010000",2009-10-20,4194.45
"3947","10010000",2009-10-21,4194.44
"3948","10010000",2009-10-22,4194.4
"3949","10010000",2009-10-23,4194.39
"3950","10010000",2009-10-24,4194.43
"3951","10010000",2009-10-25,4194.45
"3952","10010000",2009-10-26,4194.36
"3953","10010000",2009-10-27,4194.52
"3954","10010000",2009-10-28,4194.79
"3955","10010000",2009-10-29,4194.49
"3956","10010000",2009-10-30,4194.33
"3957","10010000",2009-10-31,4194.35
"3958","10010000",2009-11-01,4194.35
"3959","10010000",2009-11-02,4194.36
"3960","10010000",2009-11-03,4194.35
"3961","10010000",2009-11-04,4194.35
"3962","10010000",2009-11-05,4194.35
"3963","10010000",2009-11-06,4194.36
"3964","10010000",2009-11-07,4194.37
"3965","10010000",2009-11-08,4194.38
"3966","10010000",2009-11-09,4194.36
"3967","10010000",2009-11-10,4194.37
"3968","10010000",2009-11-11,4194.36
"3969","10010000",2009-11-12,4194.37
"3970","10010000",2009-11-13,4194.39
"3971","10010000",2009-11-14,4194.45
"3972","10010000",2009-11-15,4194.36
"3973","10010000",2009-11-16,4194.32
"3974","10010000",2009-11-17,4194.36
"3975","10010000",2009-11-18,4194.36
"3976","10010000",2009-11-19,4194.36
"3977","10010000",2009-11-20,4194.33
"3978","10010000",2009-11-21,4194.45
"3979","10010000",2009-11-22,4194.44
"3980","10010000",2009-11-23,4194.38
"3981","10010000",2009-11-24,4194.36
"3982","10010000",2009-11-25,4194.38
"3983","10010000",2009-11-26,4194.38
"3984","10010000",2009-11-27,4194.38
"3985","10010000",2009-11-28,4194.45
"3986","10010000",2009-11-29,4194.43
"3987","10010000",2009-11-30,4194.4
"3988","10010000",2009-12-01,4194.4
"3989","10010000",2009-12-02,4194.42
"3990","10010000",2009-12-03,4194.41
"3991","10010000",2009-12-04,4194.34
"3992","10010000",2009-12-05,4194.41
"3993","10010000",2009-12-06,4194.35
"3994","10010000",2009-12-07,4194.33
"3995","10010000",2009-12-08,4194.46
"3996","10010000",2009-12-09,4194.32
"3997","10010000",2009-12-10,4194.32
"3998","10010000",2009-12-11,4194.31
"3999","10010000",2009-12-12,4194.33
"4000","10010000",2009-12-13,4194.37
"4001","10010000",2009-12-14,4194.39
"4002","10010000",2009-12-15,4194.39
"4003","10010000",2009-12-16,4194.39
"4004","10010000",2009-12-17,4194.39
"4005","10010000",2009-12-18,4194.39
"4006","10010000",2009-12-19,4194.4
"4007","10010000",2009-12-20,4194.4
"4008","10010000",2009-12-21,4194.4
"4009","10010000",2009-12-22,4194.42
"4010","10010000",2009-12-23,4194.49
"4011","10010000",2009-12-24,4194.42
"4012","10010000",2009-12-25,4194.41
"4013","10010000",2009-12-26,4194.42
"4014","10010000",2009-12-27,4194.4
"4015","10010000",2009-12-28,4194.4
"4016","10010000",2009-12-29,4194.41
"4017","10010000",2009-12-30,4194.44
"4018","10010000",2009-12-31,4194.43
"4019","10010000",2010-01-01,4194.44
"4020","10010000",2010-01-02,4194.46
"4021","10010000",2010-01-03,4194.46
"4022","10010000",2010-01-04,4194.47
"4023","10010000",2010-01-05,4194.48
"4024","10010000",2010-01-06,4194.49
"4025","10010000",2010-01-07,4194.5
"4026","10010000",2010-01-08,4194.48
"4027","10010000",2010-01-09,4194.49
"4028","10010000",2010-01-10,4194.48
"4029","10010000",2010-01-11,4194.48
"4030","10010000",2010-01-12,4194.48
"4031","10010000",2010-01-13,4194.5
"4032","10010000",2010-01-14,4194.5
"4033","10010000",2010-01-15,4194.49
"4034","10010000",2010-01-16,4194.5
"4035","10010000",2010-01-17,4194.52
"4036","10010000",2010-01-18,4194.52
"4037","10010000",2010-01-19,4194.5
"4038","10010000",2010-01-20,4194.54
"4039","10010000",2010-01-21,4194.54
"4040","10010000",2010-01-22,4194.43
"4041","10010000",2010-01-23,4194.59
"4042","10010000",2010-01-24,4194.6
"4043","10010000",2010-01-25,4194.59
"4044","10010000",2010-01-26,4194.6
"4045","10010000",2010-01-27,4194.6
"4046","10010000",2010-01-28,4194.61
"4047","10010000",2010-01-29,4194.62
"4048","10010000",2010-01-30,4194.61
"4049","10010000",2010-01-31,4194.61
"4050","10010000",2010-02-01,4194.63
"4051","10010000",2010-02-02,4194.66
"4052","10010000",2010-02-03,4194.67
"4053","10010000",2010-02-04,4194.68
"4054","10010000",2010-02-05,4194.7
"4055","10010000",2010-02-06,4194.74
"4056","10010000",2010-02-07,4194.79
"4057","10010000",2010-02-08,4194.78
"4058","10010000",2010-02-09,4194.76
"4059","10010000",2010-02-10,4194.78
"4060","10010000",2010-02-11,4194.78
"4061","10010000",2010-02-12,4194.78
"4062","10010000",2010-02-13,4194.8
"4063","10010000",2010-02-14,4194.81
"4064","10010000",2010-02-15,4194.82
"4065","10010000",2010-02-16,4194.86
"4066","10010000",2010-02-17,4194.87
"4067","10010000",2010-02-18,4194.88
"4068","10010000",2010-02-19,4194.9
"4069","10010000",2010-02-20,4194.92
"4070","10010000",2010-02-21,4194.92
"4071","10010000",2010-02-22,4194.98
"4072","10010000",2010-02-23,4194.92
"4073","10010000",2010-02-24,4194.92
"4074","10010000",2010-02-25,4194.96
"4075","10010000",2010-02-26,4194.95
"4076","10010000",2010-02-27,4194.99
"4077","10010000",2010-02-28,4195.04
"4078","10010000",2010-03-01,4195.03
"4079","10010000",2010-03-02,4195.02
"4080","10010000",2010-03-03,4195.02
"4081","10010000",2010-03-04,4195.06
"4082","10010000",2010-03-05,4195.06
"4083","10010000",2010-03-06,4195.1
"4084","10010000",2010-03-07,4195.12
"4085","10010000",2010-03-08,4195.16
"4086","10010000",2010-03-09,4195.27
"4087","10010000",2010-03-10,4195.31
"4088","10010000",2010-03-11,4195.22
"4089","10010000",2010-03-12,4195.2
"4090","10010000",2010-03-13,4195.48
"4091","10010000",2010-03-14,4195.54
"4092","10010000",2010-03-15,4195.34
"4093","10010000",2010-03-16,4195.3
"4094","10010000",2010-03-17,4195.3
"4095","10010000",2010-03-18,4195.43
"4096","10010000",2010-03-19,4195.49
"4097","10010000",2010-03-20,4195.34
"4098","10010000",2010-03-21,4195.33
"4099","10010000",2010-03-22,4195.39
"4100","10010000",2010-03-23,4195.48
"4101","10010000",2010-03-24,4195.4
"4102","10010000",2010-03-25,4195.39
"4103","10010000",2010-03-26,4195.43
"4104","10010000",2010-03-27,4195.37
"4105","10010000",2010-03-28,4195.3
"4106","10010000",2010-03-29,4195.29
"4107","10010000",2010-03-30,4195.24
"4108","10010000",2010-03-31,4195.36
"4109","10010000",2010-04-01,4195.38
"4110","10010000",2010-04-02,4195.31
"4111","10010000",2010-04-03,4195.36
"4112","10010000",2010-04-04,4195.28
"4113","10010000",2010-04-05,4195.35
"4114","10010000",2010-04-06,4195.51
"4115","10010000",2010-04-07,4195.37
"4116","10010000",2010-04-08,4195.31
"4117","10010000",2010-04-09,4195.47
"4118","10010000",2010-04-10,4195.34
"4119","10010000",2010-04-11,4195.27
"4120","10010000",2010-04-12,4195.3
"4121","10010000",2010-04-13,4195.28
"4122","10010000",2010-04-14,4195.3
"4123","10010000",2010-04-15,4195.32
"4124","10010000",2010-04-16,4195.33
"4125","10010000",2010-04-17,4195.33
"4126","10010000",2010-04-18,4195.34
"4127","10010000",2010-04-19,4195.33
"4128","10010000",2010-04-20,4195.29
"4129","10010000",2010-04-21,4195.45
"4130","10010000",2010-04-22,4195.38
"4131","10010000",2010-04-23,4195.51
"4132","10010000",2010-04-24,4195.41
"4133","10010000",2010-04-25,4195.51
"4134","10010000",2010-04-26,4195.44
"4135","10010000",2010-04-27,4195.24
"4136","10010000",2010-04-28,4195.5
"4137","10010000",2010-04-29,4195.56
"4138","10010000",2010-04-30,4195.39
"4139","10010000",2010-05-01,4195.39
"4140","10010000",2010-05-02,4195.51
"4141","10010000",2010-05-03,4195.36
"4142","10010000",2010-05-04,4195.52
"4143","10010000",2010-05-05,4195.45
"4144","10010000",2010-05-06,4195.52
"4145","10010000",2010-05-07,4195.41
"4146","10010000",2010-05-08,4195.39
"4147","10010000",2010-05-09,4195.43
"4148","10010000",2010-05-10,4195.5
"4149","10010000",2010-05-11,4195.46
"4150","10010000",2010-05-12,4195.53
"4151","10010000",2010-05-13,4195.44
"4152","10010000",2010-05-14,4195.43
"4153","10010000",2010-05-15,4195.41
"4154","10010000",2010-05-16,4195.41
"4155","10010000",2010-05-17,4195.39
"4156","10010000",2010-05-18,4195.39
"4157","10010000",2010-05-19,4195.41
"4158","10010000",2010-05-20,4195.44
"4159","10010000",2010-05-21,4195.49
"4160","10010000",2010-05-22,4195.5
"4161","10010000",2010-05-23,4195.52
"4162","10010000",2010-05-24,4195.46
"4163","10010000",2010-05-25,4195.42
"4164","10010000",2010-05-26,4195.42
"4165","10010000",2010-05-27,4195.37
"4166","10010000",2010-05-28,4195.55
"4167","10010000",2010-05-29,4195.49
"4168","10010000",2010-05-30,4195.44
"4169","10010000",2010-05-31,4195.44
"4170","10010000",2010-06-01,4195.5
"4171","10010000",2010-06-02,4195.46
"4172","10010000",2010-06-03,4195.51
"4173","10010000",2010-06-04,4195.52
"4174","10010000",2010-06-05,4195.5
"4175","10010000",2010-06-06,4195.52
"4176","10010000",2010-06-07,4195.7
"4177","10010000",2010-06-08,4195.54
"4178","10010000",2010-06-09,4195.55
"4179","10010000",2010-06-10,4195.6
"4180","10010000",2010-06-11,4195.69
"4181","10010000",2010-06-12,4195.62
"4182","10010000",2010-06-13,4195.62
"4183","10010000",2010-06-14,4195.62
"4184","10010000",2010-06-15,4195.62
"4185","10010000",2010-06-16,4195.78
"4186","10010000",2010-06-17,4195.64
"4187","10010000",2010-06-18,4195.68
"4188","10010000",2010-06-19,4195.61
"4189","10010000",2010-06-20,4195.6
"4190","10010000",2010-06-21,4195.71
"4191","10010000",2010-06-22,4195.68
"4192","10010000",2010-06-23,4195.62
"4193","10010000",2010-06-24,4195.61
"4194","10010000",2010-06-25,4195.63
"4195","10010000",2010-06-26,4195.68
"4196","10010000",2010-06-27,4195.62
"4197","10010000",2010-06-28,4195.6
"4198","10010000",2010-06-29,4195.53
"4199","10010000",2010-06-30,4195.43
"4200","10010000",2010-07-01,4195.49
"4201","10010000",2010-07-02,4195.48
"4202","10010000",2010-07-03,4195.57
"4203","10010000",2010-07-04,4195.5
"4204","10010000",2010-07-05,4195.4
"4205","10010000",2010-07-06,4195.48
"4206","10010000",2010-07-07,4195.43
"4207","10010000",2010-07-08,4195.34
"4208","10010000",2010-07-09,4195.29
"4209","10010000",2010-07-10,4195.28
"4210","10010000",2010-07-11,4195.29
"4211","10010000",2010-07-12,4195.26
"4212","10010000",2010-07-13,4195.25
"4213","10010000",2010-07-14,4195.31
"4214","10010000",2010-07-15,4195.21
"4215","10010000",2010-07-16,4195.19
"4216","10010000",2010-07-17,4195.17
"4217","10010000",2010-07-18,4195.15
"4218","10010000",2010-07-19,4195.15
"4219","10010000",2010-07-20,4195.15
"4220","10010000",2010-07-21,4195.03
"4221","10010000",2010-07-22,4195.08
"4222","10010000",2010-07-23,4195.04
"4223","10010000",2010-07-24,4195.04
"4224","10010000",2010-07-25,4195
"4225","10010000",2010-07-26,4195.01
"4226","10010000",2010-07-27,4194.92
"4227","10010000",2010-07-28,4194.91
"4228","10010000",2010-07-29,4194.92
"4229","10010000",2010-07-30,4194.92
"4230","10010000",2010-07-31,4194.86
"4231","10010000",2010-08-01,4194.86
"4232","10010000",2010-08-02,4194.88
"4233","10010000",2010-08-03,4194.78
"4234","10010000",2010-08-04,4194.76
"4235","10010000",2010-08-05,4194.71
"4236","10010000",2010-08-06,4194.72
"4237","10010000",2010-08-07,4194.61
"4238","10010000",2010-08-08,4194.66
"4239","10010000",2010-08-09,4194.57
"4240","10010000",2010-08-10,4194.6
"4241","10010000",2010-08-11,4194.51
"4242","10010000",2010-08-12,4194.61
"4243","10010000",2010-08-13,4194.56
"4244","10010000",2010-08-14,4194.62
"4245","10010000",2010-08-15,4194.52
"4246","10010000",2010-08-16,4194.51
"4247","10010000",2010-08-17,4194.48
"4248","10010000",2010-08-18,4194.42
"4249","10010000",2010-08-19,4194.37
"4250","10010000",2010-08-20,4194.4
"4251","10010000",2010-08-21,4194.31
"4252","10010000",2010-08-22,4194.49
"4253","10010000",2010-08-23,4194.37
"4254","10010000",2010-08-24,4194.34
"4255","10010000",2010-08-25,4194.32
"4256","10010000",2010-08-26,4194.3
"4257","10010000",2010-08-27,4194.26
"4258","10010000",2010-08-28,4194.08
"4259","10010000",2010-08-29,4194.35
"4260","10010000",2010-08-30,4194.29
"4261","10010000",2010-08-31,4194.2
"4262","10010000",2010-09-01,4194.19
"4263","10010000",2010-09-02,4194.24
"4264","10010000",2010-09-03,4194.18
"4265","10010000",2010-09-04,4194.17
"4266","10010000",2010-09-05,4194.28
"4267","10010000",2010-09-06,4194.15
"4268","10010000",2010-09-07,4194.08
"4269","10010000",2010-09-08,4193.93
"4270","10010000",2010-09-09,4194.1
"4271","10010000",2010-09-10,4194.05
"4272","10010000",2010-09-11,4193.98
"4273","10010000",2010-09-12,4193.99
"4274","10010000",2010-09-13,4193.98
"4275","10010000",2010-09-14,4193.97
"4276","10010000",2010-09-15,4193.97
"4277","10010000",2010-09-16,4193.96
"4278","10010000",2010-09-17,4193.92
"4279","10010000",2010-09-18,4193.93
"4280","10010000",2010-09-19,4193.85
"4281","10010000",2010-09-20,4193.95
"4282","10010000",2010-09-21,4193.89
"4283","10010000",2010-09-22,4193.86
"4284","10010000",2010-09-23,4193.87
"4285","10010000",2010-09-24,4193.84
"4286","10010000",2010-09-25,4193.85
"4287","10010000",2010-09-26,4193.83
"4288","10010000",2010-09-27,4193.83
"4289","10010000",2010-09-28,4193.82
"4290","10010000",2010-09-29,4193.81
"4291","10010000",2010-09-30,4193.81
"4292","10010000",2010-10-01,4193.81
"4293","10010000",2010-10-02,4193.8
"4294","10010000",2010-10-03,4193.76
"4295","10010000",2010-10-04,4193.65
"4296","10010000",2010-10-05,4193.72
"4297","10010000",2010-10-06,4193.7
"4298","10010000",2010-10-07,4193.75
"4299","10010000",2010-10-08,4193.7
"4300","10010000",2010-10-09,4193.7
"4301","10010000",2010-10-10,4193.69
"4302","10010000",2010-10-11,4193.69
"4303","10010000",2010-10-12,4193.72
"4304","10010000",2010-10-13,4193.7
"4305","10010000",2010-10-14,4193.69
"4306","10010000",2010-10-15,4193.68
"4307","10010000",2010-10-16,4193.67
"4308","10010000",2010-10-17,4193.65
"4309","10010000",2010-10-18,4193.66
"4310","10010000",2010-10-19,4193.67
"4311","10010000",2010-10-20,4193.63
"4312","10010000",2010-10-21,4193.62
"4313","10010000",2010-10-22,4193.62
"4314","10010000",2010-10-23,4193.62
"4315","10010000",2010-10-24,4193.48
"4316","10010000",2010-10-25,4193.92
"4317","10010000",2010-10-26,4193.77
"4318","10010000",2010-10-27,4193.67
"4319","10010000",2010-10-28,4193.64
"4320","10010000",2010-10-29,4193.67
"4321","10010000",2010-10-30,4193.67
"4322","10010000",2010-10-31,4193.65
"4323","10010000",2010-11-01,4193.68
"4324","10010000",2010-11-02,4193.69
"4325","10010000",2010-11-03,4193.68
"4326","10010000",2010-11-04,4193.69
"4327","10010000",2010-11-05,4193.7
"4328","10010000",2010-11-06,4193.69
"4329","10010000",2010-11-07,4193.64
"4330","10010000",2010-11-08,4193.79
"4331","10010000",2010-11-09,4193.77
"4332","10010000",2010-11-10,4193.75
"4333","10010000",2010-11-11,4193.83
"4334","10010000",2010-11-12,4193.74
"4335","10010000",2010-11-13,4193.78
"4336","10010000",2010-11-14,4193.73
"4337","10010000",2010-11-15,4193.8
"4338","10010000",2010-11-16,4193.94
"4339","10010000",2010-11-17,4193.73
"4340","10010000",2010-11-18,4193.76
"4341","10010000",2010-11-19,4193.71
"4342","10010000",2010-11-20,4193.7
"4343","10010000",2010-11-21,4193.7
"4344","10010000",2010-11-22,4193.66
"4345","10010000",2010-11-23,4193.55
"4346","10010000",2010-11-24,4193.87
"4347","10010000",2010-11-25,4193.74
"4348","10010000",2010-11-26,4193.74
"4349","10010000",2010-11-27,4193.76
"4350","10010000",2010-11-28,4193.81
"4351","10010000",2010-11-29,4193.88
"4352","10010000",2010-11-30,4193.78
"4353","10010000",2010-12-01,4193.8
"4354","10010000",2010-12-02,4193.8
"4355","10010000",2010-12-03,4193.82
"4356","10010000",2010-12-04,4193.81
"4357","10010000",2010-12-05,4193.8
"4358","10010000",2010-12-06,4193.83
"4359","10010000",2010-12-07,4193.86
"4360","10010000",2010-12-08,4193.87
"4361","10010000",2010-12-09,4193.89
"4362","10010000",2010-12-10,4193.93
"4363","10010000",2010-12-11,4193.94
"4364","10010000",2010-12-12,4193.96
"4365","10010000",2010-12-13,4193.98
"4366","10010000",2010-12-14,4194.01
"4367","10010000",2010-12-15,4194.15
"4368","10010000",2010-12-16,4194.08
"4369","10010000",2010-12-17,4194.05
"4370","10010000",2010-12-18,4194.09
"4371","10010000",2010-12-19,4194.07
"4372","10010000",2010-12-20,4194.18
"4373","10010000",2010-12-21,4194.19
"4374","10010000",2010-12-22,4194.24
"4375","10010000",2010-12-23,4194.34
"4376","10010000",2010-12-24,4194.36
"4377","10010000",2010-12-25,4194.4
"4378","10010000",2010-12-26,4194.41
"4379","10010000",2010-12-27,4194.42
"4380","10010000",2010-12-28,4194.43
"4381","10010000",2010-12-29,4194.49
"4382","10010000",2010-12-30,4194.71
"4383","10010000",2010-12-31,4194.62
"4384","10010000",2011-01-01,4194.52
"4385","10010000",2011-01-02,4194.54
"4386","10010000",2011-01-03,4194.57
"4387","10010000",2011-01-04,4194.56
"4388","10010000",2011-01-05,4194.56
"4389","10010000",2011-01-06,4194.59
"4390","10010000",2011-01-07,4194.58
"4391","10010000",2011-01-08,4194.59
"4392","10010000",2011-01-09,4194.6
"4393","10010000",2011-01-10,4194.57
"4394","10010000",2011-01-11,4194.58
"4395","10010000",2011-01-12,4194.6
"4396","10010000",2011-01-13,4194.61
"4397","10010000",2011-01-14,4194.61
"4398","10010000",2011-01-15,4194.6
"4399","10010000",2011-01-16,4194.59
"4400","10010000",2011-01-17,4194.61
"4401","10010000",2011-01-18,4194.61
"4402","10010000",2011-01-19,4194.75
"4403","10010000",2011-01-20,4194.68
"4404","10010000",2011-01-21,4194.68
"4405","10010000",2011-01-22,4194.74
"4406","10010000",2011-01-23,4194.7
"4407","10010000",2011-01-24,4194.71
"4408","10010000",2011-01-25,4194.74
"4409","10010000",2011-01-26,4194.76
"4410","10010000",2011-01-27,4194.78
"4411","10010000",2011-01-28,4194.79
"4412","10010000",2011-01-29,4194.8
"4413","10010000",2011-01-30,4194.81
"4414","10010000",2011-01-31,4194.89
"4415","10010000",2011-02-01,4195.08
"4416","10010000",2011-02-02,4194.87
"4417","10010000",2011-02-03,4194.86
"4418","10010000",2011-02-04,4194.85
"4419","10010000",2011-02-05,4194.87
"4420","10010000",2011-02-06,4194.87
"4421","10010000",2011-02-07,4194.95
"4422","10010000",2011-02-08,4194.94
"4423","10010000",2011-02-09,4194.91
"4424","10010000",2011-02-10,4194.9
"4425","10010000",2011-02-11,4194.9
"4426","10010000",2011-02-12,4194.9
"4427","10010000",2011-02-13,4194.92
"4428","10010000",2011-02-14,4194.94
"4429","10010000",2011-02-15,4194.92
"4430","10010000",2011-02-16,4194.92
"4431","10010000",2011-02-17,4194.93
"4432","10010000",2011-02-18,4194.96
"4433","10010000",2011-02-19,4195
"4434","10010000",2011-02-20,4195.04
"4435","10010000",2011-02-21,4195.08
"4436","10010000",2011-02-22,4195.08
"4437","10010000",2011-02-23,4195.11
"4438","10010000",2011-02-24,4195.12
"4439","10010000",2011-02-25,4195.05
"4440","10010000",2011-02-26,4195.23
"4441","10010000",2011-02-27,4195.26
"4442","10010000",2011-02-28,4195.21
"4443","10010000",2011-03-01,4195.23
"4444","10010000",2011-03-02,4195.25
"4445","10010000",2011-03-03,4195.31
"4446","10010000",2011-03-04,4195.33
"4447","10010000",2011-03-05,4195.34
"4448","10010000",2011-03-06,4195.35
"4449","10010000",2011-03-07,4195.45
"4450","10010000",2011-03-08,4195.48
"4451","10010000",2011-03-09,4195.44
"4452","10010000",2011-03-10,4195.38
"4453","10010000",2011-03-11,4195.52
"4454","10010000",2011-03-12,4195.54
"4455","10010000",2011-03-13,4195.5
"4456","10010000",2011-03-14,4195.53
"4457","10010000",2011-03-15,4195.56
"4458","10010000",2011-03-16,4195.65
"4459","10010000",2011-03-17,4195.67
"4460","10010000",2011-03-18,4195.59
"4461","10010000",2011-03-19,4195.5
"4462","10010000",2011-03-20,4195.45
"4463","10010000",2011-03-21,4195.51
"4464","10010000",2011-03-22,4195.65
"4465","10010000",2011-03-23,4195.66
"4466","10010000",2011-03-24,4195.7
"4467","10010000",2011-03-25,4195.72
"4468","10010000",2011-03-26,4195.71
"4469","10010000",2011-03-27,4195.84
"4470","10010000",2011-03-28,4195.95
"4471","10010000",2011-03-29,4195.86
"4472","10010000",2011-03-30,4195.88
"4473","10010000",2011-03-31,4195.9
"4474","10010000",2011-04-01,4195.91
"4475","10010000",2011-04-02,4195.97
"4476","10010000",2011-04-03,4196.1
"4477","10010000",2011-04-04,4195.96
"4478","10010000",2011-04-05,4196.04
"4479","10010000",2011-04-06,4195.99
"4480","10010000",2011-04-07,4196.04
"4481","10010000",2011-04-08,4196.12
"4482","10010000",2011-04-09,4196.16
"4483","10010000",2011-04-10,4196.24
"4484","10010000",2011-04-11,4196.22
"4485","10010000",2011-04-12,4196.31
"4486","10010000",2011-04-13,4196.45
"4487","10010000",2011-04-14,4196.44
"4488","10010000",2011-04-15,4196.34
"4489","10010000",2011-04-16,4196.35
"4490","10010000",2011-04-17,4196.4
"4491","10010000",2011-04-18,4196.44
"4492","10010000",2011-04-19,4196.55
"4493","10010000",2011-04-20,4196.52
"4494","10010000",2011-04-21,4196.66
"4495","10010000",2011-04-22,4196.66
"4496","10010000",2011-04-23,4196.6
"4497","10010000",2011-04-24,4196.6
"4498","10010000",2011-04-25,4196.7
"4499","10010000",2011-04-26,4196.86
"4500","10010000",2011-04-27,4196.7
"4501","10010000",2011-04-28,4196.69
"4502","10010000",2011-04-29,4196.9
"4503","10010000",2011-04-30,4196.83
"4504","10010000",2011-05-01,4196.81
"4505","10010000",2011-05-02,4196.78
"4506","10010000",2011-05-03,4196.87
"4507","10010000",2011-05-04,4196.9
"4508","10010000",2011-05-05,4196.86
"4509","10010000",2011-05-06,4196.86
"4510","10010000",2011-05-07,4196.89
"4511","10010000",2011-05-08,4197.02
"4512","10010000",2011-05-09,4197.18
"4513","10010000",2011-05-10,4197.08
"4514","10010000",2011-05-11,4197.12
"4515","10010000",2011-05-12,4197.1
"4516","10010000",2011-05-13,4197.13
"4517","10010000",2011-05-14,4197.09
"4518","10010000",2011-05-15,4197.06
"4519","10010000",2011-05-16,4197.18
"4520","10010000",2011-05-17,4197.1
"4521","10010000",2011-05-18,4197.22
"4522","10010000",2011-05-19,4197.33
"4523","10010000",2011-05-20,4197.37
"4524","10010000",2011-05-21,4197.38
"4525","10010000",2011-05-22,4197.44
"4526","10010000",2011-05-23,4197.42
"4527","10010000",2011-05-24,4197.57
"4528","10010000",2011-05-25,4197.57
"4529","10010000",2011-05-26,4197.62
"4530","10010000",2011-05-27,4197.62
"4531","10010000",2011-05-28,4197.69
"4532","10010000",2011-05-29,4197.79
"4533","10010000",2011-05-30,4197.88
"4534","10010000",2011-05-31,4197.83
"4535","10010000",2011-06-01,4197.84
"4536","10010000",2011-06-02,4197.97
"4537","10010000",2011-06-03,4198.04
"4538","10010000",2011-06-04,4198.02
"4539","10010000",2011-06-05,4198.06
"4540","10010000",2011-06-06,4198.07
"4541","10010000",2011-06-07,4198.06
"4542","10010000",2011-06-08,4198.13
"4543","10010000",2011-06-09,4198.2
"4544","10010000",2011-06-10,4198.2
"4545","10010000",2011-06-11,4198.2
"4546","10010000",2011-06-12,4198.29
"4547","10010000",2011-06-13,4198.25
"4548","10010000",2011-06-14,4198.26
"4549","10010000",2011-06-15,4198.28
"4550","10010000",2011-06-16,4198.48
"4551","10010000",2011-06-17,4198.33
"4552","10010000",2011-06-18,4198.34
"4553","10010000",2011-06-19,4198.46
"4554","10010000",2011-06-20,4198.39
"4555","10010000",2011-06-21,4198.4
"4556","10010000",2011-06-22,4198.4
"4557","10010000",2011-06-23,4198.41
"4558","10010000",2011-06-24,4198.46
"4559","10010000",2011-06-25,4198.52
"4560","10010000",2011-06-26,4198.53
"4561","10010000",2011-06-27,4198.5
"4562","10010000",2011-06-28,4198.38
"4563","10010000",2011-06-29,4198.36
"4564","10010000",2011-06-30,4198.46
"4565","10010000",2011-07-01,4198.46
"4566","10010000",2011-07-02,4198.44
"4567","10010000",2011-07-03,4198.42
"4568","10010000",2011-07-04,4198.38
"4569","10010000",2011-07-05,4198.42
"4570","10010000",2011-07-06,4198.42
"4571","10010000",2011-07-07,4198.47
"4572","10010000",2011-07-08,4198.47
"4573","10010000",2011-07-09,4198.48
"4574","10010000",2011-07-10,4198.38
"4575","10010000",2011-07-11,4198.4
"4576","10010000",2011-07-12,4198.4
"4577","10010000",2011-07-13,4198.33
"4578","10010000",2011-07-14,4198.32
"4579","10010000",2011-07-15,4198.38
"4580","10010000",2011-07-16,4198.36
"4581","10010000",2011-07-17,4198.31
"4582","10010000",2011-07-18,4198.29
"4583","10010000",2011-07-19,4198.32
"4584","10010000",2011-07-20,4198.38
"4585","10010000",2011-07-21,4198.31
"4586","10010000",2011-07-22,4198.3
"4587","10010000",2011-07-23,4198.34
"4588","10010000",2011-07-24,4198.26
"4589","10010000",2011-07-25,4198.17
"4590","10010000",2011-07-26,4198.17
"4591","10010000",2011-07-27,4198.21
"4592","10010000",2011-07-28,4198.2
"4593","10010000",2011-07-29,4198.2
"4594","10010000",2011-07-30,4198.21
"4595","10010000",2011-07-31,4198.15
"4596","10010000",2011-08-01,4198.2
"4597","10010000",2011-08-02,4198.21
"4598","10010000",2011-08-03,4198.17
"4599","10010000",2011-08-04,4198.12
"4600","10010000",2011-08-05,4198.16
"4601","10010000",2011-08-06,4198.15
"4602","10010000",2011-08-07,4198.14
"4603","10010000",2011-08-08,4198.11
"4604","10010000",2011-08-09,4198.12
"4605","10010000",2011-08-10,4198.11
"4606","10010000",2011-08-11,4198.08
"4607","10010000",2011-08-12,4198.09
"4608","10010000",2011-08-13,4198.04
"4609","10010000",2011-08-14,4197.95
"4610","10010000",2011-08-15,4197.97
"4611","10010000",2011-08-16,4198.06
"4612","10010000",2011-08-17,4197.96
"4613","10010000",2011-08-18,4197.96
"4614","10010000",2011-08-19,4197.96
"4615","10010000",2011-08-20,4197.92
"4616","10010000",2011-08-21,4197.9
"4617","10010000",2011-08-22,4197.86
"4618","10010000",2011-08-23,4197.9
"4619","10010000",2011-08-24,4197.88
"4620","10010000",2011-08-25,4197.82
"4621","10010000",2011-08-26,4197.81
"4622","10010000",2011-08-27,4197.84
"4623","10010000",2011-08-28,4197.77
"4624","10010000",2011-08-29,4197.78
"4625","10010000",2011-08-30,4197.76
"4626","10010000",2011-08-31,4197.67
"4627","10010000",2011-09-01,4197.78
"4628","10010000",2011-09-02,4197.75
"4629","10010000",2011-09-03,4197.71
"4630","10010000",2011-09-04,4197.67
"4631","10010000",2011-09-05,4197.65
"4632","10010000",2011-09-06,4197.64
"4633","10010000",2011-09-07,4197.61
"4634","10010000",2011-09-08,4197.6
"4635","10010000",2011-09-09,4197.6
"4636","10010000",2011-09-10,4197.56
"4637","10010000",2011-09-11,4197.55
"4638","10010000",2011-09-12,4197.55
"4639","10010000",2011-09-13,4197.56
"4640","10010000",2011-09-14,4197.53
"4641","10010000",2011-09-15,4197.5
"4642","10010000",2011-09-16,4197.51
"4643","10010000",2011-09-17,4197.52
"4644","10010000",2011-09-18,4197.51
"4645","10010000",2011-09-19,4197.5
"4646","10010000",2011-09-20,4197.5
"4647","10010000",2011-09-21,4197.5
"4648","10010000",2011-09-22,4197.5
"4649","10010000",2011-09-23,4197.49
"4650","10010000",2011-09-24,4197.49
"4651","10010000",2011-09-25,4197.48
"4652","10010000",2011-09-26,4197.51
"4653","10010000",2011-09-27,4197.47
"4654","10010000",2011-09-28,4197.47
"4655","10010000",2011-09-29,4197.49
"4656","10010000",2011-09-30,4197.45
"4657","10010000",2011-10-01,4197.43
"4658","10010000",2011-10-02,4197.41
"4659","10010000",2011-10-03,4197.38
"4660","10010000",2011-10-04,4197.37
"4661","10010000",2011-10-05,4197.07
"4662","10010000",2011-10-06,4197.55
"4663","10010000",2011-10-07,4197.42
"4664","10010000",2011-10-08,4197.48
"4665","10010000",2011-10-09,4197.45
"4666","10010000",2011-10-10,4197.47
"4667","10010000",2011-10-11,4197.48
"4668","10010000",2011-10-12,4197.5
"4669","10010000",2011-10-13,4197.49
"4670","10010000",2011-10-14,4197.5
"4671","10010000",2011-10-15,4197.52
"4672","10010000",2011-10-16,4197.59
"4673","10010000",2011-10-17,4197.57
"4674","10010000",2011-10-18,4197.55
"4675","10010000",2011-10-19,4197.55
"4676","10010000",2011-10-20,4197.58
"4677","10010000",2011-10-21,4197.56
"4678","10010000",2011-10-22,4197.59
"4679","10010000",2011-10-23,4197.58
"4680","10010000",2011-10-24,4197.62
"4681","10010000",2011-10-25,4197.68
"4682","10010000",2011-10-26,4197.76
"4683","10010000",2011-10-27,4197.59
"4684","10010000",2011-10-28,4197.56
"4685","10010000",2011-10-29,4197.56
"4686","10010000",2011-10-30,4197.58
"4687","10010000",2011-10-31,4197.6
"4688","10010000",2011-11-01,4197.82
"4689","10010000",2011-11-02,4197.65
"4690","10010000",2011-11-03,4197.62
"4691","10010000",2011-11-04,4197.64
"4692","10010000",2011-11-05,4197.67
"4693","10010000",2011-11-06,4197.6
"4694","10010000",2011-11-07,4197.72
"4695","10010000",2011-11-08,4197.64
"4696","10010000",2011-11-09,4197.6
"4697","10010000",2011-11-10,4197.55
"4698","10010000",2011-11-11,4197.54
"4699","10010000",2011-11-12,4197.56
"4700","10010000",2011-11-13,4197.56
"4701","10010000",2011-11-14,4197.58
"4702","10010000",2011-11-15,4197.64
"4703","10010000",2011-11-16,4197.62
"4704","10010000",2011-11-17,4197.58
"4705","10010000",2011-11-18,4197.65
"4706","10010000",2011-11-19,4197.66
"4707","10010000",2011-11-20,4197.65
"4708","10010000",2011-11-21,4197.64
"4709","10010000",2011-11-22,4197.64
"4710","10010000",2011-11-23,4197.65
"4711","10010000",2011-11-24,4197.68
"4712","10010000",2011-11-25,4197.78
"4713","10010000",2011-11-26,4197.7
"4714","10010000",2011-11-27,4197.68
"4715","10010000",2011-11-28,4197.7
"4716","10010000",2011-11-29,4197.75
"4717","10010000",2011-11-30,4197.81
"4718","10010000",2011-12-01,4198.09
"4719","10010000",2011-12-02,4197.83
"4720","10010000",2011-12-03,4197.94
"4721","10010000",2011-12-04,4197.8
"4722","10010000",2011-12-05,4197.82
"4723","10010000",2011-12-06,4197.78
"4724","10010000",2011-12-07,4197.78
"4725","10010000",2011-12-08,4197.81
"4726","10010000",2011-12-09,4197.79
"4727","10010000",2011-12-10,4197.79
"4728","10010000",2011-12-11,4197.79
"4729","10010000",2011-12-12,4197.79
"4730","10010000",2011-12-13,4197.79
"4731","10010000",2011-12-14,4197.8
"4732","10010000",2011-12-15,4197.79
"4733","10010000",2011-12-16,4197.8
"4734","10010000",2011-12-17,4197.8
"4735","10010000",2011-12-18,4197.83
"4736","10010000",2011-12-19,4197.8
"4737","10010000",2011-12-20,4197.8
"4738","10010000",2011-12-21,4197.84
"4739","10010000",2011-12-22,4197.91
"4740","10010000",2011-12-23,4197.81
"4741","10010000",2011-12-24,4197.81
"4742","10010000",2011-12-25,4197.8
"4743","10010000",2011-12-26,4197.81
"4744","10010000",2011-12-27,4197.83
"4745","10010000",2011-12-28,4197.84
"4746","10010000",2011-12-29,4197.84
"4747","10010000",2011-12-30,4197.84
"4748","10010000",2011-12-31,4197.95
"4749","10010000",2012-01-01,4197.84
"4750","10010000",2012-01-02,4197.82
"4751","10010000",2012-01-03,4197.82
"4752","10010000",2012-01-04,4197.84
"4753","10010000",2012-01-05,4197.84
"4754","10010000",2012-01-06,4197.85
"4755","10010000",2012-01-07,4197.94
"4756","10010000",2012-01-08,4197.9
"4757","10010000",2012-01-09,4197.9
"4758","10010000",2012-01-10,4197.9
"4759","10010000",2012-01-11,4197.92
"4760","10010000",2012-01-12,4197.9
"4761","10010000",2012-01-13,4197.92
"4762","10010000",2012-01-14,4198
"4763","10010000",2012-01-15,4197.96
"4764","10010000",2012-01-16,4198.12
"4765","10010000",2012-01-17,4197.97
"4766","10010000",2012-01-18,4197.99
"4767","10010000",2012-01-19,4198.03
"4768","10010000",2012-01-20,4198.02
"4769","10010000",2012-01-21,4198.09
"4770","10010000",2012-01-22,4198.15
"4771","10010000",2012-01-23,4198.14
"4772","10010000",2012-01-24,4198.19
"4773","10010000",2012-01-25,4198.18
"4774","10010000",2012-01-26,4198.21
"4775","10010000",2012-01-27,4198.27
"4776","10010000",2012-01-28,4198.22
"4777","10010000",2012-01-29,4198.24
"4778","10010000",2012-01-30,4198.24
"4779","10010000",2012-01-31,4198.27
"4780","10010000",2012-02-01,4198.28
"4781","10010000",2012-02-02,4198.43
"4782","10010000",2012-02-03,4198.37
"4783","10010000",2012-02-04,4198.34
"4784","10010000",2012-02-05,4198.38
"4785","10010000",2012-02-06,4198.38
"4786","10010000",2012-02-07,4198.38
"4787","10010000",2012-02-08,4198.4
"4788","10010000",2012-02-09,4198.39
"4789","10010000",2012-02-10,4198.4
"4790","10010000",2012-02-11,4198.4
"4791","10010000",2012-02-12,4198.44
"4792","10010000",2012-02-13,4198.41
"4793","10010000",2012-02-14,4198.41
"4794","10010000",2012-02-15,4198.47
"4795","10010000",2012-02-16,4198.5
"4796","10010000",2012-02-17,4198.45
"4797","10010000",2012-02-18,4198.46
"4798","10010000",2012-02-19,4198.59
"4799","10010000",2012-02-20,4198.44
"4800","10010000",2012-02-21,4198.46
"4801","10010000",2012-02-22,4198.54
"4802","10010000",2012-02-23,4198.7
"4803","10010000",2012-02-24,4198.49
"4804","10010000",2012-02-25,4198.72
"4805","10010000",2012-02-26,4198.53
"4806","10010000",2012-02-27,4198.53
"4807","10010000",2012-02-28,4198.54
"4808","10010000",2012-02-29,4198.43
"4809","10010000",2012-03-01,4198.54
"4810","10010000",2012-03-02,4198.66
"4811","10010000",2012-03-03,4198.5
"4812","10010000",2012-03-04,4198.51
"4813","10010000",2012-03-05,4198.53
"4814","10010000",2012-03-06,4198.77
"4815","10010000",2012-03-07,4198.95
"4816","10010000",2012-03-08,4198.66
"4817","10010000",2012-03-09,4198.6
"4818","10010000",2012-03-10,4198.6
"4819","10010000",2012-03-11,4198.59
"4820","10010000",2012-03-12,4198.58
"4821","10010000",2012-03-13,4198.51
"4822","10010000",2012-03-14,4198.57
"4823","10010000",2012-03-15,4198.6
"4824","10010000",2012-03-16,4198.58
"4825","10010000",2012-03-17,4198.35
"4826","10010000",2012-03-18,4198.48
"4827","10010000",2012-03-19,4198.66
"4828","10010000",2012-03-20,4198.63
"4829","10010000",2012-03-21,4198.6
"4830","10010000",2012-03-22,4198.6
"4831","10010000",2012-03-23,4198.55
"4832","10010000",2012-03-24,4198.62
"4833","10010000",2012-03-25,4198.62
"4834","10010000",2012-03-26,4198.47
"4835","10010000",2012-03-27,4198.62
"4836","10010000",2012-03-28,4198.62
"4837","10010000",2012-03-29,4198.65
"4838","10010000",2012-03-30,4198.64
"4839","10010000",2012-03-31,4198.51
"4840","10010000",2012-04-01,4198.79
"4841","10010000",2012-04-02,4198.84
"4842","10010000",2012-04-03,4198.68
"4843","10010000",2012-04-04,4198.69
"4844","10010000",2012-04-05,4198.76
"4845","10010000",2012-04-06,4198.75
"4846","10010000",2012-04-07,4198.66
"4847","10010000",2012-04-08,4198.65
"4848","10010000",2012-04-09,4198.66
"4849","10010000",2012-04-10,4198.66
"4850","10010000",2012-04-11,4198.54
"4851","10010000",2012-04-12,4198.66
"4852","10010000",2012-04-13,4198.63
"4853","10010000",2012-04-14,4198.66
"4854","10010000",2012-04-15,4198.75
"4855","10010000",2012-04-16,4198.67
"4856","10010000",2012-04-17,4198.62
"4857","10010000",2012-04-18,4198.66
"4858","10010000",2012-04-19,4198.66
"4859","10010000",2012-04-20,4198.65
"4860","10010000",2012-04-21,4198.67
"4861","10010000",2012-04-22,4198.68
"4862","10010000",2012-04-23,4198.66
"4863","10010000",2012-04-24,4198.66
"4864","10010000",2012-04-25,4198.64
"4865","10010000",2012-04-26,4198.76
"4866","10010000",2012-04-27,4198.79
"4867","10010000",2012-04-28,4198.65
"4868","10010000",2012-04-29,4198.64
"4869","10010000",2012-04-30,4198.63
"4870","10010000",2012-05-01,4198.65
"4871","10010000",2012-05-02,4198.68
"4872","10010000",2012-05-03,4198.68
"4873","10010000",2012-05-04,4198.72
"4874","10010000",2012-05-05,4198.79
"4875","10010000",2012-05-06,4198.72
"4876","10010000",2012-05-07,4198.79
"4877","10010000",2012-05-08,4198.62
"4878","10010000",2012-05-09,4198.59
"4879","10010000",2012-05-10,4198.63
"4880","10010000",2012-05-11,4198.63
"4881","10010000",2012-05-12,4198.56
"4882","10010000",2012-05-13,4198.57
"4883","10010000",2012-05-14,4198.53
"4884","10010000",2012-05-15,4198.52
"4885","10010000",2012-05-16,4198.5
"4886","10010000",2012-05-17,4198.49
"4887","10010000",2012-05-18,4198.65
"4888","10010000",2012-05-19,4198.5
"4889","10010000",2012-05-20,4198.49
"4890","10010000",2012-05-21,4198.48
"4891","10010000",2012-05-22,4198.5
"4892","10010000",2012-05-23,4198.61
"4893","10010000",2012-05-24,4198.52
"4894","10010000",2012-05-25,4198.5
"4895","10010000",2012-05-26,4198.32
"4896","10010000",2012-05-27,4198.32
"4897","10010000",2012-05-28,4198.31
"4898","10010000",2012-05-29,4198.31
"4899","10010000",2012-05-30,4198.32
"4900","10010000",2012-05-31,4198.3
"4901","10010000",2012-06-01,4198.3
"4902","10010000",2012-06-02,4198.29
"4903","10010000",2012-06-03,4198.3
"4904","10010000",2012-06-04,4198.23
"4905","10010000",2012-06-05,4198.43
"4906","10010000",2012-06-06,4198.24
"4907","10010000",2012-06-07,4198.2
"4908","10010000",2012-06-08,4198.2
"4909","10010000",2012-06-09,4198.44
"4910","10010000",2012-06-10,4198.17
"4911","10010000",2012-06-11,4198.1
"4912","10010000",2012-06-12,4198.1
"4913","10010000",2012-06-13,4198.1
"4914","10010000",2012-06-14,4198.16
"4915","10010000",2012-06-15,4198.11
"4916","10010000",2012-06-16,4198.1
"4917","10010000",2012-06-17,4198.01
"4918","10010000",2012-06-18,4198.06
"4919","10010000",2012-06-19,4198.1
"4920","10010000",2012-06-20,4198.05
"4921","10010000",2012-06-21,4197.92
"4922","10010000",2012-06-22,4197.85
"4923","10010000",2012-06-23,4197.76
"4924","10010000",2012-06-24,4197.72
"4925","10010000",2012-06-25,4197.72
"4926","10010000",2012-06-26,4197.74
"4927","10010000",2012-06-27,4197.81
"4928","10010000",2012-06-28,4197.74
"4929","10010000",2012-06-29,4197.73
"4930","10010000",2012-06-30,4197.72
"4931","10010000",2012-07-01,4197.69
"4932","10010000",2012-07-02,4197.69
"4933","10010000",2012-07-03,4197.61
"4934","10010000",2012-07-04,4197.62
"4935","10010000",2012-07-05,4197.62
"4936","10010000",2012-07-06,4197.61
"4937","10010000",2012-07-07,4197.59
"4938","10010000",2012-07-08,4197.6
"4939","10010000",2012-07-09,4197.58
"4940","10010000",2012-07-10,4197.58
"4941","10010000",2012-07-11,4197.51
"4942","10010000",2012-07-12,4197.5
"4943","10010000",2012-07-13,4197.42
"4944","10010000",2012-07-14,4197.47
"4945","10010000",2012-07-15,4197.44
"4946","10010000",2012-07-16,4197.42
"4947","10010000",2012-07-17,4197.43
"4948","10010000",2012-07-18,4197.4
"4949","10010000",2012-07-19,4197.38
"4950","10010000",2012-07-20,4197.38
"4951","10010000",2012-07-21,4197.34
"4952","10010000",2012-07-22,4197.38
"4953","10010000",2012-07-23,4197.27
"4954","10010000",2012-07-24,4197.33
"4955","10010000",2012-07-25,4197.28
"4956","10010000",2012-07-26,4197.28
"4957","10010000",2012-07-27,4197.22
"4958","10010000",2012-07-28,4197.15
"4959","10010000",2012-07-29,4197.17
"4960","10010000",2012-07-30,4197.16
"4961","10010000",2012-07-31,4197.14
"4962","10010000",2012-08-01,4197.12
"4963","10010000",2012-08-02,4197.12
"4964","10010000",2012-08-03,4197.12
"4965","10010000",2012-08-04,4197.1
"4966","10010000",2012-08-05,4197.04
"4967","10010000",2012-08-06,4197.05
"4968","10010000",2012-08-07,4197.03
"4969","10010000",2012-08-08,4197
"4970","10010000",2012-08-09,4196.98
"4971","10010000",2012-08-10,4197.01
"4972","10010000",2012-08-11,4196.93
"4973","10010000",2012-08-12,4196.92
"4974","10010000",2012-08-13,4196.9
"4975","10010000",2012-08-14,4196.86
"4976","10010000",2012-08-15,4196.85
"4977","10010000",2012-08-16,4196.87
"4978","10010000",2012-08-17,4196.85
"4979","10010000",2012-08-18,4196.83
"4980","10010000",2012-08-19,4196.84
"4981","10010000",2012-08-20,4196.82
"4982","10010000",2012-08-21,4196.78
"4983","10010000",2012-08-22,4196.74
"4984","10010000",2012-08-23,4196.72
"4985","10010000",2012-08-24,4196.72
"4986","10010000",2012-08-25,4196.71
"4987","10010000",2012-08-26,4196.65
"4988","10010000",2012-08-27,4196.65
"4989","10010000",2012-08-28,4196.68
"4990","10010000",2012-08-29,4196.62
"4991","10010000",2012-08-30,4196.64
"4992","10010000",2012-08-31,4196.56
"4993","10010000",2012-09-01,4196.61
"4994","10010000",2012-09-02,4196.65
"4995","10010000",2012-09-03,4196.61
"4996","10010000",2012-09-04,4196.6
"4997","10010000",2012-09-05,4196.59
"4998","10010000",2012-09-06,4196.6
"4999","10010000",2012-09-07,4196.57
"5000","10010000",2012-09-08,4196.56
"5001","10010000",2012-09-09,4196.53
"5002","10010000",2012-09-10,4196.45
"5003","10010000",2012-09-11,4196.5
"5004","10010000",2012-09-12,4196.51
"5005","10010000",2012-09-13,4196.46
"5006","10010000",2012-09-14,4196.41
"5007","10010000",2012-09-15,4196.41
"5008","10010000",2012-09-16,4196.41
"5009","10010000",2012-09-17,4196.44
"5010","10010000",2012-09-18,4196.4
"5011","10010000",2012-09-19,4196.39
"5012","10010000",2012-09-20,4196.38
"5013","10010000",2012-09-21,4196.36
"5014","10010000",2012-09-22,4196.33
"5015","10010000",2012-09-23,4196.33
"5016","10010000",2012-09-24,4196.42
"5017","10010000",2012-09-25,4196.26
"5018","10010000",2012-09-26,4196.31
"5019","10010000",2012-09-27,4196.29
"5020","10010000",2012-09-28,4196.28
"5021","10010000",2012-09-29,4196.28
"5022","10010000",2012-09-30,4196.26
"5023","10010000",2012-10-01,4196.26
"5024","10010000",2012-10-02,4196.24
"5025","10010000",2012-10-03,4196.31
"5026","10010000",2012-10-04,4196.24
"5027","10010000",2012-10-05,4196.27
"5028","10010000",2012-10-06,4196.22
"5029","10010000",2012-10-07,4196.16
"5030","10010000",2012-10-08,4196.11
"5031","10010000",2012-10-09,4196.12
"5032","10010000",2012-10-10,4196.1
"5033","10010000",2012-10-11,4196.1
"5034","10010000",2012-10-12,4196.07
"5035","10010000",2012-10-13,4196.04
"5036","10010000",2012-10-14,4196.07
"5037","10010000",2012-10-15,4196.07
"5038","10010000",2012-10-16,4196.17
"5039","10010000",2012-10-17,4196.17
"5040","10010000",2012-10-18,4196.05
"5041","10010000",2012-10-19,4196.06
"5042","10010000",2012-10-20,4196.03
"5043","10010000",2012-10-21,4196.03
"5044","10010000",2012-10-22,4195.99
"5045","10010000",2012-10-23,4196.12
"5046","10010000",2012-10-24,4196.11
"5047","10010000",2012-10-25,4196.12
"5048","10010000",2012-10-26,4196.1
"5049","10010000",2012-10-27,4196.1
"5050","10010000",2012-10-28,4196.13
"5051","10010000",2012-10-29,4196.12
"5052","10010000",2012-10-30,4196.15
"5053","10010000",2012-10-31,4196.13
"5054","10010000",2012-11-01,4196.12
"5055","10010000",2012-11-02,4196.14
"5056","10010000",2012-11-03,4196.12
"5057","10010000",2012-11-04,4196.13
"5058","10010000",2012-11-05,4196.12
"5059","10010000",2012-11-06,4196.11
"5060","10010000",2012-11-07,4196.11
"5061","10010000",2012-11-08,4195.94
"5062","10010000",2012-11-09,4196.1
"5063","10010000",2012-11-10,4196.23
"5064","10010000",2012-11-11,4196.28
"5065","10010000",2012-11-12,4196.12
"5066","10010000",2012-11-13,4196.14
"5067","10010000",2012-11-14,4196.16
"5068","10010000",2012-11-15,4196.16
"5069","10010000",2012-11-16,4196.17
"5070","10010000",2012-11-17,4196.15
"5071","10010000",2012-11-18,4196.17
"5072","10010000",2012-11-19,4196.17
"5073","10010000",2012-11-20,4196.19
"5074","10010000",2012-11-21,4196.22
"5075","10010000",2012-11-22,4196.23
"5076","10010000",2012-11-23,4196.2
"5077","10010000",2012-11-24,4196.2
"5078","10010000",2012-11-25,4196.21
"5079","10010000",2012-11-26,4196.2
"5080","10010000",2012-11-27,4196.19
"5081","10010000",2012-11-28,4196.2
"5082","10010000",2012-11-29,4196.19
"5083","10010000",2012-11-30,4196.14
"5084","10010000",2012-12-01,4196.18
"5085","10010000",2012-12-02,4196.14
"5086","10010000",2012-12-03,4196.21
"5087","10010000",2012-12-04,4196.22
"5088","10010000",2012-12-05,4196.23
"5089","10010000",2012-12-06,4196.24
"5090","10010000",2012-12-07,4196.25
"5091","10010000",2012-12-08,4196.37
"5092","10010000",2012-12-09,4196.27
"5093","10010000",2012-12-10,4196.22
"5094","10010000",2012-12-11,4196.22
"5095","10010000",2012-12-12,4196.22
"5096","10010000",2012-12-13,4196.26
"5097","10010000",2012-12-14,4196.31
"5098","10010000",2012-12-15,4196.33
"5099","10010000",2012-12-16,4196.26
"5100","10010000",2012-12-17,4196.22
"5101","10010000",2012-12-18,4196.41
"5102","10010000",2012-12-19,4196.44
"5103","10010000",2012-12-20,4196.26
"5104","10010000",2012-12-21,4196.29
"5105","10010000",2012-12-22,4196.3
"5106","10010000",2012-12-23,4196.28
"5107","10010000",2012-12-24,4196.39
"5108","10010000",2012-12-25,4196.31
"5109","10010000",2012-12-26,4196.32
"5110","10010000",2012-12-27,4196.41
"5111","10010000",2012-12-28,4196.36
"5112","10010000",2012-12-29,4196.36
"5113","10010000",2012-12-30,4196.39
"5114","10010000",2012-12-31,4196.42
"5115","10010000",2013-01-01,4196.39
"5116","10010000",2013-01-02,4196.37
"5117","10010000",2013-01-03,4196.38
"5118","10010000",2013-01-04,4196.38
"5119","10010000",2013-01-05,4196.37
"5120","10010000",2013-01-06,4196.37
"5121","10010000",2013-01-07,4196.37
"5122","10010000",2013-01-08,4196.36
"5123","10010000",2013-01-09,4196.36
"5124","10010000",2013-01-10,4196.43
"5125","10010000",2013-01-11,4196.43
"5126","10010000",2013-01-12,4196.38
"5127","10010000",2013-01-13,4196.38
"5128","10010000",2013-01-14,4196.4
"5129","10010000",2013-01-15,4196.4
"5130","10010000",2013-01-16,4196.42
"5131","10010000",2013-01-17,4196.4
"5132","10010000",2013-01-18,4196.4
"5133","10010000",2013-01-19,4196.4
"5134","10010000",2013-01-20,4196.4
"5135","10010000",2013-01-21,4196.4
"5136","10010000",2013-01-22,4196.4
"5137","10010000",2013-01-23,4196.4
"5138","10010000",2013-01-24,4196.4
"5139","10010000",2013-01-25,4196.41
"5140","10010000",2013-01-26,4196.4
"5141","10010000",2013-01-27,4196.45
"5142","10010000",2013-01-28,4196.46
"5143","10010000",2013-01-29,4196.44
"5144","10010000",2013-01-30,4196.48
"5145","10010000",2013-01-31,4196.47
"5146","10010000",2013-02-01,4196.48
"5147","10010000",2013-02-02,4196.49
"5148","10010000",2013-02-03,4196.49
"5149","10010000",2013-02-04,4196.48
"5150","10010000",2013-02-05,4196.47
"5151","10010000",2013-02-06,4196.48
"5152","10010000",2013-02-07,4196.53
"5153","10010000",2013-02-08,4196.55
"5154","10010000",2013-02-09,4196.57
"5155","10010000",2013-02-10,4196.56
"5156","10010000",2013-02-11,4196.57
"5157","10010000",2013-02-12,4196.56
"5158","10010000",2013-02-13,4196.56
"5159","10010000",2013-02-14,4196.57
"5160","10010000",2013-02-15,4196.57
"5161","10010000",2013-02-16,4196.56
"5162","10010000",2013-02-17,4196.57
"5163","10010000",2013-02-18,4196.57
"5164","10010000",2013-02-19,4196.59
"5165","10010000",2013-02-20,4196.63
"5166","10010000",2013-02-21,4196.64
"5167","10010000",2013-02-22,4196.6
"5168","10010000",2013-02-23,4196.71
"5169","10010000",2013-02-24,4196.71
"5170","10010000",2013-02-25,4196.63
"5171","10010000",2013-02-26,4196.71
"5172","10010000",2013-02-27,4196.62
"5173","10010000",2013-02-28,4196.63
"5174","10010000",2013-03-01,4196.62
"5175","10010000",2013-03-02,4196.62
"5176","10010000",2013-03-03,4196.64
"5177","10010000",2013-03-04,4196.76
"5178","10010000",2013-03-05,4196.71
"5179","10010000",2013-03-06,4196.71
"5180","10010000",2013-03-07,4196.74
"5181","10010000",2013-03-08,4196.77
"5182","10010000",2013-03-09,4196.95
"5183","10010000",2013-03-10,4196.81
"5184","10010000",2013-03-11,4196.8
"5185","10010000",2013-03-12,4196.81
"5186","10010000",2013-03-13,4196.83
"5187","10010000",2013-03-14,4196.86
"5188","10010000",2013-03-15,4196.88
"5189","10010000",2013-03-16,4196.89
"5190","10010000",2013-03-17,4197.06
"5191","10010000",2013-03-18,4196.9
"5192","10010000",2013-03-19,4196.9
"5193","10010000",2013-03-20,4196.86
"5194","10010000",2013-03-21,4197.04
"5195","10010000",2013-03-22,4197.03
"5196","10010000",2013-03-23,4196.95
"5197","10010000",2013-03-24,4196.9
"5198","10010000",2013-03-25,4196.9
"5199","10010000",2013-03-26,4196.9
"5200","10010000",2013-03-27,4196.91
"5201","10010000",2013-03-28,4196.91
"5202","10010000",2013-03-29,4196.91
"5203","10010000",2013-03-30,4196.9
"5204","10010000",2013-03-31,4196.88
"5205","10010000",2013-04-01,4196.89
"5206","10010000",2013-04-02,4196.9
"5207","10010000",2013-04-03,4196.91
"5208","10010000",2013-04-04,4196.89
"5209","10010000",2013-04-05,4196.94
"5210","10010000",2013-04-06,4196.94
"5211","10010000",2013-04-07,4196.92
"5212","10010000",2013-04-08,4197.2
"5213","10010000",2013-04-09,4197.15
"5214","10010000",2013-04-10,4196.92
"5215","10010000",2013-04-11,4196.93
"5216","10010000",2013-04-12,4196.94
"5217","10010000",2013-04-13,4197.01
"5218","10010000",2013-04-14,4197
"5219","10010000",2013-04-15,4196.91
"5220","10010000",2013-04-16,4197.01
"5221","10010000",2013-04-17,4197.05
"5222","10010000",2013-04-18,4196.92
"5223","10010000",2013-04-19,4196.84
"5224","10010000",2013-04-20,4196.92
"5225","10010000",2013-04-21,4196.88
"5226","10010000",2013-04-22,4197
"5227","10010000",2013-04-23,4196.96
"5228","10010000",2013-04-24,4196.86
"5229","10010000",2013-04-25,4196.84
"5230","10010000",2013-04-26,4196.82
"5231","10010000",2013-04-27,4196.81
"5232","10010000",2013-04-28,4196.82
"5233","10010000",2013-04-29,4196.84
"5234","10010000",2013-04-30,4196.97
"5235","10010000",2013-05-01,4196.97
"5236","10010000",2013-05-02,4196.8
"5237","10010000",2013-05-03,4196.8
"5238","10010000",2013-05-04,4196.8
"5239","10010000",2013-05-05,4196.75
"5240","10010000",2013-05-06,4196.67
"5241","10010000",2013-05-07,4196.59
"5242","10010000",2013-05-08,4196.64
"5243","10010000",2013-05-09,4196.68
"5244","10010000",2013-05-10,4196.66
"5245","10010000",2013-05-11,4196.61
"5246","10010000",2013-05-12,4196.6
"5247","10010000",2013-05-13,4196.6
"5248","10010000",2013-05-14,4196.62
"5249","10010000",2013-05-15,4196.64
"5250","10010000",2013-05-16,4196.68
"5251","10010000",2013-05-17,4196.7
"5252","10010000",2013-05-18,4196.62
"5253","10010000",2013-05-19,4196.61
"5254","10010000",2013-05-20,4196.7
"5255","10010000",2013-05-21,4196.56
"5256","10010000",2013-05-22,4196.75
"5257","10010000",2013-05-23,4196.76
"5258","10010000",2013-05-24,4196.55
"5259","10010000",2013-05-25,4196.53
"5260","10010000",2013-05-26,4196.56
"5261","10010000",2013-05-27,4196.58
"5262","10010000",2013-05-28,4196.59
"5263","10010000",2013-05-29,4196.51
"5264","10010000",2013-05-30,4196.51
"5265","10010000",2013-05-31,4196.52
"5266","10010000",2013-06-01,4196.48
"5267","10010000",2013-06-02,4196.46
"5268","10010000",2013-06-03,4196.53
"5269","10010000",2013-06-04,4196.44
"5270","10010000",2013-06-05,4196.45
"5271","10010000",2013-06-06,4196.4
"5272","10010000",2013-06-07,4196.4
"5273","10010000",2013-06-08,4196.42
"5274","10010000",2013-06-09,4196.39
"5275","10010000",2013-06-10,4196.28
"5276","10010000",2013-06-11,4196.26
"5277","10010000",2013-06-12,4196.29
"5278","10010000",2013-06-13,4196.43
"5279","10010000",2013-06-14,4196.34
"5280","10010000",2013-06-15,4196.21
"5281","10010000",2013-06-16,4196.11
"5282","10010000",2013-06-17,4196.11
"5283","10010000",2013-06-18,4196.07
"5284","10010000",2013-06-19,4196.19
"5285","10010000",2013-06-20,4196.06
"5286","10010000",2013-06-21,4196.02
"5287","10010000",2013-06-22,4196.01
"5288","10010000",2013-06-23,4195.92
"5289","10010000",2013-06-24,4195.83
"5290","10010000",2013-06-25,4195.92
"5291","10010000",2013-06-26,4195.89
"5292","10010000",2013-06-27,4195.88
"5293","10010000",2013-06-28,4195.87
"5294","10010000",2013-06-29,4195.86
"5295","10010000",2013-06-30,4195.86
"5296","10010000",2013-07-01,4195.82
"5297","10010000",2013-07-02,4195.82
"5298","10010000",2013-07-03,4195.84
"5299","10010000",2013-07-04,4195.81
"5300","10010000",2013-07-05,4195.9
"5301","10010000",2013-07-06,4195.77
"5302","10010000",2013-07-07,4195.74
"5303","10010000",2013-07-08,4195.84
"5304","10010000",2013-07-09,4195.77
"5305","10010000",2013-07-10,4195.73
"5306","10010000",2013-07-11,4195.75
"5307","10010000",2013-07-12,4195.65
"5308","10010000",2013-07-13,4195.58
"5309","10010000",2013-07-14,4195.67
"5310","10010000",2013-07-15,4195.65
"5311","10010000",2013-07-16,4195.46
"5312","10010000",2013-07-17,4195.51
"5313","10010000",2013-07-18,4195.55
"5314","10010000",2013-07-19,4195.55
"5315","10010000",2013-07-20,4195.52
"5316","10010000",2013-07-21,4195.51
"5317","10010000",2013-07-22,4195.52
"5318","10010000",2013-07-23,4195.51
"5319","10010000",2013-07-24,4195.48
"5320","10010000",2013-07-25,4195.45
"5321","10010000",2013-07-26,4195.42
"5322","10010000",2013-07-27,4195.42
"5323","10010000",2013-07-28,4195.41
"5324","10010000",2013-07-29,4195.31
"5325","10010000",2013-07-30,4195.32
"5326","10010000",2013-07-31,4195.32
"5327","10010000",2013-08-01,4195.23
"5328","10010000",2013-08-02,4195.32
"5329","10010000",2013-08-03,4195.26
"5330","10010000",2013-08-04,4195.22
"5331","10010000",2013-08-05,4195.18
"5332","10010000",2013-08-06,4195.2
"5333","10010000",2013-08-07,4195.15
"5334","10010000",2013-08-08,4195.06
"5335","10010000",2013-08-09,4195.01
"5336","10010000",2013-08-10,4195
"5337","10010000",2013-08-11,4195
"5338","10010000",2013-08-12,4194.95
"5339","10010000",2013-08-13,4194.97
"5340","10010000",2013-08-14,4194.96
"5341","10010000",2013-08-15,4194.96
"5342","10010000",2013-08-16,4194.93
"5343","10010000",2013-08-17,4194.86
"5344","10010000",2013-08-18,4194.91
"5345","10010000",2013-08-19,4194.88
"5346","10010000",2013-08-20,4194.87
"5347","10010000",2013-08-21,4194.88
"5348","10010000",2013-08-22,4194.88
"5349","10010000",2013-08-23,4194.67
"5350","10010000",2013-08-24,4194.77
"5351","10010000",2013-08-25,4194.75
"5352","10010000",2013-08-26,4194.73
"5353","10010000",2013-08-27,4194.73
"5354","10010000",2013-08-28,4194.75
"5355","10010000",2013-08-29,4194.74
"5356","10010000",2013-08-30,4194.73
"5357","10010000",2013-08-31,4194.72
"5358","10010000",2013-09-01,4194.71
"5359","10010000",2013-09-02,4194.72
"5360","10010000",2013-09-03,4194.74
"5361","10010000",2013-09-04,4194.7
"5362","10010000",2013-09-05,4194.7
"5363","10010000",2013-09-06,4194.71
"5364","10010000",2013-09-07,4194.65
"5365","10010000",2013-09-08,4194.62
"5366","10010000",2013-09-09,4194.66
"5367","10010000",2013-09-10,4194.65
"5368","10010000",2013-09-11,4194.6
"5369","10010000",2013-09-12,4194.57
"5370","10010000",2013-09-13,4194.61
"5371","10010000",2013-09-14,4194.65
"5372","10010000",2013-09-15,4194.67
"5373","10010000",2013-09-16,4194.65
"5374","10010000",2013-09-17,4194.51
"5375","10010000",2013-09-18,4194.7
"5376","10010000",2013-09-19,4194.63
"5377","10010000",2013-09-20,4194.57
"5378","10010000",2013-09-21,4194.43
"5379","10010000",2013-09-22,4194.58
"5380","10010000",2013-09-23,4194.54
"5381","10010000",2013-09-24,4194.41
"5382","10010000",2013-09-25,4194.54
"5383","10010000",2013-09-26,4194.44
"5384","10010000",2013-09-27,4194.44
"5385","10010000",2013-09-28,4194.37
"5386","10010000",2013-09-29,4194.35
"5387","10010000",2013-09-30,4194.37
"5388","10010000",2013-10-01,4194.39
"5389","10010000",2013-10-02,4194.4
"5390","10010000",2013-10-03,4194.54
"5391","10010000",2013-10-04,4194.41
"5392","10010000",2013-10-05,4194.3
"5393","10010000",2013-10-06,4194.31
"5394","10010000",2013-10-07,4194.32
"5395","10010000",2013-10-08,4194.36
"5396","10010000",2013-10-09,4194.33
"5397","10010000",2013-10-10,4194.32
"5398","10010000",2013-10-11,4194.32
"5399","10010000",2013-10-12,4194.32
"5400","10010000",2013-10-13,4194.46
"5401","10010000",2013-10-14,4194.43
"5402","10010000",2013-10-15,4194.37
"5403","10010000",2013-10-16,4194.29
"5404","10010000",2013-10-17,4194.3
"5405","10010000",2013-10-18,4194.32
"5406","10010000",2013-10-19,4194.29
"5407","10010000",2013-10-20,4194.3
"5408","10010000",2013-10-21,4194.29
"5409","10010000",2013-10-22,4194.29
"5410","10010000",2013-10-23,4194.3
"5411","10010000",2013-10-24,4194.3
"5412","10010000",2013-10-25,4194.3
"5413","10010000",2013-10-26,4194.3
"5414","10010000",2013-10-27,4194.26
"5415","10010000",2013-10-28,4194.13
"5416","10010000",2013-10-29,4194.26
"5417","10010000",2013-10-30,4194.32
"5418","10010000",2013-10-31,4194.3
"5419","10010000",2013-11-01,4194.29
"5420","10010000",2013-11-02,4194.27
"5421","10010000",2013-11-03,4194.38
"5422","10010000",2013-11-04,4194.27
"5423","10010000",2013-11-05,4194.24
"5424","10010000",2013-11-06,4194.21
"5425","10010000",2013-11-07,4194.23
"5426","10010000",2013-11-08,4194.24
"5427","10010000",2013-11-09,4194.23
"5428","10010000",2013-11-10,4194.23
"5429","10010000",2013-11-11,4194.24
"5430","10010000",2013-11-12,4194.24
"5431","10010000",2013-11-13,4194.24
"5432","10010000",2013-11-14,4194.25
"5433","10010000",2013-11-15,4194.36
"5434","10010000",2013-11-16,4194.26
"5435","10010000",2013-11-17,4194.22
"5436","10010000",2013-11-18,4194.26
"5437","10010000",2013-11-19,4194.26
"5438","10010000",2013-11-20,4194.28
"5439","10010000",2013-11-21,4194.41
"5440","10010000",2013-11-22,4194.27
"5441","10010000",2013-11-23,4194.24
"5442","10010000",2013-11-24,4194.28
"5443","10010000",2013-11-25,4194.26
"5444","10010000",2013-11-26,4194.26
"5445","10010000",2013-11-27,4194.26
"5446","10010000",2013-11-28,4194.27
"5447","10010000",2013-11-29,4194.27
"5448","10010000",2013-11-30,4194.26
"5449","10010000",2013-12-01,4194.24
"5450","10010000",2013-12-02,4194.25
"5451","10010000",2013-12-03,4194.35
"5452","10010000",2013-12-04,4194.4
"5453","10010000",2013-12-05,4194.23
"5454","10010000",2013-12-06,4194.23
"5455","10010000",2013-12-07,4194.34
"5456","10010000",2013-12-08,4194.33
"5457","10010000",2013-12-09,4194.28
"5458","10010000",2013-12-10,4194.25
"5459","10010000",2013-12-11,4194.27
"5460","10010000",2013-12-12,4194.28
"5461","10010000",2013-12-13,4194.26
"5462","10010000",2013-12-14,4194.25
"5463","10010000",2013-12-15,4194.25
"5464","10010000",2013-12-16,4194.25
"5465","10010000",2013-12-17,4194.26
"5466","10010000",2013-12-18,4194.26
"5467","10010000",2013-12-19,4194.36
"5468","10010000",2013-12-20,4194.37
"5469","10010000",2013-12-21,4194.37
"5470","10010000",2013-12-22,4194.37
"5471","10010000",2013-12-23,4194.36
"5472","10010000",2013-12-24,4194.38
"5473","10010000",2013-12-25,4194.38
"5474","10010000",2013-12-26,4194.39
"5475","10010000",2013-12-27,4194.4
"5476","10010000",2013-12-28,4194.39
"5477","10010000",2013-12-29,4194.4
"5478","10010000",2013-12-30,4194.4
"5479","10010000",2013-12-31,4194.4
"5480","10010000",2014-01-01,4194.39
"5481","10010000",2014-01-02,4194.4
"5482","10010000",2014-01-03,4194.41
"5483","10010000",2014-01-04,4194.46
"5484","10010000",2014-01-05,4194.41
"5485","10010000",2014-01-06,4194.42
"5486","10010000",2014-01-07,4194.41
"5487","10010000",2014-01-08,4194.42
"5488","10010000",2014-01-09,4194.44
"5489","10010000",2014-01-10,4194.43
"5490","10010000",2014-01-11,4194.42
"5491","10010000",2014-01-12,4194.5
"5492","10010000",2014-01-13,4194.45
"5493","10010000",2014-01-14,4194.46
"5494","10010000",2014-01-15,4194.47
"5495","10010000",2014-01-16,4194.48
"5496","10010000",2014-01-17,4194.49
"5497","10010000",2014-01-18,4194.49
"5498","10010000",2014-01-19,4194.49
"5499","10010000",2014-01-20,4194.48
"5500","10010000",2014-01-21,4194.5
"5501","10010000",2014-01-22,4194.5
"5502","10010000",2014-01-23,4194.5
"5503","10010000",2014-01-24,4194.49
"5504","10010000",2014-01-25,4194.5
"5505","10010000",2014-01-26,4194.49
"5506","10010000",2014-01-27,4194.5
"5507","10010000",2014-01-28,4194.51
"5508","10010000",2014-01-29,4194.54
"5509","10010000",2014-01-30,4194.48
"5510","10010000",2014-01-31,4194.56
"5511","10010000",2014-02-01,4194.56
"5512","10010000",2014-02-02,4194.51
"5513","10010000",2014-02-03,4194.56
"5514","10010000",2014-02-04,4194.58
"5515","10010000",2014-02-05,4194.56
"5516","10010000",2014-02-06,4194.56
"5517","10010000",2014-02-07,4194.55
"5518","10010000",2014-02-08,4194.55
"5519","10010000",2014-02-09,4194.59
"5520","10010000",2014-02-10,4194.61
"5521","10010000",2014-02-11,4194.6
"5522","10010000",2014-02-12,4194.61
"5523","10010000",2014-02-13,4194.66
"5524","10010000",2014-02-14,4194.69
"5525","10010000",2014-02-15,4194.71
"5526","10010000",2014-02-16,4194.77
"5527","10010000",2014-02-17,4194.74
"5528","10010000",2014-02-18,4194.76
"5529","10010000",2014-02-19,4194.96
"5530","10010000",2014-02-20,4194.81
"5531","10010000",2014-02-21,4194.8
"5532","10010000",2014-02-22,4194.8
"5533","10010000",2014-02-23,4194.81
"5534","10010000",2014-02-24,4194.85
"5535","10010000",2014-02-25,4194.88
"5536","10010000",2014-02-26,4194.9
"5537","10010000",2014-02-27,4194.92
"5538","10010000",2014-02-28,4194.91
"5539","10010000",2014-03-01,4194.87
"5540","10010000",2014-03-02,4194.96
"5541","10010000",2014-03-03,4194.99
"5542","10010000",2014-03-04,4195.06
"5543","10010000",2014-03-05,4195.03
"5544","10010000",2014-03-06,4195.07
"5545","10010000",2014-03-07,4195.13
"5546","10010000",2014-03-08,4195.12
"5547","10010000",2014-03-09,4195.12
"5548","10010000",2014-03-10,4195.22
"5549","10010000",2014-03-11,4195.26
"5550","10010000",2014-03-12,4195.17
"5551","10010000",2014-03-13,4195.17
"5552","10010000",2014-03-14,4195.26
"5553","10010000",2014-03-15,4195.23
"5554","10010000",2014-03-16,4195.16
"5555","10010000",2014-03-17,4195.57
"5556","10010000",2014-03-18,4195.22
"5557","10010000",2014-03-19,4195.13
"5558","10010000",2014-03-20,4195.15
"5559","10010000",2014-03-21,4195.21
"5560","10010000",2014-03-22,4195.19
"5561","10010000",2014-03-23,4195.13
"5562","10010000",2014-03-24,4195.13
"5563","10010000",2014-03-25,4195.13
"5564","10010000",2014-03-26,4195.15
"5565","10010000",2014-03-27,4195.18
"5566","10010000",2014-03-28,4195.1
"5567","10010000",2014-03-29,4195.08
"5568","10010000",2014-03-30,4195.28
"5569","10010000",2014-03-31,4195.13
"5570","10010000",2014-04-01,4195.13
"5571","10010000",2014-04-02,4195.16
"5572","10010000",2014-04-03,4195.15
"5573","10010000",2014-04-04,4195.14
"5574","10010000",2014-04-05,4195.18
"5575","10010000",2014-04-06,4195.16
"5576","10010000",2014-04-07,4195.15
"5577","10010000",2014-04-08,4195.15
"5578","10010000",2014-04-09,4195.15
"5579","10010000",2014-04-10,4195.15
"5580","10010000",2014-04-11,4195.14
"5581","10010000",2014-04-12,4195.18
"5582","10010000",2014-04-13,4195.42
"5583","10010000",2014-04-14,4195.18
"5584","10010000",2014-04-15,4195.16
"5585","10010000",2014-04-16,4195.14
"5586","10010000",2014-04-17,4195.1
"5587","10010000",2014-04-18,4195.1
"5588","10010000",2014-04-19,4195.1
"5589","10010000",2014-04-20,4195.1
"5590","10010000",2014-04-21,4195.1
"5591","10010000",2014-04-22,4195.16
"5592","10010000",2014-04-23,4195.19
"5593","10010000",2014-04-24,4195.02
"5594","10010000",2014-04-25,4195.06
"5595","10010000",2014-04-26,4195.17
"5596","10010000",2014-04-27,4195.2
"5597","10010000",2014-04-28,4195.23
"5598","10010000",2014-04-29,4195.17
"5599","10010000",2014-04-30,4195.16
"5600","10010000",2014-05-01,4195.07
"5601","10010000",2014-05-02,4195.08
"5602","10010000",2014-05-03,4195.06
"5603","10010000",2014-05-04,4195.08
"5604","10010000",2014-05-05,4195.11
"5605","10010000",2014-05-06,4195.14
"5606","10010000",2014-05-07,4195.12
"5607","10010000",2014-05-08,4195.11
"5608","10010000",2014-05-09,4195.16
"5609","10010000",2014-05-10,4195.23
"5610","10010000",2014-05-11,4195.38
"5611","10010000",2014-05-12,4195.14
"5612","10010000",2014-05-13,4195.12
"5613","10010000",2014-05-14,4195.1
"5614","10010000",2014-05-15,4195.1
"5615","10010000",2014-05-16,4195.1
"5616","10010000",2014-05-17,4195.1
"5617","10010000",2014-05-18,4195.13
"5618","10010000",2014-05-19,4195.19
"5619","10010000",2014-05-20,4195.09
"5620","10010000",2014-05-21,4195.09
"5621","10010000",2014-05-22,4195.11
"5622","10010000",2014-05-23,4195.03
"5623","10010000",2014-05-24,4195.01
"5624","10010000",2014-05-25,4195.04
"5625","10010000",2014-05-26,4195.01
"5626","10010000",2014-05-27,4195.01
"5627","10010000",2014-05-28,4194.94
"5628","10010000",2014-05-29,4195.1
"5629","10010000",2014-05-30,4194.97
"5630","10010000",2014-05-31,4194.98
"5631","10010000",2014-06-01,4194.99
"5632","10010000",2014-06-02,4194.94
"5633","10010000",2014-06-03,4194.9
"5634","10010000",2014-06-04,4194.92
"5635","10010000",2014-06-05,4194.9
"5636","10010000",2014-06-06,4194.88
"5637","10010000",2014-06-07,4194.89
"5638","10010000",2014-06-08,4194.92
"5639","10010000",2014-06-09,4194.79
"5640","10010000",2014-06-10,4194.81
"5641","10010000",2014-06-11,4194.82
"5642","10010000",2014-06-12,4194.75
"5643","10010000",2014-06-13,4194.84
"5644","10010000",2014-06-14,4194.76
"5645","10010000",2014-06-15,4194.68
"5646","10010000",2014-06-16,4194.63
"5647","10010000",2014-06-17,4194.67
"5648","10010000",2014-06-18,4194.62
"5649","10010000",2014-06-19,4194.62
"5650","10010000",2014-06-20,4194.6
"5651","10010000",2014-06-21,4194.62
"5652","10010000",2014-06-22,4194.61
"5653","10010000",2014-06-23,4194.62
"5654","10010000",2014-06-24,4194.6
"5655","10010000",2014-06-25,4194.6
"5656","10010000",2014-06-26,4194.62
"5657","10010000",2014-06-27,4194.54
"5658","10010000",2014-06-28,4194.54
"5659","10010000",2014-06-29,4194.54
"5660","10010000",2014-06-30,4194.57
"5661","10010000",2014-07-01,4194.5
"5662","10010000",2014-07-02,4194.46
"5663","10010000",2014-07-03,4194.44
"5664","10010000",2014-07-04,4194.43
"5665","10010000",2014-07-05,4194.4
"5666","10010000",2014-07-06,4194.41
"5667","10010000",2014-07-07,4194.4
"5668","10010000",2014-07-08,4194.4
"5669","10010000",2014-07-09,4194.32
"5670","10010000",2014-07-10,4194.28
"5671","10010000",2014-07-11,4194.32
"5672","10010000",2014-07-12,4194.32
"5673","10010000",2014-07-13,4194.31
"5674","10010000",2014-07-14,4194.36
"5675","10010000",2014-07-15,4194.24
"5676","10010000",2014-07-16,4194.26
"5677","10010000",2014-07-17,4194.2
"5678","10010000",2014-07-18,4194.18
"5679","10010000",2014-07-19,4194.18
"5680","10010000",2014-07-20,4194.14
"5681","10010000",2014-07-21,4194.14
"5682","10010000",2014-07-22,4194.14
"5683","10010000",2014-07-23,4194.08
"5684","10010000",2014-07-24,4194.08
"5685","10010000",2014-07-25,4194.07
"5686","10010000",2014-07-26,4194.02
"5687","10010000",2014-07-27,4194
"5688","10010000",2014-07-28,4193.9
"5689","10010000",2014-07-29,4193.97
"5690","10010000",2014-07-30,4193.99
"5691","10010000",2014-07-31,4193.98
"5692","10010000",2014-08-01,4193.99
"5693","10010000",2014-08-02,4193.96
"5694","10010000",2014-08-03,4193.9
"5695","10010000",2014-08-04,4193.92
"5696","10010000",2014-08-05,4193.92
"5697","10010000",2014-08-06,4193.94
"5698","10010000",2014-08-07,4193.94
"5699","10010000",2014-08-08,4193.94
"5700","10010000",2014-08-09,4193.9
"5701","10010000",2014-08-10,4193.89
"5702","10010000",2014-08-11,4193.88
"5703","10010000",2014-08-12,4193.87
"5704","10010000",2014-08-13,4193.83
"5705","10010000",2014-08-14,4193.84
"5706","10010000",2014-08-15,4193.83
"5707","10010000",2014-08-16,4193.81
"5708","10010000",2014-08-17,4193.81
"5709","10010000",2014-08-18,4193.8
"5710","10010000",2014-08-19,4193.71
"5711","10010000",2014-08-20,4193.82
"5712","10010000",2014-08-21,4193.78
"5713","10010000",2014-08-22,4193.85
"5714","10010000",2014-08-23,4193.81
"5715","10010000",2014-08-24,4193.8
"5716","10010000",2014-08-25,4193.8
"5717","10010000",2014-08-26,4193.71
"5718","10010000",2014-08-27,4193.73
"5719","10010000",2014-08-28,4193.71
"5720","10010000",2014-08-29,4193.71
"5721","10010000",2014-08-30,4193.68
"5722","10010000",2014-08-31,4193.76
"5723","10010000",2014-09-01,4193.67
"5724","10010000",2014-09-02,4193.65
"5725","10010000",2014-09-03,4193.71
"5726","10010000",2014-09-04,4193.72
"5727","10010000",2014-09-05,4193.61
"5728","10010000",2014-09-06,4193.58
"5729","10010000",2014-09-07,4193.55
"5730","10010000",2014-09-08,4193.51
"5731","10010000",2014-09-09,4193.54
"5732","10010000",2014-09-10,4193.58
"5733","10010000",2014-09-11,4193.64
"5734","10010000",2014-09-12,4193.57
"5735","10010000",2014-09-13,4193.51
"5736","10010000",2014-09-14,4193.52
"5737","10010000",2014-09-15,4193.51
"5738","10010000",2014-09-16,4193.46
"5739","10010000",2014-09-17,4193.42
"5740","10010000",2014-09-18,4193.47
"5741","10010000",2014-09-19,4193.46
"5742","10010000",2014-09-20,4193.44
"5743","10010000",2014-09-21,4193.42
"5744","10010000",2014-09-22,4193.42
"5745","10010000",2014-09-23,4193.4
"5746","10010000",2014-09-24,4193.4
"5747","10010000",2014-09-25,4193.35
"5748","10010000",2014-09-26,4193.31
"5749","10010000",2014-09-27,4193.24
"5750","10010000",2014-09-28,4193.39
"5751","10010000",2014-09-29,4193.41
"5752","10010000",2014-09-30,4193.44
"5753","10010000",2014-10-01,4193.48
"5754","10010000",2014-10-02,4193.39
"5755","10010000",2014-10-03,4193.4
"5756","10010000",2014-10-04,4193.4
"5757","10010000",2014-10-05,4193.4
"5758","10010000",2014-10-06,4193.4
"5759","10010000",2014-10-07,4193.4
"5760","10010000",2014-10-08,4193.4
"5761","10010000",2014-10-09,4193.41
"5762","10010000",2014-10-10,4193.4
"5763","10010000",2014-10-11,4193.39
"5764","10010000",2014-10-12,4193.67
"5765","10010000",2014-10-13,4193.36
"5766","10010000",2014-10-14,4193.36
"5767","10010000",2014-10-15,4193.32
"5768","10010000",2014-10-16,4193.38
"5769","10010000",2014-10-17,4193.31
"5770","10010000",2014-10-18,4193.34
"5771","10010000",2014-10-19,4193.4
"5772","10010000",2014-10-20,4193.41
"5773","10010000",2014-10-21,4193.45
"5774","10010000",2014-10-22,4193.41
"5775","10010000",2014-10-23,4193.4
"5776","10010000",2014-10-24,4193.4
"5777","10010000",2014-10-25,4193.32
"5778","10010000",2014-10-26,4193.48
"5779","10010000",2014-10-27,4193.41
"5780","10010000",2014-10-28,4193.37
"5781","10010000",2014-10-29,4193.36
"5782","10010000",2014-10-30,4193.36
"5783","10010000",2014-10-31,4193.36
"5784","10010000",2014-11-01,4193.2
"5785","10010000",2014-11-02,4193.46
"5786","10010000",2014-11-03,4193.36
"5787","10010000",2014-11-04,4193.3
"5788","10010000",2014-11-05,4193.33
"5789","10010000",2014-11-06,4193.31
"5790","10010000",2014-11-07,4193.33
"5791","10010000",2014-11-08,4193.32
"5792","10010000",2014-11-09,4193.32
"5793","10010000",2014-11-10,4193.46
"5794","10010000",2014-11-11,4193.39
"5795","10010000",2014-11-12,4193.38
"5796","10010000",2014-11-13,4193.26
"5797","10010000",2014-11-14,4193.27
"5798","10010000",2014-11-15,4193.44
"5799","10010000",2014-11-16,4193.33
"5800","10010000",2014-11-17,4193.22
"5801","10010000",2014-11-18,4193.2
"5802","10010000",2014-11-19,4193.2
"5803","10010000",2014-11-20,4193.21
"5804","10010000",2014-11-21,4193.21
"5805","10010000",2014-11-22,4193.23
"5806","10010000",2014-11-23,4193.45
"5807","10010000",2014-11-24,4193.33
"5808","10010000",2014-11-25,4193.24
"5809","10010000",2014-11-26,4193.26
"5810","10010000",2014-11-27,4193.28
"5811","10010000",2014-11-28,4193.29
"5812","10010000",2014-11-29,4193.28
"5813","10010000",2014-11-30,4193.36
"5814","10010000",2014-12-01,4193.31
"5815","10010000",2014-12-02,4193.31
"5816","10010000",2014-12-03,4193.31
"5817","10010000",2014-12-04,4193.33
"5818","10010000",2014-12-05,4193.33
"5819","10010000",2014-12-06,4193.35
"5820","10010000",2014-12-07,4193.37
"5821","10010000",2014-12-08,4193.39
"5822","10010000",2014-12-09,4193.4
"5823","10010000",2014-12-10,4193.4
"5824","10010000",2014-12-11,4193.37
"5825","10010000",2014-12-12,4193.34
"5826","10010000",2014-12-13,4193.41
"5827","10010000",2014-12-14,4193.44
"5828","10010000",2014-12-15,4193.4
"5829","10010000",2014-12-16,4193.42
"5830","10010000",2014-12-17,4193.41
"5831","10010000",2014-12-18,4193.4
"5832","10010000",2014-12-19,4193.42
"5833","10010000",2014-12-20,4193.42
"5834","10010000",2014-12-21,4193.48
"5835","10010000",2014-12-22,4193.66
"5836","10010000",2014-12-23,4193.56
"5837","10010000",2014-12-24,4193.5
"5838","10010000",2014-12-25,4193.74
"5839","10010000",2014-12-26,4193.66
"5840","10010000",2014-12-27,4193.49
"5841","10010000",2014-12-28,4193.48
"5842","10010000",2014-12-29,4193.52
"5843","10010000",2014-12-30,4193.39
"5844","10010000",2014-12-31,4193.54
"5845","10010000",2015-01-01,4193.52
"5846","10010000",2015-01-02,4193.5
"5847","10010000",2015-01-03,4193.5
"5848","10010000",2015-01-04,4193.5
"5849","10010000",2015-01-05,4193.51
"5850","10010000",2015-01-06,4193.51
"5851","10010000",2015-01-07,4193.52
"5852","10010000",2015-01-08,4193.52
"5853","10010000",2015-01-09,4193.57
"5854","10010000",2015-01-10,4193.56
"5855","10010000",2015-01-11,4193.57
"5856","10010000",2015-01-12,4193.61
"5857","10010000",2015-01-13,4193.69
"5858","10010000",2015-01-14,4193.67
"5859","10010000",2015-01-15,4193.68
"5860","10010000",2015-01-16,4193.66
"5861","10010000",2015-01-17,4193.68
"5862","10010000",2015-01-18,4193.69
"5863","10010000",2015-01-19,4193.71
"5864","10010000",2015-01-20,4193.72
"5865","10010000",2015-01-21,4193.76
"5866","10010000",2015-01-22,4193.73
"5867","10010000",2015-01-23,4193.74
"5868","10010000",2015-01-24,4193.77
"5869","10010000",2015-01-25,4193.78
"5870","10010000",2015-01-26,4193.79
"5871","10010000",2015-01-27,4193.8
"5872","10010000",2015-01-28,4193.81
"5873","10010000",2015-01-29,4193.82
"5874","10010000",2015-01-30,4193.86
"5875","10010000",2015-01-31,4193.89
"5876","10010000",2015-02-01,4193.89
"5877","10010000",2015-02-02,4193.85
"5878","10010000",2015-02-03,4193.84
"5879","10010000",2015-02-04,4193.86
"5880","10010000",2015-02-05,4193.87
"5881","10010000",2015-02-06,4193.86
"5882","10010000",2015-02-07,4193.88
"5883","10010000",2015-02-08,4193.89
"5884","10010000",2015-02-09,4193.9
"5885","10010000",2015-02-10,4193.95
"5886","10010000",2015-02-11,4193.94
"5887","10010000",2015-02-12,4193.91
"5888","10010000",2015-02-13,4193.91
"5889","10010000",2015-02-14,4193.93
"5890","10010000",2015-02-15,4193.99
"5891","10010000",2015-02-16,4194.07
"5892","10010000",2015-02-17,4193.98
"5893","10010000",2015-02-18,4193.96
"5894","10010000",2015-02-19,4193.94
"5895","10010000",2015-02-20,4194.02
"5896","10010000",2015-02-21,4193.99
"5897","10010000",2015-02-22,4193.96
"5898","10010000",2015-02-23,4193.9
"5899","10010000",2015-02-24,4193.95
"5900","10010000",2015-02-25,4193.94
"5901","10010000",2015-02-26,4193.96
"5902","10010000",2015-02-27,4193.94
"5903","10010000",2015-02-28,4193.94
"5904","10010000",2015-03-01,4193.98
"5905","10010000",2015-03-02,4194
"5906","10010000",2015-03-03,4194.04
"5907","10010000",2015-03-04,4193.99
"5908","10010000",2015-03-05,4193.97
"5909","10010000",2015-03-06,4193.99
"5910","10010000",2015-03-07,4194
"5911","10010000",2015-03-08,4194
"5912","10010000",2015-03-09,4194.01
"5913","10010000",2015-03-10,4194
"5914","10010000",2015-03-11,4194.01
"5915","10010000",2015-03-12,4194.01
"5916","10010000",2015-03-13,4194.03
"5917","10010000",2015-03-14,4194.02
"5918","10010000",2015-03-15,4194.02
"5919","10010000",2015-03-16,4194.02
"5920","10010000",2015-03-17,4194.03
"5921","10010000",2015-03-18,4194.1
"5922","10010000",2015-03-19,4194.08
"5923","10010000",2015-03-20,4194.03
"5924","10010000",2015-03-21,4194.02
"5925","10010000",2015-03-22,4194.05
"5926","10010000",2015-03-23,4194.1
"5927","10010000",2015-03-24,4194.03
"5928","10010000",2015-03-25,4194.08
"5929","10010000",2015-03-26,4194.01
"5930","10010000",2015-03-27,4194.01
"5931","10010000",2015-03-28,4194.03
"5932","10010000",2015-03-29,4194.04
"5933","10010000",2015-03-30,4194
"5934","10010000",2015-03-31,4194.02
"5935","10010000",2015-04-01,4194.12
"5936","10010000",2015-04-02,4194.12
"5937","10010000",2015-04-03,4193.98
"5938","10010000",2015-04-04,4193.96
"5939","10010000",2015-04-05,4194
"5940","10010000",2015-04-06,4194.09
"5941","10010000",2015-04-07,4193.95
"5942","10010000",2015-04-08,4193.91
"5943","10010000",2015-04-09,4193.94
"5944","10010000",2015-04-10,4193.92
"5945","10010000",2015-04-11,4193.94
"5946","10010000",2015-04-12,4194.01
"5947","10010000",2015-04-13,4193.91
"5948","10010000",2015-04-14,4193.89
"5949","10010000",2015-04-15,4194.08
"5950","10010000",2015-04-16,4193.99
"5951","10010000",2015-04-17,4193.91
"5952","10010000",2015-04-18,4193.9
"5953","10010000",2015-04-19,4193.9
"5954","10010000",2015-04-20,4193.9
"5955","10010000",2015-04-21,4193.9
"5956","10010000",2015-04-22,4193.86
"5957","10010000",2015-04-23,4193.89
"5958","10010000",2015-04-24,4193.89
"5959","10010000",2015-04-25,4193.92
"5960","10010000",2015-04-26,4194.07
"5961","10010000",2015-04-27,4194.06
"5962","10010000",2015-04-28,4193.99
"5963","10010000",2015-04-29,4193.98
"5964","10010000",2015-04-30,4194.06
"5965","10010000",2015-05-01,4193.98
"5966","10010000",2015-05-02,4193.99
"5967","10010000",2015-05-03,4193.95
"5968","10010000",2015-05-04,4193.9
"5969","10010000",2015-05-05,4193.99
"5970","10010000",2015-05-06,4193.94
"5971","10010000",2015-05-07,4193.99
"5972","10010000",2015-05-08,4194.04
"5973","10010000",2015-05-09,4194
"5974","10010000",2015-05-10,4194.04
"5975","10010000",2015-05-11,4193.99
"5976","10010000",2015-05-12,4193.92
"5977","10010000",2015-05-13,4194
"5978","10010000",2015-05-14,4193.86
"5979","10010000",2015-05-15,4193.92
"5980","10010000",2015-05-16,4193.95
"5981","10010000",2015-05-17,4194.03
"5982","10010000",2015-05-18,4194.1
"5983","10010000",2015-05-19,4194.1
"5984","10010000",2015-05-20,4194.11
"5985","10010000",2015-05-21,4194.1
"5986","10010000",2015-05-22,4194.12
"5987","10010000",2015-05-23,4194.19
"5988","10010000",2015-05-24,4194.21
"5989","10010000",2015-05-25,4194.22
"5990","10010000",2015-05-26,4194.24
"5991","10010000",2015-05-27,4194.31
"5992","10010000",2015-05-28,4194.27
"5993","10010000",2015-05-29,4194.3
"5994","10010000",2015-05-30,4194.31
"5995","10010000",2015-05-31,4194.35
"5996","10010000",2015-06-01,4194.32
"5997","10010000",2015-06-02,4194.35
"5998","10010000",2015-06-03,4194.43
"5999","10010000",2015-06-04,4194.35
"6000","10010000",2015-06-05,4194.33
"6001","10010000",2015-06-06,4194.3
"6002","10010000",2015-06-07,4194.29
"6003","10010000",2015-06-08,4194.33
"6004","10010000",2015-06-09,4194.34
"6005","10010000",2015-06-10,4194.33
"6006","10010000",2015-06-11,4194.31
"6007","10010000",2015-06-12,4194.3
"6008","10010000",2015-06-13,4194.33
"6009","10010000",2015-06-14,4194.32
"6010","10010000",2015-06-15,4194.27
"6011","10010000",2015-06-16,4194.3
"6012","10010000",2015-06-17,4194.29
"6013","10010000",2015-06-18,4194.26
"6014","10010000",2015-06-19,4194.25
"6015","10010000",2015-06-20,4194.27
"6016","10010000",2015-06-21,4194.23
"6017","10010000",2015-06-22,4194.22
"6018","10010000",2015-06-23,4194.18
"6019","10010000",2015-06-24,4194.16
"6020","10010000",2015-06-25,4194.14
"6021","10010000",2015-06-26,4194.14
"6022","10010000",2015-06-27,4194.11
"6023","10010000",2015-06-28,4194.1
"6024","10010000",2015-06-29,4194.09
"6025","10010000",2015-06-30,4194.16
"6026","10010000",2015-07-01,4194.06
"6027","10010000",2015-07-02,4194.04
"6028","10010000",2015-07-03,4194.01
"6029","10010000",2015-07-04,4193.95
"6030","10010000",2015-07-05,4193.99
"6031","10010000",2015-07-06,4193.96
"6032","10010000",2015-07-07,4193.91
"6033","10010000",2015-07-08,4193.92
"6034","10010000",2015-07-09,4193.85
"6035","10010000",2015-07-10,4193.79
"6036","10010000",2015-07-11,4193.77
"6037","10010000",2015-07-12,4193.79
"6038","10010000",2015-07-13,4193.79
"6039","10010000",2015-07-14,4193.79
"6040","10010000",2015-07-15,4193.76
"6041","10010000",2015-07-16,4193.74
"6042","10010000",2015-07-17,4193.77
"6043","10010000",2015-07-18,4193.78
"6044","10010000",2015-07-19,4193.65
"6045","10010000",2015-07-20,4193.6
"6046","10010000",2015-07-21,4193.6
"6047","10010000",2015-07-22,4193.58
"6048","10010000",2015-07-23,4193.6
"6049","10010000",2015-07-24,4193.6
"6050","10010000",2015-07-25,4193.58
"6051","10010000",2015-07-26,4193.53
"6052","10010000",2015-07-27,4193.58
"6053","10010000",2015-07-28,4193.52
"6054","10010000",2015-07-29,4193.43
"6055","10010000",2015-07-30,4193.4
"6056","10010000",2015-07-31,4193.4
"6057","10010000",2015-08-01,4193.39
"6058","10010000",2015-08-02,4193.34
"6059","10010000",2015-08-03,4193.28
"6060","10010000",2015-08-04,4193.36
"6061","10010000",2015-08-05,4193.41
"6062","10010000",2015-08-06,4193.31
"6063","10010000",2015-08-07,4193.25
"6064","10010000",2015-08-08,4193.33
"6065","10010000",2015-08-09,4193.3
"6066","10010000",2015-08-10,4193.29
"6067","10010000",2015-08-11,4193.28
"6068","10010000",2015-08-12,4193.28
"6069","10010000",2015-08-13,4193.26
"6070","10010000",2015-08-14,4193.26
"6071","10010000",2015-08-15,4193.29
"6072","10010000",2015-08-16,4193.25
"6073","10010000",2015-08-17,4193.22
"6074","10010000",2015-08-18,4193.2
"6075","10010000",2015-08-19,4193.15
"6076","10010000",2015-08-20,4193.13
"6077","10010000",2015-08-21,4193.12
"6078","10010000",2015-08-22,4193.16
"6079","10010000",2015-08-23,4193.1
"6080","10010000",2015-08-24,4193.08
"6081","10010000",2015-08-25,4193.04
"6082","10010000",2015-08-26,4193.02
"6083","10010000",2015-08-27,4193.04
"6084","10010000",2015-08-28,4193.01
"6085","10010000",2015-08-29,4192.98
"6086","10010000",2015-08-30,4193
"6087","10010000",2015-08-31,4193.03
"6088","10010000",2015-09-01,4192.95
"6089","10010000",2015-09-02,4192.83
"6090","10010000",2015-09-03,4192.76
"6091","10010000",2015-09-04,4192.72
"6092","10010000",2015-09-05,4192.94
"6093","10010000",2015-09-06,4192.84
"6094","10010000",2015-09-07,4192.78
"6095","10010000",2015-09-08,4192.76
"6096","10010000",2015-09-09,4192.74
"6097","10010000",2015-09-10,4192.72
"6098","10010000",2015-09-11,4192.73
"6099","10010000",2015-09-12,4192.72
"6100","10010000",2015-09-13,4192.72
"6101","10010000",2015-09-14,4192.68
"6102","10010000",2015-09-15,4192.66
"6103","10010000",2015-09-16,4192.71
"6104","10010000",2015-09-17,4192.74
"6105","10010000",2015-09-18,4192.77
"6106","10010000",2015-09-19,4192.7
"6107","10010000",2015-09-20,4192.69
"6108","10010000",2015-09-21,4192.68
"6109","10010000",2015-09-22,4192.68
"6110","10010000",2015-09-23,4192.68
"6111","10010000",2015-09-24,4192.68
"6112","10010000",2015-09-25,4192.67
"6113","10010000",2015-09-26,4192.64
"6114","10010000",2015-09-27,4192.65
"6115","10010000",2015-09-28,4192.68
"6116","10010000",2015-09-29,4192.64
"6117","10010000",2015-09-30,4192.63
"6118","10010000",2015-10-01,4192.62
"6119","10010000",2015-10-02,4192.7
"6120","10010000",2015-10-03,4192.63
"6121","10010000",2015-10-04,4192.62
"6122","10010000",2015-10-05,4192.6
"6123","10010000",2015-10-06,4192.65
"6124","10010000",2015-10-07,4192.62
"6125","10010000",2015-10-08,4192.6
"6126","10010000",2015-10-09,4192.6
"6127","10010000",2015-10-10,4192.6
"6128","10010000",2015-10-11,4192.6
"6129","10010000",2015-10-12,4192.6
"6130","10010000",2015-10-13,4192.6
"6131","10010000",2015-10-14,4192.59
"6132","10010000",2015-10-15,4192.59
"6133","10010000",2015-10-16,4192.6
"6134","10010000",2015-10-17,4192.55
"6135","10010000",2015-10-18,4192.58
"6136","10010000",2015-10-19,4192.59
"6137","10010000",2015-10-20,4192.62
"6138","10010000",2015-10-21,4192.64
"6139","10010000",2015-10-22,4192.6
"6140","10010000",2015-10-23,4192.58
"6141","10010000",2015-10-24,4192.55
"6142","10010000",2015-10-25,4192.54
"6143","10010000",2015-10-26,4192.56
"6144","10010000",2015-10-27,4192.57
"6145","10010000",2015-10-28,4192.52
"6146","10010000",2015-10-29,4192.54
"6147","10010000",2015-10-30,4192.55
"6148","10010000",2015-10-31,4192.48
"6149","10010000",2015-11-01,4192.53
"6150","10010000",2015-11-02,4192.55
"6151","10010000",2015-11-03,4192.54
"6152","10010000",2015-11-04,4192.56
"6153","10010000",2015-11-05,4192.5
"6154","10010000",2015-11-06,4192.5
"6155","10010000",2015-11-07,4192.44
"6156","10010000",2015-11-08,4192.5
"6157","10010000",2015-11-09,4192.5
"6158","10010000",2015-11-10,4192.55
"6159","10010000",2015-11-11,4192.49
"6160","10010000",2015-11-12,4192.39
"6161","10010000",2015-11-13,4192.4
"6162","10010000",2015-11-14,4192.4
"6163","10010000",2015-11-15,4192.38
"6164","10010000",2015-11-16,4192.8
"6165","10010000",2015-11-17,4192.41
"6166","10010000",2015-11-18,4192.4
"6167","10010000",2015-11-19,4192.38
"6168","10010000",2015-11-20,4192.46
"6169","10010000",2015-11-21,4192.37
"6170","10010000",2015-11-22,4192.39
"6171","10010000",2015-11-23,4192.4
"6172","10010000",2015-11-24,4192.4
"6173","10010000",2015-11-25,4192.4
"6174","10010000",2015-11-26,4192.37
"6175","10010000",2015-11-27,4192.31
"6176","10010000",2015-11-28,4192.38
"6177","10010000",2015-11-29,4192.4
"6178","10010000",2015-11-30,4192.36
"6179","10010000",2015-12-01,4192.37
"6180","10010000",2015-12-02,4192.37
"6181","10010000",2015-12-03,4192.38
"6182","10010000",2015-12-04,4192.37
"6183","10010000",2015-12-05,4192.38
"6184","10010000",2015-12-06,4192.39
"6185","10010000",2015-12-07,4192.38
"6186","10010000",2015-12-08,4192.4
"6187","10010000",2015-12-09,4192.41
"6188","10010000",2015-12-10,4192.42
"6189","10010000",2015-12-11,4192.43
"6190","10010000",2015-12-12,4192.45
"6191","10010000",2015-12-13,4192.44
"6192","10010000",2015-12-14,4192.55
"6193","10010000",2015-12-15,4192.65
"6194","10010000",2015-12-16,4192.51
"6195","10010000",2015-12-17,4192.52
"6196","10010000",2015-12-18,4192.5
"6197","10010000",2015-12-19,4192.52
"6198","10010000",2015-12-20,4192.52
"6199","10010000",2015-12-21,4192.46
"6200","10010000",2015-12-22,4192.57
"6201","10010000",2015-12-23,4192.72
"6202","10010000",2015-12-24,4192.56
"6203","10010000",2015-12-25,4192.8
"6204","10010000",2015-12-26,4192.7
"6205","10010000",2015-12-27,4192.61
"6206","10010000",2015-12-28,4192.62
"6207","10010000",2015-12-29,4192.61
"6208","10010000",2015-12-30,4192.63
"6209","10010000",2015-12-31,4192.67
"6210","10010000",2016-01-01,4192.63
"6211","10010000",2016-01-02,4192.63
"6212","10010000",2016-01-03,4192.64
"6213","10010000",2016-01-04,4192.66
"6214","10010000",2016-01-05,4192.67
"6215","10010000",2016-01-06,4192.68
"6216","10010000",2016-01-07,4192.74
"6217","10010000",2016-01-08,4192.83
"6218","10010000",2016-01-09,4192.74
"6219","10010000",2016-01-10,4192.76
"6220","10010000",2016-01-11,4192.74
"6221","10010000",2016-01-12,4192.74
"6222","10010000",2016-01-13,4192.76
"6223","10010000",2016-01-14,4192.75
"6224","10010000",2016-01-15,4192.78
"6225","10010000",2016-01-16,4192.79
"6226","10010000",2016-01-17,4192.79
"6227","10010000",2016-01-18,4192.82
"6228","10010000",2016-01-19,4192.85
"6229","10010000",2016-01-20,4192.88
"6230","10010000",2016-01-21,4192.82
"6231","10010000",2016-01-22,4192.83
"6232","10010000",2016-01-23,4192.86
"6233","10010000",2016-01-24,4192.92
"6234","10010000",2016-01-25,4192.93
"6235","10010000",2016-01-26,4192.9
"6236","10010000",2016-01-27,4192.9
"6237","10010000",2016-01-28,4192.91
"6238","10010000",2016-01-29,4192.93
"6239","10010000",2016-01-30,4193.03
"6240","10010000",2016-01-31,4193.02
"6241","10010000",2016-02-01,4193.36
"6242","10010000",2016-02-02,4193.02
"6243","10010000",2016-02-03,4192.99
"6244","10010000",2016-02-04,4193
"6245","10010000",2016-02-05,4193
"6246","10010000",2016-02-06,4193
"6247","10010000",2016-02-07,4193.02
"6248","10010000",2016-02-08,4193.03
"6249","10010000",2016-02-09,4193.05
"6250","10010000",2016-02-10,4193.06
"6251","10010000",2016-02-11,4193.06
"6252","10010000",2016-02-12,4193.07
"6253","10010000",2016-02-13,4193.09
"6254","10010000",2016-02-14,4193.09
"6255","10010000",2016-02-15,4193.12
"6256","10010000",2016-02-16,4193.11
"6257","10010000",2016-02-17,4193.11
"6258","10010000",2016-02-18,4193.02
"6259","10010000",2016-02-19,4193.19
"6260","10010000",2016-02-20,4193.25
"6261","10010000",2016-02-21,4193.26
"6262","10010000",2016-02-22,4193.32
"6263","10010000",2016-02-23,4193.39
"6264","10010000",2016-02-24,4193.35
"6265","10010000",2016-02-25,4193.38
"6266","10010000",2016-02-26,4193.4
"6267","10010000",2016-02-27,4193.47
"6268","10010000",2016-02-28,4193.45
"6269","10010000",2016-02-29,4193.46
"6270","10010000",2016-03-01,4193.47
"6271","10010000",2016-03-02,4193.51
"6272","10010000",2016-03-03,4193.5
"6273","10010000",2016-03-04,4193.52
"6274","10010000",2016-03-05,4193.53
"6275","10010000",2016-03-06,4193.53
"6276","10010000",2016-03-07,4193.58
"6277","10010000",2016-03-08,4193.58
"6278","10010000",2016-03-09,4193.64
"6279","10010000",2016-03-10,4193.59
"6280","10010000",2016-03-11,4193.58
"6281","10010000",2016-03-12,4193.64
"6282","10010000",2016-03-13,4193.62
"6283","10010000",2016-03-14,4193.75
"6284","10010000",2016-03-15,4193.71
"6285","10010000",2016-03-16,4193.65
"6286","10010000",2016-03-17,4193.7
"6287","10010000",2016-03-18,4193.71
"6288","10010000",2016-03-19,4193.7
"6289","10010000",2016-03-20,4193.7
"6290","10010000",2016-03-21,4193.71
"6291","10010000",2016-03-22,4193.85
"6292","10010000",2016-03-23,4193.84
"6293","10010000",2016-03-24,4193.75
"6294","10010000",2016-03-25,4193.83
"6295","10010000",2016-03-26,4193.84
"6296","10010000",2016-03-27,4193.74
"6297","10010000",2016-03-28,4193.92
"6298","10010000",2016-03-29,4193.81
"6299","10010000",2016-03-30,4193.88
"6300","10010000",2016-03-31,4193.86
"6301","10010000",2016-04-01,4193.91
"6302","10010000",2016-04-02,4193.9
"6303","10010000",2016-04-03,4193.9
"6304","10010000",2016-04-04,4193.91
"6305","10010000",2016-04-05,4194
"6306","10010000",2016-04-06,4193.92
"6307","10010000",2016-04-07,4193.92
"6308","10010000",2016-04-08,4193.94
"6309","10010000",2016-04-09,4193.89
"6310","10010000",2016-04-10,4193.91
"6311","10010000",2016-04-11,4193.91
"6312","10010000",2016-04-12,4193.92
"6313","10010000",2016-04-13,4194
"6314","10010000",2016-04-14,4194.05
"6315","10010000",2016-04-15,4194.16
"6316","10010000",2016-04-16,4194.32
"6317","10010000",2016-04-17,4194.11
"6318","10010000",2016-04-18,4194.01
"6319","10010000",2016-04-19,4194
"6320","10010000",2016-04-20,4194.02
"6321","10010000",2016-04-21,4194.04
"6322","10010000",2016-04-22,4193.96
"6323","10010000",2016-04-23,4194.01
"6324","10010000",2016-04-24,4194.06
"6325","10010000",2016-04-25,4194.04
"6326","10010000",2016-04-26,4194.25
"6327","10010000",2016-04-27,4194.09
"6328","10010000",2016-04-28,4194.07
"6329","10010000",2016-04-29,4194.1
"6330","10010000",2016-04-30,4194.18
"6331","10010000",2016-05-01,4194.08
"6332","10010000",2016-05-02,4194.13
"6333","10010000",2016-05-03,4194.13
"6334","10010000",2016-05-04,4194.14
"6335","10010000",2016-05-05,4194.12
"6336","10010000",2016-05-06,4194.12
"6337","10010000",2016-05-07,4194.17
"6338","10010000",2016-05-08,4194.14
"6339","10010000",2016-05-09,4194.28
"6340","10010000",2016-05-10,4194.29
"6341","10010000",2016-05-11,4194.24
"6342","10010000",2016-05-12,4194.2
"6343","10010000",2016-05-13,4194.2
"6344","10010000",2016-05-14,4194.21
"6345","10010000",2016-05-15,4194.36
"6346","10010000",2016-05-16,4194.26
"6347","10010000",2016-05-17,4194.22
"6348","10010000",2016-05-18,4194.2
"6349","10010000",2016-05-19,4194.23
"6350","10010000",2016-05-20,4194.11
"6351","10010000",2016-05-21,4194.16
"6352","10010000",2016-05-22,4194.24
"6353","10010000",2016-05-23,4194.24
"6354","10010000",2016-05-24,4194.25
"6355","10010000",2016-05-25,4194.24
"6356","10010000",2016-05-26,4194.26
"6357","10010000",2016-05-27,4194.25
"6358","10010000",2016-05-28,4194.25
"6359","10010000",2016-05-29,4194.23
"6360","10010000",2016-05-30,4194.23
"6361","10010000",2016-05-31,4194.26
"6362","10010000",2016-06-01,4194.24
"6363","10010000",2016-06-02,4194.22
"6364","10010000",2016-06-03,4194.23
"6365","10010000",2016-06-04,4194.22
"6366","10010000",2016-06-05,4194.23
"6367","10010000",2016-06-06,4194.19
"6368","10010000",2016-06-07,4194.23
"6369","10010000",2016-06-08,4194.2
"6370","10010000",2016-06-09,4194.19
"6371","10010000",2016-06-10,4194.17
"6372","10010000",2016-06-11,4194.2
"6373","10010000",2016-06-12,4194.26
"6374","10010000",2016-06-13,4194.13
"6375","10010000",2016-06-14,4194.11
"6376","10010000",2016-06-15,4194.05
"6377","10010000",2016-06-16,4194.19
"6378","10010000",2016-06-17,4194.12
"6379","10010000",2016-06-18,4194.05
"6380","10010000",2016-06-19,4194.13
"6381","10010000",2016-06-20,4194.05
"6382","10010000",2016-06-21,4194.03
"6383","10010000",2016-06-22,4194.06
"6384","10010000",2016-06-23,4194.02
"6385","10010000",2016-06-24,4194.08
"6386","10010000",2016-06-25,4194.1
"6387","10010000",2016-06-26,4193.95
"6388","10010000",2016-06-27,4193.93
"6389","10010000",2016-06-28,4193.89
"6390","10010000",2016-06-29,4193.88
"6391","10010000",2016-06-30,4193.94
"6392","10010000",2016-07-01,4193.86
"6393","10010000",2016-07-02,4193.84
"6394","10010000",2016-07-03,4193.79
"6395","10010000",2016-07-04,4193.8
"6396","10010000",2016-07-05,4193.84
"6397","10010000",2016-07-06,4193.85
"6398","10010000",2016-07-07,4193.8
"6399","10010000",2016-07-08,4193.68
"6400","10010000",2016-07-09,4193.66
"6401","10010000",2016-07-10,4193.81
"6402","10010000",2016-07-11,4193.64
"6403","10010000",2016-07-12,4193.61
"6404","10010000",2016-07-13,4193.64
"6405","10010000",2016-07-14,4193.6
"6406","10010000",2016-07-15,4193.59
"6407","10010000",2016-07-16,4193.59
"6408","10010000",2016-07-17,4193.59
"6409","10010000",2016-07-18,4193.38
"6410","10010000",2016-07-19,4193.41
"6411","10010000",2016-07-20,4193.41
"6412","10010000",2016-07-21,4193.46
"6413","10010000",2016-07-22,4193.4
"6414","10010000",2016-07-23,4193.45
"6415","10010000",2016-07-24,4193.43
"6416","10010000",2016-07-25,4193.39
"6417","10010000",2016-07-26,4193.36
"6418","10010000",2016-07-27,4193.36
"6419","10010000",2016-07-28,4193.35
"6420","10010000",2016-07-29,4193.33
"6421","10010000",2016-07-30,4193.32
"6422","10010000",2016-07-31,4193.25
"6423","10010000",2016-08-01,4193.26
"6424","10010000",2016-08-02,4193.23
"6425","10010000",2016-08-03,4193.26
"6426","10010000",2016-08-04,4193.24
"6427","10010000",2016-08-05,4193.15
"6428","10010000",2016-08-06,4193.1
"6429","10010000",2016-08-07,4193.04
"6430","10010000",2016-08-08,4193.1
"6431","10010000",2016-08-09,4193.08
"6432","10010000",2016-08-10,4193.09
"6433","10010000",2016-08-11,4192.99
"6434","10010000",2016-08-12,4192.99
"6435","10010000",2016-08-13,4192.96
"6436","10010000",2016-08-14,4192.93
"6437","10010000",2016-08-15,4192.91
"6438","10010000",2016-08-16,4192.91
"6439","10010000",2016-08-17,4192.89
"6440","10010000",2016-08-18,4192.88
"6441","10010000",2016-08-19,4192.87
"6442","10010000",2016-08-20,4192.88
"6443","10010000",2016-08-21,4192.82
"6444","10010000",2016-08-22,4192.82
"6445","10010000",2016-08-23,4192.82
"6446","10010000",2016-08-24,4192.82
"6447","10010000",2016-08-25,4192.77
"6448","10010000",2016-08-26,4192.73
"6449","10010000",2016-08-27,4192.7
"6450","10010000",2016-08-28,4192.7
"6451","10010000",2016-08-29,4192.7
"6452","10010000",2016-08-30,4192.69
"6453","10010000",2016-08-31,4192.67
"6454","10010000",2016-09-01,4192.59
"6455","10010000",2016-09-02,4192.58
"6456","10010000",2016-09-03,4192.69
"6457","10010000",2016-09-04,4192.67
"6458","10010000",2016-09-05,4192.61
"6459","10010000",2016-09-06,4192.54
"6460","10010000",2016-09-07,4192.52
"6461","10010000",2016-09-08,4192.5
"6462","10010000",2016-09-09,4192.52
"6463","10010000",2016-09-10,4192.47
"6464","10010000",2016-09-11,4192.42
"6465","10010000",2016-09-12,4192.57
"6466","10010000",2016-09-13,4192.47
"6467","10010000",2016-09-14,4192.4
"6468","10010000",2016-09-15,4192.41
"6469","10010000",2016-09-16,4192.39
"6470","10010000",2016-09-17,4192.35
"6471","10010000",2016-09-18,4192.35
"6472","10010000",2016-09-19,4192.36
"6473","10010000",2016-09-20,4192.36
"6474","10010000",2016-09-21,4192.38
"6475","10010000",2016-09-22,4192.54
"6476","10010000",2016-09-23,4192.44
"6477","10010000",2016-09-24,4192.48
"6478","10010000",2016-09-25,4192.41
"6479","10010000",2016-09-26,4192.4
"6480","10010000",2016-09-27,4192.4
"6481","10010000",2016-09-28,4192.38
"6482","10010000",2016-09-29,4192.41
"6483","10010000",2016-09-30,4192.4
"6484","10010000",2016-10-01,4192.42
"6485","10010000",2016-10-02,4192.32
"6486","10010000",2016-10-03,4192.52
"6487","10010000",2016-10-04,4192.35
"6488","10010000",2016-10-05,4192.35
"6489","10010000",2016-10-06,4192.31
"6490","10010000",2016-10-07,4192.31
"6491","10010000",2016-10-08,4192.31
"6492","10010000",2016-10-09,4192.3
"6493","10010000",2016-10-10,4192.3
"6494","10010000",2016-10-11,4192.32
"6495","10010000",2016-10-12,4192.32
"6496","10010000",2016-10-13,4192.29
"6497","10010000",2016-10-14,4192.28
"6498","10010000",2016-10-15,4192.26
"6499","10010000",2016-10-16,4192.34
"6500","10010000",2016-10-17,4192.35
"6501","10010000",2016-10-18,4192.32
"6502","10010000",2016-10-19,4192.32
"6503","10010000",2016-10-20,4192.27
"6504","10010000",2016-10-21,4192.29
"6505","10010000",2016-10-22,4192.3
"6506","10010000",2016-10-23,4192.31
"6507","10010000",2016-10-24,4192.24
"6508","10010000",2016-10-25,4192.29
"6509","10010000",2016-10-26,4192.3
"6510","10010000",2016-10-27,4192.3
"6511","10010000",2016-10-28,4192.3
"6512","10010000",2016-10-29,4192.3
"6513","10010000",2016-10-30,4192.3
"6514","10010000",2016-10-31,4192.4
"6515","10010000",2016-11-01,4192.4
"6516","10010000",2016-11-02,4192.3
"6517","10010000",2016-11-03,4192.3
"6518","10010000",2016-11-04,4192.3
"6519","10010000",2016-11-05,4192.3
"6520","10010000",2016-11-06,4192.4
"6521","10010000",2016-11-07,4192.4
"6522","10010000",2016-11-08,4192.4
"6523","10010000",2016-11-09,4192.4
"6524","10010000",2016-11-10,4192.4
"6525","10010000",2016-11-11,4192.4
"6526","10010000",2016-11-12,4192.4
"6527","10010000",2016-11-13,4192.4
"6528","10010000",2016-11-14,4192.4
"6529","10010000",2016-11-15,4192.4
"6530","10010000",2016-11-16,4192.6
"6531","10010000",2016-11-17,4192.7
"6532","10010000",2016-11-18,4192.4
"6533","10010000",2016-11-19,4192.4
"6534","10010000",2016-11-20,4192.4
"6535","10010000",2016-11-21,4192.5
"6536","10010000",2016-11-22,4192.4
"6537","10010000",2016-11-23,4192.5
"6538","10010000",2016-11-24,4192.4
"6539","10010000",2016-11-25,4192.4
"6540","10010000",2016-11-26,4192.4
"6541","10010000",2016-11-27,4192.4
"6542","10010000",2016-11-28,4192.5
"6543","10010000",2016-11-29,4192.4
"6544","10010000",2016-11-30,4192.4
"6545","10010000",2016-12-01,4192.4
"6546","10010000",2016-12-02,4192.5
"6547","10010000",2016-12-03,4192.3
"6548","10010000",2016-12-04,4192.3
"6549","10010000",2016-12-05,4192.5
"6550","10010000",2016-12-06,4192.3
"6551","10010000",2016-12-07,4192.3
"6552","10010000",2016-12-08,4192.2
"6553","10010000",2016-12-09,4192.2
"6554","10010000",2016-12-10,4192.2
"6555","10010000",2016-12-11,4192.3
"6556","10010000",2016-12-12,4192.3
"6557","10010000",2016-12-13,4192.2
"6558","10010000",2016-12-14,4192.2
"6559","10010000",2016-12-15,4192.3
"6560","10010000",2016-12-16,4192.3
"6561","10010000",2016-12-17,4192.5
"6562","10010000",2016-12-18,4192.2
"6563","10010000",2016-12-19,4192.2
"6564","10010000",2016-12-20,4192.2
"6565","10010000",2016-12-21,4192.2
"6566","10010000",2016-12-22,4192.2
"6567","10010000",2016-12-23,4192.2
"6568","10010000",2016-12-24,4192.2
"6569","10010000",2016-12-25,4192.4
"6570","10010000",2016-12-26,4192.2
"6571","10010000",2016-12-27,4192.2
"6572","10010000",2016-12-28,4192.2
"6573","10010000",2016-12-29,4192.2
"6574","10010000",2016-12-30,4192.2
"6575","10010000",2016-12-31,4192.2
"6576","10010000",2017-01-01,4192.2
"6577","10010000",2017-01-02,4192.2
"6578","10010000",2017-01-03,4192.2
"6579","10010000",2017-01-04,4192.3
"6580","10010000",2017-01-05,4192.3
"6581","10010000",2017-01-06,4192.2
"6582","10010000",2017-01-07,4192.2
"6583","10010000",2017-01-08,4192.2
"6584","10010000",2017-01-09,4192.2
"6585","10010000",2017-01-10,4192.1
"6586","10010000",2017-01-11,4192.2
"6587","10010000",2017-01-12,4192.2
"6588","10010000",2017-01-13,4192.2
"6589","10010000",2017-01-14,4192.2
"6590","10010000",2017-01-15,4192.2
"6591","10010000",2017-01-16,4192.3
"6592","10010000",2017-01-17,4192.2
"6593","10010000",2017-01-18,4192.3
"6594","10010000",2017-01-19,4192.3
"6595","10010000",2017-01-20,4192.3
"6596","10010000",2017-01-21,4192.3
"6597","10010000",2017-01-22,4192.3
"6598","10010000",2017-01-23,4192.3
"6599","10010000",2017-01-24,4192.4
"6600","10010000",2017-01-25,4192.4
"6601","10010000",2017-01-26,4192.4
"6602","10010000",2017-01-27,4192.4
"6603","10010000",2017-01-28,4192.3
"6604","10010000",2017-01-29,4192.4
"6605","10010000",2017-01-30,4192.3
"6606","10010000",2017-01-31,4192.3
"6607","10010000",2017-02-01,4192.4
"6608","10010000",2017-02-02,4192.4
"6609","10010000",2017-02-03,4192.4
"6610","10010000",2017-02-04,4192.4
"6611","10010000",2017-02-05,4192.4
"6612","10010000",2017-02-06,4192.3
"6613","10010000",2017-02-07,4192.4
"6614","10010000",2017-02-08,4192.4
"6615","10010000",2017-02-09,4192.5
"6616","10010000",2017-02-10,4192.6
"6617","10010000",2017-02-11,4192.6
"6618","10010000",2017-02-12,4192.7
"6619","10010000",2017-02-13,4192.7
"6620","10010000",2017-02-14,4192.8
"6621","10010000",2017-02-15,4192.8
"6622","10010000",2017-02-16,4192.9
"6623","10010000",2017-02-17,4192.9
"6624","10010000",2017-02-18,4193
"6625","10010000",2017-02-19,4193
"6626","10010000",2017-02-20,4193
"6627","10010000",2017-02-21,4193
"6628","10010000",2017-02-22,4193.2
"6629","10010000",2017-02-23,4193.5
"6630","10010000",2017-02-24,4193.4
"6631","10010000",2017-02-25,4193.4
"6632","10010000",2017-02-26,4193.4
"6633","10010000",2017-02-27,4193.5
"6634","10010000",2017-02-28,4193.6
"6635","10010000",2017-03-01,4193.5
"6636","10010000",2017-03-02,4193.6
"6637","10010000",2017-03-03,4193.6
"6638","10010000",2017-03-04,4193.6
"6639","10010000",2017-03-05,4193.7
"6640","10010000",2017-03-06,4193.8
"6641","10010000",2017-03-07,4193.7
"6642","10010000",2017-03-08,4193.8
"6643","10010000",2017-03-09,4193.8
"6644","10010000",2017-03-10,4193.9
"6645","10010000",2017-03-11,4193.9
"6646","10010000",2017-03-12,4193.9
"6647","10010000",2017-03-13,4193.9
"6648","10010000",2017-03-14,4194
"6649","10010000",2017-03-15,4194
"6650","10010000",2017-03-16,4194
"6651","10010000",2017-03-17,4194.1
"6652","10010000",2017-03-18,4194.1
"6653","10010000",2017-03-19,4194.1
"6654","10010000",2017-03-20,4194.1
"6655","10010000",2017-03-21,4194.1
"6656","10010000",2017-03-22,4194.2
"6657","10010000",2017-03-23,4194.4
"6658","10010000",2017-03-24,4194.3
"6659","10010000",2017-03-25,4194.4
"6660","10010000",2017-03-26,4194.3
"6661","10010000",2017-03-27,4194.5
"6662","10010000",2017-03-28,4194.6
"6663","10010000",2017-03-29,4194.5
"6664","10010000",2017-03-30,4194.6
"6665","10010000",2017-03-31,4194.7
"6666","10010000",2017-04-01,4194.6
"6667","10010000",2017-04-02,4194.6
"6668","10010000",2017-04-03,4194.7
"6669","10010000",2017-04-04,4194.7
"6670","10010000",2017-04-05,4194.6
"6671","10010000",2017-04-06,4194.6
"6672","10010000",2017-04-07,4194.6
"6673","10010000",2017-04-08,4194.8
"6674","10010000",2017-04-09,4194.8
"6675","10010000",2017-04-10,4194.8
"6676","10010000",2017-04-11,4194.8
"6677","10010000",2017-04-12,4194.8
"6678","10010000",2017-04-13,4194.8
"6679","10010000",2017-04-14,4194.9
"6680","10010000",2017-04-15,4194.9
"6681","10010000",2017-04-16,4194.9
"6682","10010000",2017-04-17,4194.9
"6683","10010000",2017-04-18,4195
"6684","10010000",2017-04-19,4195
"6685","10010000",2017-04-20,4195
"6686","10010000",2017-04-21,4195.1
"6687","10010000",2017-04-22,4195
"6688","10010000",2017-04-23,4195.1
"6689","10010000",2017-04-24,4195.1
"6690","10010000",2017-04-25,4195.2
"6691","10010000",2017-04-26,4195.2
"6692","10010000",2017-04-27,4195.5
"6693","10010000",2017-04-28,4195.4
"6694","10010000",2017-04-29,4195.3
"6695","10010000",2017-04-30,4195.3
"6696","10010000",2017-05-01,4195.3
"6697","10010000",2017-05-02,4195.3
"6698","10010000",2017-05-03,4195.3
"6699","10010000",2017-05-04,4195.3
"6700","10010000",2017-05-05,4195.3
"6701","10010000",2017-05-06,4195.1
"6702","10010000",2017-05-07,4195.3
"6703","10010000",2017-05-08,4195.4
"6704","10010000",2017-05-09,4195.4
"6705","10010000",2017-05-10,4195.4
"6706","10010000",2017-05-11,4195.3
"6707","10010000",2017-05-12,4195.3
"6708","10010000",2017-05-13,4195.4
"6709","10010000",2017-05-14,4195.3
"6710","10010000",2017-05-15,4195.3
"6711","10010000",2017-05-16,4195.3
"6712","10010000",2017-05-17,4195.3
"6713","10010000",2017-05-18,4195.3
"6714","10010000",2017-05-19,4195.4
"6715","10010000",2017-05-20,4195.4
"6716","10010000",2017-05-21,4195.4
"6717","10010000",2017-05-22,4195.4
"6718","10010000",2017-05-23,4195.4
"6719","10010000",2017-05-24,4195.4
"6720","10010000",2017-05-25,4195.5
"6721","10010000",2017-05-26,4195.5
"6722","10010000",2017-05-27,4195.4
"6723","10010000",2017-05-28,4195.4
"6724","10010000",2017-05-29,4195.4
"6725","10010000",2017-05-30,4195.4
"6726","10010000",2017-05-31,4195.4
"6727","10010000",2017-06-01,4195.4
"6728","10010000",2017-06-02,4195.4
"6729","10010000",2017-06-03,4195.4
"6730","10010000",2017-06-04,4195.3
"6731","10010000",2017-06-05,4195.4
"6732","10010000",2017-06-06,4195.4
"6733","10010000",2017-06-07,4195.3
"6734","10010000",2017-06-08,4195.2
"6735","10010000",2017-06-09,4195.5
"6736","10010000",2017-06-10,4195.4
"6737","10010000",2017-06-11,4195.2
"6738","10010000",2017-06-12,4195
"6739","10010000",2017-06-13,4195.2
"6740","10010000",2017-06-14,4195.2
"6741","10010000",2017-06-15,4195.2
"6742","10010000",2017-06-16,4195.2
"6743","10010000",2017-06-17,4195.2
"6744","10010000",2017-06-18,4195.2
"6745","10010000",2017-06-19,4195.2
"6746","10010000",2017-06-20,4195.2
"6747","10010000",2017-06-21,4195.2
"6748","10010000",2017-06-22,4195.2
"6749","10010000",2017-06-23,4195.2
"6750","10010000",2017-06-24,4195.1
"6751","10010000",2017-06-25,4195.1
"6752","10010000",2017-06-26,4195.1
"6753","10010000",2017-06-27,4195.1
"6754","10010000",2017-06-28,4195.1
"6755","10010000",2017-06-29,4195.1
"6756","10010000",2017-06-30,4195.1
"6757","10010000",2017-07-01,4195
"6758","10010000",2017-07-02,4195
"6759","10010000",2017-07-03,4194.9
"6760","10010000",2017-07-04,4194.9
"6761","10010000",2017-07-05,4194.9
"6762","10010000",2017-07-06,4194.9
"6763","10010000",2017-07-07,4194.9
"6764","10010000",2017-07-08,4194.8
"6765","10010000",2017-07-09,4194.9
"6766","10010000",2017-07-10,4194.8
"6767","10010000",2017-07-11,4194.8
"6768","10010000",2017-07-12,4194.8
"6769","10010000",2017-07-13,4194.7
"6770","10010000",2017-07-14,4194.7
"6771","10010000",2017-07-15,4194.7
"6772","10010000",2017-07-16,4194.7
"6773","10010000",2017-07-17,4194.6
"6774","10010000",2017-07-18,4194.6
"6775","10010000",2017-07-19,4194.5
"6776","10010000",2017-07-20,4194.5
"6777","10010000",2017-07-21,4194.6
"6778","10010000",2017-07-22,4194.5
"6779","10010000",2017-07-23,4194.5
"6780","10010000",2017-07-24,4194.5
"6781","10010000",2017-07-25,4194.4
"6782","10010000",2017-07-26,4194.4
"6783","10010000",2017-07-27,4194.4
"6784","10010000",2017-07-28,4194.4
"6785","10010000",2017-07-29,4194.4
"6786","10010000",2017-07-30,4194.4
"6787","10010000",2017-07-31,4194.4
"6788","10010000",2017-08-01,4194.3
"6789","10010000",2017-08-02,4194.3
"6790","10010000",2017-08-03,4194.3
"6791","10010000",2017-08-04,4194.2
"6792","10010000",2017-08-05,4194.2
"6793","10010000",2017-08-06,4194.2
"6794","10010000",2017-08-07,4194.2
"6795","10010000",2017-08-08,4194.2
"6796","10010000",2017-08-09,4194.2
"6797","10010000",2017-08-10,4194.1
"6798","10010000",2017-08-11,4194.1
"6799","10010000",2017-08-12,4194
"6800","10010000",2017-08-13,4194
"6801","10010000",2017-08-14,4194.2
"6802","10010000",2017-08-15,4194
"6803","10010000",2017-08-16,4194
"6804","10010000",2017-08-17,4194
"6805","10010000",2017-08-18,4194
"6806","10010000",2017-08-19,4193.9
"6807","10010000",2017-08-20,4193.9
"6808","10010000",2017-08-21,4193.9
"6809","10010000",2017-08-22,4193.9
"6810","10010000",2017-08-23,4193.9
"6811","10010000",2017-08-24,4193.8
"6812","10010000",2017-08-25,4193.8
"6813","10010000",2017-08-26,4193.8
"6814","10010000",2017-08-27,4193.8
"6815","10010000",2017-08-28,4193.8
"6816","10010000",2017-08-29,4193.8
"6817","10010000",2017-08-30,4193.8
"6818","10010000",2017-08-31,4193.8
"6819","10010000",2017-09-01,4193.7
"6820","10010000",2017-09-02,4193.7
"6821","10010000",2017-09-03,4193.7
"6822","10010000",2017-09-04,4193.7
"6823","10010000",2017-09-05,4193.7
"6824","10010000",2017-09-06,4193.7
"6825","10010000",2017-09-07,4193.7
"6826","10010000",2017-09-08,4193.6
"6827","10010000",2017-09-09,4193.6
"6828","10010000",2017-09-10,4193.6
"6829","10010000",2017-09-11,4193.6
"6830","10010000",2017-09-12,4193.6
"6831","10010000",2017-09-13,4193.6
"6832","10010000",2017-09-14,4193.5
"6833","10010000",2017-09-15,4193.6
"6834","10010000",2017-09-16,4193.5
"6835","10010000",2017-09-17,4193.5
"6836","10010000",2017-09-18,4193.5
"6837","10010000",2017-09-19,4193.5
"6838","10010000",2017-09-20,4193.5
"6839","10010000",2017-09-21,4193.6
"6840","10010000",2017-09-22,4193.5
"6841","10010000",2017-09-23,4193.5
"6842","10010000",2017-09-24,4193.5
"6843","10010000",2017-09-25,4193.5
"6844","10010000",2017-09-26,4193.5
"6845","10010000",2017-09-27,4193.5
"6846","10010000",2017-09-28,4193.5
"6847","10010000",2017-09-29,4193.5
"6848","10010000",2017-09-30,4193.5
"6849","10010000",2017-10-01,4193.6
"6850","10010000",2017-10-02,4193.5
"6851","10010000",2017-10-03,4193.5
"6852","10010000",2017-10-04,4193.5
"6853","10010000",2017-10-05,4193.5
"6854","10010000",2017-10-06,4193.5
"6855","10010000",2017-10-07,4193.5
"6856","10010000",2017-10-08,4193.7
"6857","10010000",2017-10-09,4193.5
"6858","10010000",2017-10-10,4193.5
"6859","10010000",2017-10-11,4193.5
"6860","10010000",2017-10-12,4193.5
"6861","10010000",2017-10-13,4193.5
"6862","10010000",2017-10-14,4193.6
"6863","10010000",2017-10-15,4193.4
"6864","10010000",2017-10-16,4193.5
"6865","10010000",2017-10-17,4193.5
"6866","10010000",2017-10-18,4193.5
"6867","10010000",2017-10-19,4193.5
"6868","10010000",2017-10-20,4193.6
"6869","10010000",2017-10-21,4193.4
"6870","10010000",2017-10-22,4193.4
"6871","10010000",2017-10-23,4193.4
"6872","10010000",2017-10-24,4193.5
"6873","10010000",2017-10-25,4193.4
"6874","10010000",2017-10-26,4193.5
"6875","10010000",2017-10-27,4193.5
"6876","10010000",2017-10-28,4193.5
"6877","10010000",2017-10-29,4193.5
"6878","10010000",2017-10-30,4193.5
"6879","10010000",2017-10-31,4193.5
"6880","10010000",2017-11-01,4193.5
"6881","10010000",2017-11-02,4193.4
"6882","10010000",2017-11-03,4193.4
"6883","10010000",2017-11-04,4193.5
"6884","10010000",2017-11-05,4193.5
"6885","10010000",2017-11-06,4193.5
"6886","10010000",2017-11-07,4193.5
"6887","10010000",2017-11-08,4193.5
"6888","10010000",2017-11-09,4193.5
"6889","10010000",2017-11-10,4193.5
"6890","10010000",2017-11-11,4193.5
"6891","10010000",2017-11-12,4193.5
"6892","10010000",2017-11-13,4193.5
"6893","10010000",2017-11-14,4193.5
"6894","10010000",2017-11-15,4193.6
"6895","10010000",2017-11-16,4193.5
"6896","10010000",2017-11-17,4193.8
"6897","10010000",2017-11-18,4193.6
"6898","10010000",2017-11-19,4193.6
"6899","10010000",2017-11-20,4193.6
"6900","10010000",2017-11-21,4193.6
"6901","10010000",2017-11-22,4193.6
"6902","10010000",2017-11-23,4193.7
"6903","10010000",2017-11-24,4193.7
"6904","10010000",2017-11-25,4193.7
"6905","10010000",2017-11-26,4193.7
"6906","10010000",2017-11-27,4193.7
"6907","10010000",2017-11-28,4193.7
"6908","10010000",2017-11-29,4193.7
"6909","10010000",2017-11-30,4193.7
"6910","10010000",2017-12-01,4193.7
"6911","10010000",2017-12-02,4193.7
"6912","10010000",2017-12-03,4193.9
"6913","10010000",2017-12-04,4193.7
"6914","10010000",2017-12-05,4193.7
"6915","10010000",2017-12-06,4193.7
"6916","10010000",2017-12-07,4193.7
"6917","10010000",2017-12-08,4193.7
"6918","10010000",2017-12-09,4193.7
"6919","10010000",2017-12-10,4193.7
"6920","10010000",2017-12-11,4193.7
"6921","10010000",2017-12-12,4193.7
"6922","10010000",2017-12-13,4193.7
"6923","10010000",2017-12-14,4193.7
"6924","10010000",2017-12-15,4193.7
"6925","10010000",2017-12-16,4193.8
"6926","10010000",2017-12-17,4193.8
"6927","10010000",2017-12-18,4193.8
"6928","10010000",2017-12-19,4193.8
"6929","10010000",2017-12-20,4193.9
"6930","10010000",2017-12-21,4194
"6931","10010000",2017-12-22,4193.8
"6932","10010000",2017-12-23,4193.9
"6933","10010000",2017-12-24,4193.8
"6934","10010000",2017-12-25,4193.9
"6935","10010000",2017-12-26,4193.9
"6936","10010000",2017-12-27,4193.9
"6937","10010000",2017-12-28,4193.9
"6938","10010000",2017-12-29,4193.9
"6939","10010000",2017-12-30,4193.9
"6940","10010000",2017-12-31,4193.9
"6941","10010000",2018-01-01,4193.9
"6942","10010000",2018-01-02,4193.9
"6943","10010000",2018-01-03,4193.9
"6944","10010000",2018-01-04,4193.9
"6945","10010000",2018-01-05,4193.9
"6946","10010000",2018-01-06,4193.9
"6947","10010000",2018-01-07,4194
"6948","10010000",2018-01-08,4194
"6949","10010000",2018-01-09,4194
"6950","10010000",2018-01-10,4194
"6951","10010000",2018-01-11,4194
"6952","10010000",2018-01-12,4194
"6953","10010000",2018-01-13,4194
"6954","10010000",2018-01-14,4194.1
"6955","10010000",2018-01-15,4194.1
"6956","10010000",2018-01-16,4194.1
"6957","10010000",2018-01-17,4194.1
"6958","10010000",2018-01-18,4194.1
"6959","10010000",2018-01-19,4194.2
"6960","10010000",2018-01-20,4194.3
"6961","10010000",2018-01-21,4194.3
"6962","10010000",2018-01-22,4194.1
"6963","10010000",2018-01-23,4194.2
"6964","10010000",2018-01-24,4194.2
"6965","10010000",2018-01-25,4194.2
"6966","10010000",2018-01-26,4194.2
"6967","10010000",2018-01-27,4194.2
"6968","10010000",2018-01-28,4194.2
"6969","10010000",2018-01-29,4194.2
"6970","10010000",2018-01-30,4194.2
"6971","10010000",2018-01-31,4194.2
"6972","10010000",2018-02-01,4194.2
"6973","10010000",2018-02-02,4194.2
"6974","10010000",2018-02-03,4194.3
"6975","10010000",2018-02-04,4194.2
"6976","10010000",2018-02-05,4194.3
"6977","10010000",2018-02-06,4194.3
"6978","10010000",2018-02-07,4194.3
"6979","10010000",2018-02-08,4194.3
"6980","10010000",2018-02-09,4194.3
"6981","10010000",2018-02-10,4194.4
"6982","10010000",2018-02-11,4194.3
"6983","10010000",2018-02-12,4194.4
"6984","10010000",2018-02-13,4194.3
"6985","10010000",2018-02-14,4194.4
"6986","10010000",2018-02-15,4194.4
"6987","10010000",2018-02-16,4194.3
"6988","10010000",2018-02-17,4194.3
"6989","10010000",2018-02-18,4194.3
"6990","10010000",2018-02-19,4194.5
"6991","10010000",2018-02-20,4194.4
"6992","10010000",2018-02-21,4194.3
"6993","10010000",2018-02-22,4194.3
"6994","10010000",2018-02-23,4194.4
"6995","10010000",2018-02-24,4194.3
"6996","10010000",2018-02-25,4194.4
"6997","10010000",2018-02-26,4194.3
"6998","10010000",2018-02-27,4194.4
"6999","10010000",2018-02-28,4194.4
"7000","10010000",2018-03-01,4194.3
"7001","10010000",2018-03-02,4194.3
"7002","10010000",2018-03-03,4194.5
"7003","10010000",2018-03-04,4194.5
"7004","10010000",2018-03-05,4194.4
"7005","10010000",2018-03-06,4194.4
"7006","10010000",2018-03-07,4194.4
"7007","10010000",2018-03-08,4194.5
"7008","10010000",2018-03-09,4194.5
"7009","10010000",2018-03-10,4194.5
"7010","10010000",2018-03-11,4194.5
"7011","10010000",2018-03-12,4194.5
"7012","10010000",2018-03-13,4194.5
"7013","10010000",2018-03-14,4194.6
"7014","10010000",2018-03-15,4194.6
"7015","10010000",2018-03-16,4194.5
"7016","10010000",2018-03-17,4194.5
"7017","10010000",2018-03-18,4194.6
"7018","10010000",2018-03-19,4194.6
"7019","10010000",2018-03-20,4194.6
"7020","10010000",2018-03-21,4194.6
"7021","10010000",2018-03-22,4194.4
"7022","10010000",2018-03-23,4194.7
"7023","10010000",2018-03-24,4194.7
"7024","10010000",2018-03-25,4194.7
"7025","10010000",2018-03-26,4194.7
"7026","10010000",2018-03-27,4194.7
"7027","10010000",2018-03-28,4194.7
"7028","10010000",2018-03-29,4194.7
"7029","10010000",2018-03-30,4194.7
"7030","10010000",2018-03-31,4194.7
"7031","10010000",2018-04-01,4194.7
"7032","10010000",2018-04-02,4194.9
"7033","10010000",2018-04-03,4194.7
"7034","10010000",2018-04-04,4194.7
"7035","10010000",2018-04-05,4194.7
"7036","10010000",2018-04-06,4194.8
"7037","10010000",2018-04-07,4194.8
"7038","10010000",2018-04-08,4194.9
"7039","10010000",2018-04-09,4194.8
"7040","10010000",2018-04-10,4194.8
"7041","10010000",2018-04-11,4194.8
"7042","10010000",2018-04-12,4195.2
"7043","10010000",2018-04-13,4195
"7044","10010000",2018-04-14,4194.8
"7045","10010000",2018-04-15,4194.8
"7046","10010000",2018-04-16,4194.9
"7047","10010000",2018-04-17,4195
"7048","10010000",2018-04-18,4194.8
"7049","10010000",2018-04-19,4194.8
"7050","10010000",2018-04-20,4194.9
"7051","10010000",2018-04-21,4194.8
"7052","10010000",2018-04-22,4194.8
"7053","10010000",2018-04-23,4194.9
"7054","10010000",2018-04-24,4194.9
"7055","10010000",2018-04-25,4194.8
"7056","10010000",2018-04-26,4194.8
"7057","10010000",2018-04-27,4194.8
"7058","10010000",2018-04-28,4194.8
"7059","10010000",2018-04-29,4194.9
"7060","10010000",2018-04-30,4194.8
"7061","10010000",2018-05-01,4194.8
"7062","10010000",2018-05-02,4194.8
"7063","10010000",2018-05-03,4194.8
"7064","10010000",2018-05-04,4194.8
"7065","10010000",2018-05-05,4194.8
"7066","10010000",2018-05-06,4194.7
"7067","10010000",2018-05-07,4194.8
"7068","10010000",2018-05-08,4194.8
"7069","10010000",2018-05-09,4194.8
"7070","10010000",2018-05-10,4194.9
"7071","10010000",2018-05-11,4195
"7072","10010000",2018-05-12,4194.9
"7073","10010000",2018-05-13,4194.9
"7074","10010000",2018-05-14,4194.9
"7075","10010000",2018-05-15,4194.9
"7076","10010000",2018-05-16,4194.9
"7077","10010000",2018-05-17,4194.9
"7078","10010000",2018-05-18,4194.9
"7079","10010000",2018-05-19,4194.8
"7080","10010000",2018-05-20,4194.8
"7081","10010000",2018-05-21,4194.8
"7082","10010000",2018-05-22,4194.7
"7083","10010000",2018-05-23,4194.7
"7084","10010000",2018-05-24,4194.7
"7085","10010000",2018-05-25,4194.7
"7086","10010000",2018-05-26,4194.8
"7087","10010000",2018-05-27,4194.8
"7088","10010000",2018-05-28,4194.7
"7089","10010000",2018-05-29,4194.7
"7090","10010000",2018-05-30,4194.7
"7091","10010000",2018-05-31,4194.8
"7092","10010000",2018-06-01,4194.7
"7093","10010000",2018-06-02,4194.7
"7094","10010000",2018-06-03,4194.6
"7095","10010000",2018-06-04,4194.6
"7096","10010000",2018-06-05,4194.6
"7097","10010000",2018-06-06,4194.6
"7098","10010000",2018-06-07,4194.6
"7099","10010000",2018-06-08,4194.6
"7100","10010000",2018-06-09,4194.5
"7101","10010000",2018-06-10,4194.6
"7102","10010000",2018-06-11,4194.5
"7103","10010000",2018-06-12,4194.5
"7104","10010000",2018-06-13,4194.4
"7105","10010000",2018-06-14,4194.5
"7106","10010000",2018-06-15,4194.5
"7107","10010000",2018-06-16,4194.5
"7108","10010000",2018-06-17,4194.3
"7109","10010000",2018-06-18,4194.4
"7110","10010000",2018-06-19,4194.3
"7111","10010000",2018-06-20,4194.3
"7112","10010000",2018-06-21,4194.3
"7113","10010000",2018-06-22,4194.3
"7114","10010000",2018-06-23,4194.3
"7115","10010000",2018-06-24,4194.2
"7116","10010000",2018-06-25,4194.2
"7117","10010000",2018-06-26,4194.1
"7118","10010000",2018-06-27,4194.1
"7119","10010000",2018-06-28,4194.1
"7120","10010000",2018-06-29,4194.1
"7121","10010000",2018-06-30,4194
"7122","10010000",2018-07-01,4193.9
"7123","10010000",2018-07-02,4193.9
"7124","10010000",2018-07-03,4194
"7125","10010000",2018-07-04,4193.9
"7126","10010000",2018-07-05,4193.9
"7127","10010000",2018-07-06,4193.9
"7128","10010000",2018-07-07,4193.9
"7129","10010000",2018-07-08,4193.7
"7130","10010000",2018-07-09,4193.8
"7131","10010000",2018-07-10,4193.8
"7132","10010000",2018-07-11,4193.8
"7133","10010000",2018-07-12,4193.7
"7134","10010000",2018-07-13,4193.7
"7135","10010000",2018-07-14,4193.7
"7136","10010000",2018-07-15,4193.7
"7137","10010000",2018-07-16,4193.7
"7138","10010000",2018-07-17,4193.6
"7139","10010000",2018-07-18,4193.6
"7140","10010000",2018-07-19,4193.6
"7141","10010000",2018-07-20,4193.6
"7142","10010000",2018-07-21,4193.5
"7143","10010000",2018-07-22,4193.6
"7144","10010000",2018-07-23,4193.5
"7145","10010000",2018-07-24,4193.5
"7146","10010000",2018-07-25,4193.5
"7147","10010000",2018-07-26,4193.5
"7148","10010000",2018-07-27,4193.4
"7149","10010000",2018-07-28,4193.4
"7150","10010000",2018-07-29,4193.4
"7151","10010000",2018-07-30,4193.4
"7152","10010000",2018-07-31,4193.4
"7153","10010000",2018-08-01,4193.3
"7154","10010000",2018-08-02,4193.2
"7155","10010000",2018-08-03,4193.3
"7156","10010000",2018-08-04,4193.3
"7157","10010000",2018-08-05,4193.3
"7158","10010000",2018-08-06,4193.2
"7159","10010000",2018-08-07,4193.2
"7160","10010000",2018-08-08,4193.2
"7161","10010000",2018-08-09,4193.2
"7162","10010000",2018-08-10,4193.1
"7163","10010000",2018-08-11,4193.1
"7164","10010000",2018-08-12,4193.1
"7165","10010000",2018-08-13,4193.1
"7166","10010000",2018-08-14,4193.1
"7167","10010000",2018-08-15,4193
"7168","10010000",2018-08-16,4193
"7169","10010000",2018-08-17,4193
"7170","10010000",2018-08-18,4193
"7171","10010000",2018-08-19,4193
"7172","10010000",2018-08-20,4192.9
"7173","10010000",2018-08-21,4192.9
"7174","10010000",2018-08-22,4192.8
"7175","10010000",2018-08-23,4192.8
"7176","10010000",2018-08-24,4192.8
"7177","10010000",2018-08-25,4192.8
"7178","10010000",2018-08-26,4192.8
"7179","10010000",2018-08-27,4192.9
"7180","10010000",2018-08-28,4192.8
"7181","10010000",2018-08-29,4192.7
"7182","10010000",2018-08-30,4192.7
"7183","10010000",2018-08-31,4192.8
"7184","10010000",2018-09-01,4192.7
"7185","10010000",2018-09-02,4192.7
"7186","10010000",2018-09-03,4192.7
"7187","10010000",2018-09-04,4192.6
"7188","10010000",2018-09-05,4192.6
"7189","10010000",2018-09-06,4192.6
"7190","10010000",2018-09-07,4192.6
"7191","10010000",2018-09-08,4192.6
"7192","10010000",2018-09-09,4192.6
"7193","10010000",2018-09-10,4192.5
"7194","10010000",2018-09-11,4192.5
"7195","10010000",2018-09-12,4192.5
"7196","10010000",2018-09-13,4192.5
"7197","10010000",2018-09-14,4192.5
"7198","10010000",2018-09-15,4192.4
"7199","10010000",2018-09-16,4192.4
"7200","10010000",2018-09-17,4192.4
"7201","10010000",2018-09-18,4192.4
"7202","10010000",2018-09-19,4192.4
"7203","10010000",2018-09-20,4192.3
"7204","10010000",2018-09-21,4192.3
"7205","10010000",2018-09-22,4192.3
"7206","10010000",2018-09-23,4192.3
"7207","10010000",2018-09-24,4192.3
"7208","10010000",2018-09-25,4192.2
"7209","10010000",2018-09-26,4192.2
"7210","10010000",2018-09-27,4192.2
"7211","10010000",2018-09-28,4192.2
"7212","10010000",2018-09-29,4192.1
"7213","10010000",2018-09-30,4192
"7214","10010000",2018-10-01,4192.1
"7215","10010000",2018-10-02,4192.1
"7216","10010000",2018-10-03,4192.2
"7217","10010000",2018-10-04,4192.1
"7218","10010000",2018-10-05,4192.1
"7219","10010000",2018-10-06,4192.2
"7220","10010000",2018-10-07,4192.4
"7221","10010000",2018-10-08,4192.2
"7222","10010000",2018-10-09,4192.1
"7223","10010000",2018-10-10,4192.2
"7224","10010000",2018-10-11,4192.1
"7225","10010000",2018-10-12,4192.1
"7226","10010000",2018-10-13,4192.2
"7227","10010000",2018-10-14,4192.3
"7228","10010000",2018-10-15,4192.1
"7229","10010000",2018-10-16,4192.1
"7230","10010000",2018-10-17,4192.1
"7231","10010000",2018-10-18,4192
"7232","10010000",2018-10-19,4192.1
"7233","10010000",2018-10-20,4192.1
"7234","10010000",2018-10-21,4192.1
"7235","10010000",2018-10-22,4192.1
"7236","10010000",2018-10-23,4192.1
"7237","10010000",2018-10-24,4192.1
"7238","10010000",2018-10-25,4192.1
"7239","10010000",2018-10-26,4192.1
"7240","10010000",2018-10-27,4192.1
"7241","10010000",2018-10-28,4192.1
"7242","10010000",2018-10-29,4192.1
"7243","10010000",2018-10-30,4192.2
"7244","10010000",2018-10-31,4192.1
"7245","10010000",2018-11-01,4192
"7246","10010000",2018-11-02,4192.1
"7247","10010000",2018-11-03,4192.1
"7248","10010000",2018-11-04,4192
"7249","10010000",2018-11-05,4192.1
"7250","10010000",2018-11-06,4192
"7251","10010000",2018-11-07,4192.1
"7252","10010000",2018-11-08,4192
"7253","10010000",2018-11-09,4192
"7254","10010000",2018-11-10,4192
"7255","10010000",2018-11-11,4192.1
"7256","10010000",2018-11-12,4192
"7257","10010000",2018-11-13,4192
"7258","10010000",2018-11-14,4192
"7259","10010000",2018-11-15,4192
"7260","10010000",2018-11-16,4192
"7261","10010000",2018-11-17,4192
"7262","10010000",2018-11-18,4192
"7263","10010000",2018-11-19,4192
"7264","10010000",2018-11-20,4192
"7265","10010000",2018-11-21,4192
"7266","10010000",2018-11-22,4192
"7267","10010000",2018-11-23,4192
"7268","10010000",2018-11-24,4192.1
"7269","10010000",2018-11-25,4192
"7270","10010000",2018-11-26,4192
"7271","10010000",2018-11-27,4192
"7272","10010000",2018-11-28,4192
"7273","10010000",2018-11-29,4192.1
"7274","10010000",2018-11-30,4192.2
"7275","10010000",2018-12-01,4192.1
"7276","10010000",2018-12-02,4192.2
"7277","10010000",2018-12-03,4192.1
"7278","10010000",2018-12-04,4192.1
"7279","10010000",2018-12-05,4192.1
"7280","10010000",2018-12-06,4192.1
"7281","10010000",2018-12-07,4192.1
"7282","10010000",2018-12-08,4192.1
"7283","10010000",2018-12-09,4192.1
"7284","10010000",2018-12-10,4192.1
"7285","10010000",2018-12-11,4192.1
"7286","10010000",2018-12-12,4192.3
"7287","10010000",2018-12-13,4192.2
"7288","10010000",2018-12-14,4192.2
"7289","10010000",2018-12-15,4192.2
"7290","10010000",2018-12-16,4192.2
"7291","10010000",2018-12-17,4192.2
"7292","10010000",2018-12-18,4192.2
"7293","10010000",2018-12-19,4192.2
"7294","10010000",2018-12-20,4192.2
"7295","10010000",2018-12-21,4192.3
"7296","10010000",2018-12-22,4192.3
"7297","10010000",2018-12-23,4192.2
"7298","10010000",2018-12-24,4192.3
"7299","10010000",2018-12-25,4192.3
"7300","10010000",2018-12-26,4192.4
"7301","10010000",2018-12-27,4192.4
"7302","10010000",2018-12-28,4192.4
"7303","10010000",2018-12-29,4192.3
"7304","10010000",2018-12-30,4192.3
"7305","10010000",2018-12-31,4192.4
"7306","10010000",2019-01-01,4192.4
"7307","10010000",2019-01-02,4192.3
"7308","10010000",2019-01-03,4192.3
"7309","10010000",2019-01-04,4192.3
"7310","10010000",2019-01-05,4192.3
"7311","10010000",2019-01-06,4192.3
"7312","10010000",2019-01-07,4192.3
"7313","10010000",2019-01-08,4192.4
"7314","10010000",2019-01-09,4192.4
"7315","10010000",2019-01-10,4192.4
"7316","10010000",2019-01-11,4192.3
"7317","10010000",2019-01-12,4192.3
"7318","10010000",2019-01-13,4192.3
"7319","10010000",2019-01-14,4192.4
"7320","10010000",2019-01-15,4192.4
"7321","10010000",2019-01-16,4192.4
"7322","10010000",2019-01-17,4192.4
"7323","10010000",2019-01-18,4192.4
"7324","10010000",2019-01-19,4192.5
"7325","10010000",2019-01-20,4192.5
"7326","10010000",2019-01-21,4192.6
"7327","10010000",2019-01-22,4192.6
"7328","10010000",2019-01-23,4192.5
"7329","10010000",2019-01-24,4192.5
"7330","10010000",2019-01-25,4192.6
"7331","10010000",2019-01-26,4192.6
"7332","10010000",2019-01-27,4192.6
"7333","10010000",2019-01-28,4192.6
"7334","10010000",2019-01-29,4192.6
"7335","10010000",2019-01-30,4192.6
"7336","10010000",2019-01-31,4192.6
"7337","10010000",2019-02-01,4192.7
"7338","10010000",2019-02-02,4192.7
"7339","10010000",2019-02-03,4192.7
"7340","10010000",2019-02-04,4192.5
"7341","10010000",2019-02-05,4192.5
"7342","10010000",2019-02-06,4192.7
"7343","10010000",2019-02-07,4192.8
"7344","10010000",2019-02-08,4192.8
"7345","10010000",2019-02-09,4192.7
"7346","10010000",2019-02-10,4192.7
"7347","10010000",2019-02-11,4192.8
"7348","10010000",2019-02-12,4192.9
"7349","10010000",2019-02-13,4192.9
"7350","10010000",2019-02-14,4192.6
"7351","10010000",2019-02-15,4192.9
"7352","10010000",2019-02-16,4193.1
"7353","10010000",2019-02-17,4193.1
"7354","10010000",2019-02-18,4193.1
"7355","10010000",2019-02-19,4193.2
"7356","10010000",2019-02-20,4193.1
"7357","10010000",2019-02-21,4193.1
"7358","10010000",2019-02-22,4193.2
"7359","10010000",2019-02-23,4193.1
"7360","10010000",2019-02-24,4193.1
"7361","10010000",2019-02-25,4193.1
"7362","10010000",2019-02-26,4193.2
"7363","10010000",2019-02-27,4193.2
"7364","10010000",2019-02-28,4193.2
"7365","10010000",2019-03-01,4193.3
"7366","10010000",2019-03-02,4193.3
"7367","10010000",2019-03-03,4193.3
"7368","10010000",2019-03-04,4193.3
"7369","10010000",2019-03-05,4193.3
"7370","10010000",2019-03-06,4193.3
"7371","10010000",2019-03-07,4193.3
"7372","10010000",2019-03-08,4193.5
"7373","10010000",2019-03-09,4193.4
"7374","10010000",2019-03-10,4193.5
"7375","10010000",2019-03-11,4193.5
"7376","10010000",2019-03-12,4193.5
"7377","10010000",2019-03-13,4193.7
"7378","10010000",2019-03-14,4193.6
"7379","10010000",2019-03-15,4193.6
"7380","10010000",2019-03-16,4193.6
"7381","10010000",2019-03-17,4193.6
"7382","10010000",2019-03-18,4193.6
"7383","10010000",2019-03-19,4193.6
"7384","10010000",2019-03-20,4193.6
"7385","10010000",2019-03-21,4193.6
"7386","10010000",2019-03-22,4193.6
"7387","10010000",2019-03-23,4193.6
"7388","10010000",2019-03-24,4193.7
"7389","10010000",2019-03-25,4193.7
"7390","10010000",2019-03-26,4193.7
"7391","10010000",2019-03-27,4193.7
"7392","10010000",2019-03-28,4193.8
"7393","10010000",2019-03-29,4193.8
"7394","10010000",2019-03-30,4193.8
"7395","10010000",2019-03-31,4193.8
"7396","10010000",2019-04-01,4193.8
"7397","10010000",2019-04-02,4193.8
"7398","10010000",2019-04-03,4193.9
"7399","10010000",2019-04-04,4193.9
"7400","10010000",2019-04-05,4193.9
"7401","10010000",2019-04-06,4193.9
"7402","10010000",2019-04-07,4193.9
"7403","10010000",2019-04-08,4193.9
"7404","10010000",2019-04-09,4194
"7405","10010000",2019-04-10,4194.5
"7406","10010000",2019-04-11,4194.1
"7407","10010000",2019-04-12,4194
"7408","10010000",2019-04-13,4194
"7409","10010000",2019-04-14,4194
"7410","10010000",2019-04-15,4194.1
"7411","10010000",2019-04-16,4194.2
"7412","10010000",2019-04-17,4194.2
"7413","10010000",2019-04-18,4194.2
"7414","10010000",2019-04-19,4194.2
"7415","10010000",2019-04-20,4194.3
"7416","10010000",2019-04-21,4194.4
"7417","10010000",2019-04-22,4194.4
"7418","10010000",2019-04-23,4194.4
"7419","10010000",2019-04-24,4194.4
"7420","10010000",2019-04-25,4194.4
"7421","10010000",2019-04-26,4194.5
"7422","10010000",2019-04-27,4194.5
"7423","10010000",2019-04-28,4194.6
"7424","10010000",2019-04-29,4194.6
"7425","10010000",2019-04-30,4194.6
"7426","10010000",2019-05-01,4194.5
"7427","10010000",2019-05-02,4194.5
"7428","10010000",2019-05-03,4194.5
"7429","10010000",2019-05-04,4194.5
"7430","10010000",2019-05-05,4194.5
"7431","10010000",2019-05-06,4194.5
"7432","10010000",2019-05-07,4194.6
"7433","10010000",2019-05-08,4194.7
"7434","10010000",2019-05-09,4194.6
"7435","10010000",2019-05-10,4194.6
"7436","10010000",2019-05-11,4194.6
"7437","10010000",2019-05-12,4194.6
"7438","10010000",2019-05-13,4194.6
"7439","10010000",2019-05-14,4194.6
"7440","10010000",2019-05-15,4194.5
"7441","10010000",2019-05-16,4194.4
"7442","10010000",2019-05-17,4194.7
"7443","10010000",2019-05-18,4194.6
"7444","10010000",2019-05-19,4194.5
"7445","10010000",2019-05-20,4194.6
"7446","10010000",2019-05-21,4194.7
"7447","10010000",2019-05-22,4194.6
"7448","10010000",2019-05-23,4194.6
"7449","10010000",2019-05-24,4194.6
"7450","10010000",2019-05-25,4194.7
"7451","10010000",2019-05-26,4194.7
"7452","10010000",2019-05-27,4194.7
"7453","10010000",2019-05-28,4194.8
"7454","10010000",2019-05-29,4194.8
"7455","10010000",2019-05-30,4194.8
"7456","10010000",2019-05-31,4194.8
"7457","10010000",2019-06-01,4194.8
"7458","10010000",2019-06-02,4194.8
"7459","10010000",2019-06-03,4194.8
"7460","10010000",2019-06-04,4194.8
"7461","10010000",2019-06-05,4194.8
"7462","10010000",2019-06-06,4194.7
"7463","10010000",2019-06-07,4195.1
"7464","10010000",2019-06-08,4194.9
"7465","10010000",2019-06-09,4194.9
"7466","10010000",2019-06-10,4194.9
"7467","10010000",2019-06-11,4194.9
"7468","10010000",2019-06-12,4194.9
"7469","10010000",2019-06-13,4194.9
"7470","10010000",2019-06-14,4194.9
"7471","10010000",2019-06-15,4194.9
"7472","10010000",2019-06-16,4194.9
"7473","10010000",2019-06-17,4194.9
"7474","10010000",2019-06-18,4194.9
"7475","10010000",2019-06-19,4194.9
"7476","10010000",2019-06-20,4195
"7477","10010000",2019-06-21,4195
"7478","10010000",2019-06-22,4194.9
"7479","10010000",2019-06-23,4194.8
"7480","10010000",2019-06-24,4194.8
"7481","10010000",2019-06-25,4194.8
"7482","10010000",2019-06-26,4194.7
"7483","10010000",2019-06-27,4194.6
"7484","10010000",2019-06-28,4194.7
"7485","10010000",2019-06-29,4194.7
"7486","10010000",2019-06-30,4194.6
"7487","10010000",2019-07-01,4194.7
"7488","10010000",2019-07-02,4194.7
"7489","10010000",2019-07-03,4194.8
"7490","10010000",2019-07-04,4194.7
"7491","10010000",2019-07-05,4194.6
"7492","10010000",2019-07-06,4194.6
"7493","10010000",2019-07-07,4194.5
"7494","10010000",2019-07-08,4194.6
"7495","10010000",2019-07-09,4194.5
"7496","10010000",2019-07-10,4194.5
"7497","10010000",2019-07-11,4194.5
"7498","10010000",2019-07-12,4194.5
"7499","10010000",2019-07-13,4194.4
"7500","10010000",2019-07-14,4194.4
"7501","10010000",2019-07-15,4194.4
"7502","10010000",2019-07-16,4194.5
"7503","10010000",2019-07-17,4194.4
"7504","10010000",2019-07-18,4194.4
"7505","10010000",2019-07-19,4194.4
"7506","10010000",2019-07-20,4194.4
"7507","10010000",2019-07-21,4194.3
"7508","10010000",2019-07-22,4194.3
"7509","10010000",2019-07-23,4194.3
"7510","10010000",2019-07-24,4194.3
"7511","10010000",2019-07-25,4194.2
"7512","10010000",2019-07-26,4194.1
"7513","10010000",2019-07-27,4194.2
"7514","10010000",2019-07-28,4194.1
"7515","10010000",2019-07-29,4194.1
"7516","10010000",2019-07-30,4194.1
"7517","10010000",2019-07-31,4193.9
"7518","10010000",2019-08-01,4194
"7519","10010000",2019-08-02,4194
"7520","10010000",2019-08-03,4193.9
"7521","10010000",2019-08-04,4194
"7522","10010000",2019-08-05,4193.9
"7523","10010000",2019-08-06,4193.9
"7524","10010000",2019-08-07,4193.9
"7525","10010000",2019-08-08,4193.9
"7526","10010000",2019-08-09,4193.9
"7527","10010000",2019-08-10,4193.8
"7528","10010000",2019-08-11,4193.9
"7529","10010000",2019-08-12,4193.8
"7530","10010000",2019-08-13,4193.8
"7531","10010000",2019-08-14,4193.8
"7532","10010000",2019-08-15,4193.8
"7533","10010000",2019-08-16,4193.8
"7534","10010000",2019-08-17,4193.7
"7535","10010000",2019-08-18,4193.7
"7536","10010000",2019-08-19,4193.7
"7537","10010000",2019-08-20,4193.7
"7538","10010000",2019-08-21,4193.6
"7539","10010000",2019-08-22,4193.7
"7540","10010000",2019-08-23,4193.6
"7541","10010000",2019-08-24,4193.6
"7542","10010000",2019-08-25,4193.6
"7543","10010000",2019-08-26,4193.6
"7544","10010000",2019-08-27,4193.5
"7545","10010000",2019-08-28,4193.5
"7546","10010000",2019-08-29,4193.5
"7547","10010000",2019-08-30,4193.5
"7548","10010000",2019-08-31,4193.5
"7549","10010000",2019-09-01,4193.5
"7550","10010000",2019-09-02,4193.4
"7551","10010000",2019-09-03,4193.4
"7552","10010000",2019-09-04,4193.4
"7553","10010000",2019-09-05,4193.3
"7554","10010000",2019-09-06,4193.4
"7555","10010000",2019-09-07,4193.4
"7556","10010000",2019-09-08,4193.4
"7557","10010000",2019-09-09,4193.3
"7558","10010000",2019-09-10,4193.3
"7559","10010000",2019-09-11,4193.4
"7560","10010000",2019-09-12,4193.3
"7561","10010000",2019-09-13,4193.3
"7562","10010000",2019-09-14,4193.3
"7563","10010000",2019-09-15,4193.2
"7564","10010000",2019-09-16,4193
"7565","10010000",2019-09-17,4193.3
"7566","10010000",2019-09-18,4193.2
"7567","10010000",2019-09-19,4193.3
"7568","10010000",2019-09-20,4193.1
"7569","10010000",2019-09-21,4193.1
"7570","10010000",2019-09-22,4193.1
"7571","10010000",2019-09-23,4193.1
"7572","10010000",2019-09-24,4193.1
"7573","10010000",2019-09-25,4193.1
"7574","10010000",2019-09-26,4193.1
"7575","10010000",2019-09-27,4193.1
"7576","10010000",2019-09-28,4193.2
"7577","10010000",2019-09-29,4193.3
"7578","10010000",2019-09-30,4193.2
"7579","10010000",2019-10-01,4193.3
"7580","10010000",2019-10-02,4193.2
"7581","10010000",2019-10-03,4193.2
"7582","10010000",2019-10-04,4193.4
"7583","10010000",2019-10-05,4193.2
"7584","10010000",2019-10-06,4193.2
"7585","10010000",2019-10-07,4193.2
"7586","10010000",2019-10-08,4193.2
"7587","10010000",2019-10-09,4193.4
"7588","10010000",2019-10-10,4193.3
"7589","10010000",2019-10-11,4193.2
"7590","10010000",2019-10-12,4193.2
"7591","10010000",2019-10-13,4193.2
"7592","10010000",2019-10-14,4193.2
"7593","10010000",2019-10-15,4193.2
"7594","10010000",2019-10-16,4193.2
"7595","10010000",2019-10-17,4193.3
"7596","10010000",2019-10-18,4193.2
"7597","10010000",2019-10-19,4193.3
"7598","10010000",2019-10-20,4193.3
"7599","10010000",2019-10-21,4193.2
"7600","10010000",2019-10-22,4193.2
"7601","10010000",2019-10-23,4193.3
"7602","10010000",2019-10-24,4193.2
"7603","10010000",2019-10-25,4193.2
"7604","10010000",2019-10-26,4193.3
"7605","10010000",2019-10-27,4193.4
"7606","10010000",2019-10-28,4193.2
"7607","10010000",2019-10-29,4193.3
"7608","10010000",2019-10-30,4193.2
"7609","10010000",2019-10-31,4193.2
"7610","10010000",2019-11-01,4193.2
"7611","10010000",2019-11-02,4193.2
"7612","10010000",2019-11-03,4193.2
"7613","10010000",2019-11-04,4193.2
"7614","10010000",2019-11-05,4193.2
"7615","10010000",2019-11-06,4193.2
"7616","10010000",2019-11-07,4193.2
"7617","10010000",2019-11-08,4193.2
"7618","10010000",2019-11-09,4193.2
"7619","10010000",2019-11-10,4193.2
"7620","10010000",2019-11-11,4193.3
"7621","10010000",2019-11-12,4193.3
"7622","10010000",2019-11-13,4193.3
"7623","10010000",2019-11-14,4193.3
"7624","10010000",2019-11-15,4193.3
"7625","10010000",2019-11-16,4193.3
"7626","10010000",2019-11-17,4193.3
"7627","10010000",2019-11-18,4193.3
"7628","10010000",2019-11-19,4193.3
"7629","10010000",2019-11-20,4193.3
"7630","10010000",2019-11-21,4193.3
"7631","10010000",2019-11-22,4193.3
"7632","10010000",2019-11-23,4193.3
"7633","10010000",2019-11-24,4193.3
"7634","10010000",2019-11-25,4193.6
"7635","10010000",2019-11-26,4193.3
"7636","10010000",2019-11-27,4193.2
"7637","10010000",2019-11-28,4193.3
"7638","10010000",2019-11-29,4193.4
"7639","10010000",2019-11-30,4193.4
"7640","10010000",2019-12-01,4193.4
"7641","10010000",2019-12-02,4193.4
"7642","10010000",2019-12-03,4193.4
"7643","10010000",2019-12-04,4193.4
"7644","10010000",2019-12-05,4193.5
"7645","10010000",2019-12-06,4193.5
"7646","10010000",2019-12-07,4193.5
"7647","10010000",2019-12-08,4193.5
"7648","10010000",2019-12-09,4193.5
"7649","10010000",2019-12-10,4193.5
"7650","10010000",2019-12-11,4193.6
"7651","10010000",2019-12-12,4193.6
"7652","10010000",2019-12-13,4193.6
"7653","10010000",2019-12-14,4193.7
"7654","10010000",2019-12-15,4193.7
"7655","10010000",2019-12-16,4193.7
"7656","10010000",2019-12-17,4193.7
"7657","10010000",2019-12-18,4193.7
"7658","10010000",2019-12-19,4193.7
"7659","10010000",2019-12-20,4193.7
"7660","10010000",2019-12-21,4193.7
"7661","10010000",2019-12-22,4193.7
"7662","10010000",2019-12-23,4193.8
"7663","10010000",2019-12-24,4193.8
"7664","10010000",2019-12-25,4193.8
"7665","10010000",2019-12-26,4193.8
"7666","10010000",2019-12-27,4193.9
"7667","10010000",2019-12-28,4193.9
"7668","10010000",2019-12-29,4193.8
"7669","10010000",2019-12-30,4193.8
"7670","10010000",2019-12-31,4193.8
"7671","10010000",2020-01-01,4193.8
"7672","10010000",2020-01-02,4193.9
"7673","10010000",2020-01-03,4193.8
"7674","10010000",2020-01-04,4193.8
"7675","10010000",2020-01-05,4193.9
"7676","10010000",2020-01-06,4193.9
"7677","10010000",2020-01-07,4193.9
"7678","10010000",2020-01-08,4193.9
"7679","10010000",2020-01-09,4193.9
"7680","10010000",2020-01-10,4193.9
"7681","10010000",2020-01-11,4193.9
"7682","10010000",2020-01-12,4193.9
"7683","10010000",2020-01-13,4193.9
"7684","10010000",2020-01-14,4193.9
"7685","10010000",2020-01-15,4193.9
"7686","10010000",2020-01-16,4193.9
"7687","10010000",2020-01-17,4193.9
"7688","10010000",2020-01-18,4193.9
"7689","10010000",2020-01-19,4193.9
"7690","10010000",2020-01-20,4193.9
"7691","10010000",2020-01-21,4193.9
"7692","10010000",2020-01-22,4193.9
"7693","10010000",2020-01-23,4193.9
"7694","10010000",2020-01-24,4194
"7695","10010000",2020-01-25,4194
"7696","10010000",2020-01-26,4194
"7697","10010000",2020-01-27,4194
"7698","10010000",2020-01-28,4194
"7699","10010000",2020-01-29,4194.1
"7700","10010000",2020-01-30,4194.1
"7701","10010000",2020-01-31,4194.1
"7702","10010000",2020-02-01,4194.2
"7703","10010000",2020-02-02,4194.3
"7704","10010000",2020-02-03,4194.6
"7705","10010000",2020-02-04,4194.3
"7706","10010000",2020-02-05,4194.2
"7707","10010000",2020-02-06,4194.2
"7708","10010000",2020-02-07,4194.3
"7709","10010000",2020-02-08,4194.3
"7710","10010000",2020-02-09,4194.4
"7711","10010000",2020-02-10,4194.3
"7712","10010000",2020-02-11,4194.3
"7713","10010000",2020-02-12,4194.3
"7714","10010000",2020-02-13,4194.3
"7715","10010000",2020-02-14,4194.4
"7716","10010000",2020-02-15,4194.3
"7717","10010000",2020-02-16,4194.4
"7718","10010000",2020-02-17,4194.4
"7719","10010000",2020-02-18,4194.4
"7720","10010000",2020-02-19,4194.5
"7721","10010000",2020-02-20,4194.4
"7722","10010000",2020-02-21,4194.4
"7723","10010000",2020-02-22,4194.4
"7724","10010000",2020-02-23,4194.4
"7725","10010000",2020-02-24,4194.6
"7726","10010000",2020-02-25,4194.5
"7727","10010000",2020-02-26,4194.5
"7728","10010000",2020-02-27,4194.5
"7729","10010000",2020-02-28,4194.5
"7730","10010000",2020-02-29,4194.5
"7731","10010000",2020-03-01,4194.7
"7732","10010000",2020-03-02,4194.5
"7733","10010000",2020-03-03,4194.5
"7734","10010000",2020-03-04,4194.5
"7735","10010000",2020-03-05,4194.5
"7736","10010000",2020-03-06,4194.5
"7737","10010000",2020-03-07,4194.5
"7738","10010000",2020-03-08,4194.5
"7739","10010000",2020-03-09,4194.5
"7740","10010000",2020-03-10,4194.5
"7741","10010000",2020-03-11,4194.5
"7742","10010000",2020-03-12,4194.6
"7743","10010000",2020-03-13,4194.6
"7744","10010000",2020-03-14,4194.3
"7745","10010000",2020-03-15,4194.4
"7746","10010000",2020-03-16,4194.5
"7747","10010000",2020-03-17,4194.5
"7748","10010000",2020-03-18,4194.6
"7749","10010000",2020-03-19,4194.6
"7750","10010000",2020-03-20,4194.6
"7751","10010000",2020-03-21,4194.6
"7752","10010000",2020-03-22,4194.6
"7753","10010000",2020-03-23,4194.6
"7754","10010000",2020-03-24,4194.6
"7755","10010000",2020-03-25,4194.6
"7756","10010000",2020-03-26,4194.7
"7757","10010000",2020-03-27,4194.7
"7758","10010000",2020-03-28,4194.7
"7759","10010000",2020-03-29,4194.7
"7760","10010000",2020-03-30,4194.7
"7761","10010000",2020-03-31,4194.7
"7762","10010000",2020-04-01,4194.8
"7763","10010000",2020-04-02,4194.8
"7764","10010000",2020-04-03,4194.7
"7765","10010000",2020-04-04,4194.7
"7766","10010000",2020-04-05,4194.7
"7767","10010000",2020-04-06,4194.7
"7768","10010000",2020-04-07,4194.7
"7769","10010000",2020-04-08,4194.8
"7770","10010000",2020-04-09,4194.7
"7771","10010000",2020-04-10,4194.7
"7772","10010000",2020-04-11,4194.8
"7773","10010000",2020-04-12,4194.9
"7774","10010000",2020-04-13,4194.8
"7775","10010000",2020-04-14,4194.7
"7776","10010000",2020-04-15,4194.7
"7777","10010000",2020-04-16,4194.8
"7778","10010000",2020-04-17,4194.7
"7779","10010000",2020-04-18,4194.7
"7780","10010000",2020-04-19,4194.7
"7781","10010000",2020-04-20,4194.7
"7782","10010000",2020-04-21,4194.7
"7783","10010000",2020-04-22,4194.7
"7784","10010000",2020-04-23,4194.9
"7785","10010000",2020-04-24,4194.7
"7786","10010000",2020-04-25,4194.7
"7787","10010000",2020-04-26,4194.7
"7788","10010000",2020-04-27,4194.7
"7789","10010000",2020-04-28,4194.7
"7790","10010000",2020-04-29,4194.7
"7791","10010000",2020-04-30,4194.7
"7792","10010000",2020-05-01,4194.7
"7793","10010000",2020-05-02,4194.7
"7794","10010000",2020-05-03,4194.8
"7795","10010000",2020-05-04,4194.7
"7796","10010000",2020-05-05,4194.6
"7797","10010000",2020-05-06,4194.7
"7798","10010000",2020-05-07,4194.6
"7799","10010000",2020-05-08,4194.6
"7800","10010000",2020-05-09,4194.6
"7801","10010000",2020-05-10,4194.6
"7802","10010000",2020-05-11,4194.5
"7803","10010000",2020-05-12,4194.6
"7804","10010000",2020-05-13,4194.6
"7805","10010000",2020-05-14,4194.6
"7806","10010000",2020-05-15,4194.6
"7807","10010000",2020-05-16,4194.6
"7808","10010000",2020-05-17,4194.4
"7809","10010000",2020-05-18,4194.3
"7810","10010000",2020-05-19,4194.5
"7811","10010000",2020-05-20,4194.4
"7812","10010000",2020-05-21,4194.4
"7813","10010000",2020-05-22,4194.6
"7814","10010000",2020-05-23,4194.4
"7815","10010000",2020-05-24,4194.4
"7816","10010000",2020-05-25,4194.4
"7817","10010000",2020-05-26,4194.4
"7818","10010000",2020-05-27,4194.4
"7819","10010000",2020-05-28,4194.4
"7820","10010000",2020-05-29,4194.4
"7821","10010000",2020-05-30,4194.3
"7822","10010000",2020-05-31,4194.4
"7823","10010000",2020-06-01,4194.3
"7824","10010000",2020-06-02,4194.4
"7825","10010000",2020-06-03,4194.3
"7826","10010000",2020-06-04,4194.3
"7827","10010000",2020-06-05,4194.2
"7828","10010000",2020-06-06,4194.1
"7829","10010000",2020-06-07,4194.4
"7830","10010000",2020-06-08,4194.3
"7831","10010000",2020-06-09,4194.2
"7832","10010000",2020-06-10,4194.2
"7833","10010000",2020-06-11,4194.2
"7834","10010000",2020-06-12,4194.2
"7835","10010000",2020-06-13,4194.2
"7836","10010000",2020-06-14,4194.2
"7837","10010000",2020-06-15,4194.2
"7838","10010000",2020-06-16,4194.3
"7839","10010000",2020-06-17,4194.2
"7840","10010000",2020-06-18,4194.2
"7841","10010000",2020-06-19,4194.1
"7842","10010000",2020-06-20,4194.1
"7843","10010000",2020-06-21,4194.1
"7844","10010000",2020-06-22,4194.1
"7845","10010000",2020-06-23,4194.1
"7846","10010000",2020-06-24,4194.1
"7847","10010000",2020-06-25,4194.2
"7848","10010000",2020-06-26,4194.1
"7849","10010000",2020-06-27,4194.1
"7850","10010000",2020-06-28,4194.3
"7851","10010000",2020-06-29,4194.1
"7852","10010000",2020-06-30,4194.1
"7853","10010000",2020-07-01,4194.1
"7854","10010000",2020-07-02,4194.1
"7855","10010000",2020-07-03,4194
"7856","10010000",2020-07-04,4194
"7857","10010000",2020-07-05,4194
"7858","10010000",2020-07-06,4194
"7859","10010000",2020-07-07,4194
"7860","10010000",2020-07-08,4194
"7861","10010000",2020-07-09,4194
"7862","10010000",2020-07-10,4193.9
"7863","10010000",2020-07-11,4193.9
"7864","10010000",2020-07-12,4193.9
"7865","10010000",2020-07-13,4193.9
"7866","10010000",2020-07-14,4193.9
"7867","10010000",2020-07-15,4193.8
"7868","10010000",2020-07-16,4193.8
"7869","10010000",2020-07-17,4193.8
"7870","10010000",2020-07-18,4193.8
"7871","10010000",2020-07-19,4193.8
"7872","10010000",2020-07-20,4193.7
"7873","10010000",2020-07-21,4193.7
"7874","10010000",2020-07-22,4193.6
"7875","10010000",2020-07-23,4193.6
"7876","10010000",2020-07-24,4193.6
"7877","10010000",2020-07-25,4193.6
"7878","10010000",2020-07-26,4193.6
"7879","10010000",2020-07-27,4193.5
"7880","10010000",2020-07-28,4193.6
"7881","10010000",2020-07-29,4193.6
"7882","10010000",2020-07-30,4193.5
"7883","10010000",2020-07-31,4193.5
"7884","10010000",2020-08-01,4193.5
"7885","10010000",2020-08-02,4193.5
"7886","10010000",2020-08-03,4193.5
"7887","10010000",2020-08-04,4193.5
"7888","10010000",2020-08-05,4193.4
"7889","10010000",2020-08-06,4193.3
"7890","10010000",2020-08-07,4193.4
"7891","10010000",2020-08-08,4193.3
"7892","10010000",2020-08-09,4193.3
"7893","10010000",2020-08-10,4193.3
"7894","10010000",2020-08-11,4193.3
"7895","10010000",2020-08-12,4193.3
"7896","10010000",2020-08-13,4193.2
"7897","10010000",2020-08-14,4193.2
"7898","10010000",2020-08-15,4193.2
"7899","10010000",2020-08-16,4193.2
"7900","10010000",2020-08-17,4193.2
"7901","10010000",2020-08-18,4193.2
"7902","10010000",2020-08-19,4193.2
"7903","10010000",2020-08-20,4193.1
"7904","10010000",2020-08-21,4193.1
"7905","10010000",2020-08-22,4193.1
"7906","10010000",2020-08-23,4193.1
"7907","10010000",2020-08-24,4193.1
"7908","10010000",2020-08-25,4193.1
"7909","10010000",2020-08-26,4193
"7910","10010000",2020-08-27,4193.1
"7911","10010000",2020-08-28,4193
"7912","10010000",2020-08-29,4193
"7913","10010000",2020-08-30,4193
"7914","10010000",2020-08-31,4193
"7915","10010000",2020-09-01,4192.9
"7916","10010000",2020-09-02,4192.8
"7917","10010000",2020-09-03,4192.8
"7918","10010000",2020-09-04,4192.8
"7919","10010000",2020-09-05,4192.8
"7920","10010000",2020-09-06,4192.8
"7921","10010000",2020-09-07,4193
"7922","10010000",2020-09-08,4192.8
"7923","10010000",2020-09-09,4192.7
"7924","10010000",2020-09-10,4192.6
"7925","10010000",2020-09-11,4192.6
"7926","10010000",2020-09-12,4192.6
"7927","10010000",2020-09-13,4192.6
"7928","10010000",2020-09-14,4192.6
"7929","10010000",2020-09-15,4192.6
"7930","10010000",2020-09-16,4192.6
"7931","10010000",2020-09-17,4192.6
"7932","10010000",2020-09-18,4192.6
"7933","10010000",2020-09-19,4192.7
"7934","10010000",2020-09-20,4192.6
"7935","10010000",2020-09-21,4192.6
"7936","10010000",2020-09-22,4192.6
"7937","10010000",2020-09-23,4192.6
"7938","10010000",2020-09-24,4192.6
"7939","10010000",2020-09-25,4192.6
"7940","10010000",2020-09-26,4192.6
"7941","10010000",2020-09-27,4192.6
"7942","10010000",2020-09-28,4192.5
"7943","10010000",2020-09-29,4192.5
"7944","10010000",2020-09-30,4192.5
"7945","10010000",2020-10-01,4192.5
"7946","10010000",2020-10-02,4192.5
"7947","10010000",2020-10-03,4192.5
"7948","10010000",2020-10-04,4192.5
"7949","10010000",2020-10-05,4192.5
"7950","10010000",2020-10-06,4192.4
"7951","10010000",2020-10-07,4192.4
"7952","10010000",2020-10-08,4192.4
"7953","10010000",2020-10-09,4192.4
"7954","10010000",2020-10-10,4192.4
"7955","10010000",2020-10-11,4192.5
"7956","10010000",2020-10-12,4192.4
"7957","10010000",2020-10-13,4192.4
"7958","10010000",2020-10-14,4192.5
"7959","10010000",2020-10-15,4192.4
"7960","10010000",2020-10-16,4192.3
"7961","10010000",2020-10-17,4192.3
"7962","10010000",2020-10-18,4192.3
"7963","10010000",2020-10-19,4192.3
"7964","10010000",2020-10-20,4192.3
"7965","10010000",2020-10-21,4192.3
"7966","10010000",2020-10-22,4192.5
"7967","10010000",2020-10-23,4192.3
"7968","10010000",2020-10-24,4192.3
"7969","10010000",2020-10-25,4192.4
"7970","10010000",2020-10-26,4192.2
"7971","10010000",2020-10-27,4192.2
"7972","10010000",2020-10-28,4192.2
"7973","10010000",2020-10-29,4192.2
"7974","10010000",2020-10-30,4192.2
"7975","10010000",2020-10-31,4192.2
"7976","10010000",2020-11-01,4192.2
"7977","10010000",2020-11-02,4192.2
"7978","10010000",2020-11-03,4192.2
"7979","10010000",2020-11-04,4192.2
"7980","10010000",2020-11-05,4192.2
"7981","10010000",2020-11-06,4192.1
"7982","10010000",2020-11-07,4192
"7983","10010000",2020-11-08,4192.1
"7984","10010000",2020-11-09,4192.3
"7985","10010000",2020-11-10,4192.1
"7986","10010000",2020-11-11,4192.2
"7987","10010000",2020-11-12,4192.1
"7988","10010000",2020-11-13,4192.1
"7989","10010000",2020-11-14,4192.4
"7990","10010000",2020-11-15,4192.2
"7991","10010000",2020-11-16,4192.1
"7992","10010000",2020-11-17,4192.1
"7993","10010000",2020-11-18,4192.1
"7994","10010000",2020-11-19,4192.2
"7995","10010000",2020-11-20,4192.2
"7996","10010000",2020-11-21,4192.2
"7997","10010000",2020-11-22,4192.2
"7998","10010000",2020-11-23,4192.2
"7999","10010000",2020-11-24,4192.2
"8000","10010000",2020-11-25,4192.2
"8001","10010000",2020-11-26,4192.2
"8002","10010000",2020-11-27,4192.2
"8003","10010000",2020-11-28,4192.2
"8004","10010000",2020-11-29,4192.2
"8005","10010000",2020-11-30,4192.2
"8006","10010000",2020-12-01,4192.2
"8007","10010000",2020-12-02,4192.2
"8008","10010000",2020-12-03,4192.1
"8009","10010000",2020-12-04,4192.1
"8010","10010000",2020-12-05,4192.2
"8011","10010000",2020-12-06,4192.2
"8012","10010000",2020-12-07,4192.2
"8013","10010000",2020-12-08,4192.2
"8014","10010000",2020-12-09,4192.2
"8015","10010000",2020-12-10,4192.2
"8016","10010000",2020-12-11,4192.1
"8017","10010000",2020-12-12,4192.2
"8018","10010000",2020-12-13,4192.2
"8019","10010000",2020-12-14,4192.2
"8020","10010000",2020-12-15,4192.2
"8021","10010000",2020-12-16,4192.2
"8022","10010000",2020-12-17,4192.2
"8023","10010000",2020-12-18,4192.2
"8024","10010000",2020-12-19,4192.2
"8025","10010000",2020-12-20,4192.2
"8026","10010000",2020-12-21,4192.2
"8027","10010000",2020-12-22,4192.4
"8028","10010000",2020-12-23,4192.3
"8029","10010000",2020-12-24,4192.2
"8030","10010000",2020-12-25,4192.2
"8031","10010000",2020-12-26,4192.2
"8032","10010000",2020-12-27,4192.3
"8033","10010000",2020-12-28,4192.3
"8034","10010000",2020-12-29,4192.3
"8035","10010000",2020-12-30,4192.2
"8036","10010000",2020-12-31,4192.3
"8037","10010000",2021-01-01,4192.3
"8038","10010000",2021-01-02,4192.3
"8039","10010000",2021-01-03,4192.3
"8040","10010000",2021-01-04,4192.3
"8041","10010000",2021-01-05,4192.3
"8042","10010000",2021-01-06,4192.3
"8043","10010000",2021-01-07,4192.3
"8044","10010000",2021-01-08,4192.3
"8045","10010000",2021-01-09,4192.3
"8046","10010000",2021-01-10,4192.3
"8047","10010000",2021-01-11,4192.3
"8048","10010000",2021-01-12,4192.3
"8049","10010000",2021-01-13,4192.3
"8050","10010000",2021-01-14,4192.3
"8051","10010000",2021-01-15,4192.3
"8052","10010000",2021-01-16,4192.3
"8053","10010000",2021-01-17,4192.3
"8054","10010000",2021-01-18,4192.4
"8055","10010000",2021-01-19,4192.3
"8056","10010000",2021-01-20,4192.3
"8057","10010000",2021-01-21,4192.3
"8058","10010000",2021-01-22,4192.3
"8059","10010000",2021-01-23,4192.4
"8060","10010000",2021-01-24,4192.4
"8061","10010000",2021-01-25,4192.4
"8062","10010000",2021-01-26,4192.4
"8063","10010000",2021-01-27,4192.3
"8064","10010000",2021-01-28,4192.4
"8065","10010000",2021-01-29,4192.4
"8066","10010000",2021-01-30,4192.4
"8067","10010000",2021-01-31,4192.4
"8068","10010000",2021-02-01,4192.4
"8069","10010000",2021-02-02,4192.5
"8070","10010000",2021-02-03,4192.5
"8071","10010000",2021-02-04,4192.5
"8072","10010000",2021-02-05,4192.5
"8073","10010000",2021-02-06,4192.5
"8074","10010000",2021-02-07,4192.5
"8075","10010000",2021-02-08,4192.5
"8076","10010000",2021-02-09,4192.5
"8077","10010000",2021-02-10,4192.5
"8078","10010000",2021-02-11,4192.5
"8079","10010000",2021-02-12,4192.6
"8080","10010000",2021-02-13,4192.7
"8081","10010000",2021-02-14,4192.7
"8082","10010000",2021-02-15,4192.6
"8083","10010000",2021-02-16,4192.8
"8084","10010000",2021-02-17,4192.7
"8085","10010000",2021-02-18,4192.7
"8086","10010000",2021-02-19,4192.7
"8087","10010000",2021-02-20,4192.8
"8088","10010000",2021-02-21,4192.8
"8089","10010000",2021-02-22,4192.7
"8090","10010000",2021-02-23,4192.8
"8091","10010000",2021-02-24,4192.9
"8092","10010000",2021-02-25,4192.8
"8093","10010000",2021-02-26,4192.8
"8094","10010000",2021-02-27,4192.8
"8095","10010000",2021-02-28,4192.8
"8096","10010000",2021-03-01,4192.8
"8097","10010000",2021-03-02,4192.8
"8098","10010000",2021-03-03,4192.8
"8099","10010000",2021-03-04,4192.8
"8100","10010000",2021-03-05,4192.8
"8101","10010000",2021-03-06,4192.8
"8102","10010000",2021-03-07,4192.8
"8103","10010000",2021-03-08,4192.8
"8104","10010000",2021-03-09,4192.8
"8105","10010000",2021-03-10,4192.8
"8106","10010000",2021-03-11,4192.7
"8107","10010000",2021-03-12,4192.8
"8108","10010000",2021-03-13,4192.8
"8109","10010000",2021-03-14,4192.8
"8110","10010000",2021-03-15,4192.7
"8111","10010000",2021-03-16,4192.8
"8112","10010000",2021-03-17,4192.8
"8113","10010000",2021-03-18,4192.8
"8114","10010000",2021-03-19,4192.8
"8115","10010000",2021-03-20,4192.9
"8116","10010000",2021-03-21,4192.8
"8117","10010000",2021-03-22,4192.8
"8118","10010000",2021-03-23,4192.9
"8119","10010000",2021-03-24,4192.9
"8120","10010000",2021-03-25,4192.8
"8121","10010000",2021-03-26,4192.9
"8122","10010000",2021-03-27,4192.8
"8123","10010000",2021-03-28,4192.8
"8124","10010000",2021-03-29,4193
"8125","10010000",2021-03-30,4192.8
"8126","10010000",2021-03-31,4192.8
"8127","10010000",2021-04-01,4192.8
"8128","10010000",2021-04-02,4192.8
"8129","10010000",2021-04-03,4192.8
"8130","10010000",2021-04-04,4192.8
"8131","10010000",2021-04-05,4192.9
"8132","10010000",2021-04-06,4192.8
"8133","10010000",2021-04-07,4192.8
"8134","10010000",2021-04-08,4192.9
"8135","10010000",2021-04-09,4192.8
"8136","10010000",2021-04-10,4192.8
"8137","10010000",2021-04-11,4192.9
"8138","10010000",2021-04-12,4192.8
"8139","10010000",2021-04-13,4192.7
"8140","10010000",2021-04-14,4192.7
"8141","10010000",2021-04-15,4192.7
"8142","10010000",2021-04-16,4192.7
"8143","10010000",2021-04-17,4192.7
"8144","10010000",2021-04-18,4192.7
"8145","10010000",2021-04-19,4192.9
"8146","10010000",2021-04-20,4192.7
"8147","10010000",2021-04-21,4192.7
"8148","10010000",2021-04-22,4192.7
"8149","10010000",2021-04-23,4192.7
"8150","10010000",2021-04-24,4192.7
"8151","10010000",2021-04-25,4192.8
"8152","10010000",2021-04-26,4192.8
"8153","10010000",2021-04-27,4192.8
"8154","10010000",2021-04-28,4192.7
"8155","10010000",2021-04-29,4192.7
"8156","10010000",2021-04-30,4192.7
"8157","10010000",2021-05-01,4192.8
"8158","10010000",2021-05-02,4192.8
"8159","10010000",2021-05-03,4192.8
"8160","10010000",2021-05-04,4192.7
"8161","10010000",2021-05-05,4192.7
"8162","10010000",2021-05-06,4192.7
"8163","10010000",2021-05-07,4192.7
"8164","10010000",2021-05-08,4192.8
"8165","10010000",2021-05-09,4192.6
"8166","10010000",2021-05-10,4192.7
"8167","10010000",2021-05-11,4192.6
"8168","10010000",2021-05-12,4192.6
"8169","10010000",2021-05-13,4192.6
"8170","10010000",2021-05-14,4192.6
"8171","10010000",2021-05-15,4192.6
"8172","10010000",2021-05-16,4192.6
"8173","10010000",2021-05-17,4192.5
"8174","10010000",2021-05-18,4192.5
"8175","10010000",2021-05-19,4192.5
"8176","10010000",2021-05-20,4192.8
"8177","10010000",2021-05-21,4192.5
"8178","10010000",2021-05-22,4192.4
"8179","10010000",2021-05-23,4192.4
"8180","10010000",2021-05-24,4192.4
"8181","10010000",2021-05-25,4192.4
"8182","10010000",2021-05-26,4192.5
"8183","10010000",2021-05-27,4192.4
"8184","10010000",2021-05-28,4192.4
"8185","10010000",2021-05-29,4192.4
"8186","10010000",2021-05-30,4192.4
"8187","10010000",2021-05-31,4192.4
"8188","10010000",2021-06-01,4192.3
"8189","10010000",2021-06-02,4192.3
"8190","10010000",2021-06-03,4192.3
"8191","10010000",2021-06-04,4192.4
"8192","10010000",2021-06-05,4192.3
"8193","10010000",2021-06-06,4192.3
"8194","10010000",2021-06-07,4192.3
"8195","10010000",2021-06-08,4192.1
"8196","10010000",2021-06-09,4192.1
"8197","10010000",2021-06-10,4192.3
"8198","10010000",2021-06-11,4192.1
"8199","10010000",2021-06-12,4192.1
"8200","10010000",2021-06-13,4192.1
"8201","10010000",2021-06-14,4192
"8202","10010000",2021-06-15,4192
"8203","10010000",2021-06-16,4192.1
"8204","10010000",2021-06-17,4192.1
"8205","10010000",2021-06-18,4192
"8206","10010000",2021-06-19,4192
"8207","10010000",2021-06-20,4192
"8208","10010000",2021-06-21,4192
"8209","10010000",2021-06-22,4191.9
"8210","10010000",2021-06-23,4191.9
"8211","10010000",2021-06-24,4191.9
"8212","10010000",2021-06-25,4191.9
"8213","10010000",2021-06-26,4191.9
"8214","10010000",2021-06-27,4191.9
"8215","10010000",2021-06-28,4191.8
"8216","10010000",2021-06-29,4191.7
"8217","10010000",2021-06-30,4191.8
"8218","10010000",2021-07-01,4191.8
"8219","10010000",2021-07-02,4191.8
"8220","10010000",2021-07-03,4191.7
"8221","10010000",2021-07-04,4191.7
"8222","10010000",2021-07-05,4191.7
"8223","10010000",2021-07-06,4191.7
"8224","10010000",2021-07-07,4191.7
"8225","10010000",2021-07-08,4191.7
"8226","10010000",2021-07-09,4191.7
"8227","10010000",2021-07-10,4191.6
"8228","10010000",2021-07-11,4191.6
"8229","10010000",2021-07-12,4191.6
"8230","10010000",2021-07-13,4191.6
"8231","10010000",2021-07-14,4191.5
"8232","10010000",2021-07-15,4191.4
"8233","10010000",2021-07-16,4191.5
"8234","10010000",2021-07-17,4191.5
"8235","10010000",2021-07-18,4191.5
"8236","10010000",2021-07-19,4191.4
"8237","10010000",2021-07-20,4191.4
"8238","10010000",2021-07-21,4191.3
"8239","10010000",2021-07-22,4191.3
"8240","10010000",2021-07-23,4191.3
"8241","10010000",2021-07-24,4191.3
"8242","10010000",2021-07-25,4191.3
"8243","10010000",2021-07-26,4191.2
"8244","10010000",2021-07-27,4191.2
"8245","10010000",2021-07-28,4191.3
"8246","10010000",2021-07-29,4191.2
"8247","10010000",2021-07-30,4191.2
"8248","10010000",2021-07-31,4191.2
"8249","10010000",2021-08-01,4191.2
"8250","10010000",2021-08-02,4191.2
"8251","10010000",2021-08-03,4191.2
"8252","10010000",2021-08-04,4191.2
"8253","10010000",2021-08-05,4191.1
"8254","10010000",2021-08-06,4191.2
"8255","10010000",2021-08-07,4191.1
"8256","10010000",2021-08-08,4191.1
"8257","10010000",2021-08-09,4191.1
"8258","10010000",2021-08-10,4191.1
"8259","10010000",2021-08-11,4191
"8260","10010000",2021-08-12,4191
"8261","10010000",2021-08-13,4191
"8262","10010000",2021-08-14,4191
"8263","10010000",2021-08-15,4191
"8264","10010000",2021-08-16,4191
"8265","10010000",2021-08-17,4190.8
"8266","10010000",2021-08-18,4190.8
"8267","10010000",2021-08-19,4191
"8268","10010000",2021-08-20,4191
"8269","10010000",2021-08-21,4190.8
"8270","10010000",2021-08-22,4191
"8271","10010000",2021-08-23,4190.9
"8272","10010000",2021-08-24,4190.9
"8273","10010000",2021-08-25,4190.9
"8274","10010000",2021-08-26,4190.9
"8275","10010000",2021-08-27,4190.9
"8276","10010000",2021-08-28,4190.9
"8277","10010000",2021-08-29,4190.9
"8278","10010000",2021-08-30,4190.9
"8279","10010000",2021-08-31,4190.8
"8280","10010000",2021-09-01,4190.8
"8281","10010000",2021-09-02,4190.8
"8282","10010000",2021-09-03,4190.8
"8283","10010000",2021-09-04,4190.8
"8284","10010000",2021-09-05,4190.8
"8285","10010000",2021-09-06,4190.8
"8286","10010000",2021-09-07,4190.8
"8287","10010000",2021-09-08,4190.8
"8288","10010000",2021-09-09,4190.8
"8289","10010000",2021-09-10,4190.7
"8290","10010000",2021-09-11,4190.8
"8291","10010000",2021-09-12,4190.7
"8292","10010000",2021-09-13,4190.8
"8293","10010000",2021-09-14,4190.7
"8294","10010000",2021-09-15,4190.7
"8295","10010000",2021-09-16,4190.7
"8296","10010000",2021-09-17,4190.7
"8297","10010000",2021-09-18,4190.4
"8298","10010000",2021-09-19,4190.7
"8299","10010000",2021-09-20,4190.6
"8300","10010000",2021-09-21,4190.6
"8301","10010000",2021-09-22,4190.5
"8302","10010000",2021-09-23,4190.6
"8303","10010000",2021-09-24,4190.5
"8304","10010000",2021-09-25,4190.5
"8305","10010000",2021-09-26,4190.5
"8306","10010000",2021-09-27,4190.5
"8307","10010000",2021-09-28,4190.7
"8308","10010000",2021-09-29,4190.5
"8309","10010000",2021-09-30,4190.5
"8310","10010000",2021-10-01,4190.4
"8311","10010000",2021-10-02,4190.4
"8312","10010000",2021-10-03,4190.4
"8313","10010000",2021-10-04,4190.4
"8314","10010000",2021-10-05,4190.4
"8315","10010000",2021-10-06,4190.4
"8316","10010000",2021-10-07,4190.5
"8317","10010000",2021-10-08,4190.3
"8318","10010000",2021-10-09,4190.5
"8319","10010000",2021-10-10,4190.4
"8320","10010000",2021-10-11,4190.6
"8321","10010000",2021-10-12,4190.8
"8322","10010000",2021-10-13,4190.4
"8323","10010000",2021-10-14,4190.4
"8324","10010000",2021-10-15,4190.3
"8325","10010000",2021-10-16,4190.3
"8326","10010000",2021-10-17,4190.3
"8327","10010000",2021-10-18,4190.2
"8328","10010000",2021-10-19,4190.3
"8329","10010000",2021-10-20,4190.4
"8330","10010000",2021-10-21,4190.4
"8331","10010000",2021-10-22,4190.3
"8332","10010000",2021-10-23,4190.4
"8333","10010000",2021-10-24,4190.3
"8334","10010000",2021-10-25,4190.5
"8335","10010000",2021-10-26,4190.8
"8336","10010000",2021-10-27,4190.4
"8337","10010000",2021-10-28,4190.5
"8338","10010000",2021-10-29,4190.5
"8339","10010000",2021-10-30,4190.5
"8340","10010000",2021-10-31,4190.5
"8341","10010000",2021-11-01,4190.5
"8342","10010000",2021-11-02,4190.6
"8343","10010000",2021-11-03,4190.6
"8344","10010000",2021-11-04,4190.6
"8345","10010000",2021-11-05,4190.6
"8346","10010000",2021-11-06,4190.6
"8347","10010000",2021-11-07,4190.6
"8348","10010000",2021-11-08,4190.6
"8349","10010000",2021-11-09,4190.6
"8350","10010000",2021-11-10,4190.6
"8351","10010000",2021-11-11,4190.6
"8352","10010000",2021-11-12,4190.6
"8353","10010000",2021-11-13,4190.6
"8354","10010000",2021-11-14,4190.6
"8355","10010000",2021-11-15,4190.6
"8356","10010000",2021-11-16,4190.7
"8357","10010000",2021-11-17,4190.7
"8358","10010000",2021-11-18,4190.6
"8359","10010000",2021-11-19,4190.6
"8360","10010000",2021-11-20,4190.6
"8361","10010000",2021-11-21,4190.6
"8362","10010000",2021-11-22,4190.6
"8363","10010000",2021-11-23,4190.7
"8364","10010000",2021-11-24,4190.6
"8365","10010000",2021-11-25,4190.6
"8366","10010000",2021-11-26,4190.6
"8367","10010000",2021-11-27,4190.6
"8368","10010000",2021-11-28,4190.6
"8369","10010000",2021-11-29,4190.6
"8370","10010000",2021-11-30,4190.6
"8371","10010000",2021-12-01,4190.6
"8372","10010000",2021-12-02,4190.6
"8373","10010000",2021-12-03,4190.6
"8374","10010000",2021-12-04,4190.6
"8375","10010000",2021-12-05,4190.6
"8376","10010000",2021-12-06,4190.6
"8377","10010000",2021-12-07,4190.6
"8378","10010000",2021-12-08,4190.6
"8379","10010000",2021-12-09,4190.7
"8380","10010000",2021-12-10,4190.7
"8381","10010000",2021-12-11,4190.6
"8382","10010000",2021-12-12,4190.6
"8383","10010000",2021-12-13,4190.6
"8384","10010000",2021-12-14,4190.5
"8385","10010000",2021-12-15,4190.7
"8386","10010000",2021-12-16,4190.7
"8387","10010000",2021-12-17,4190.7
"8388","10010000",2021-12-18,4190.7
"8389","10010000",2021-12-19,4190.7
"8390","10010000",2021-12-20,4190.7
"8391","10010000",2021-12-21,4190.7
"8392","10010000",2021-12-22,4190.7
"8393","10010000",2021-12-23,4190.6
"8394","10010000",2021-12-24,4190.6
"8395","10010000",2021-12-25,4190.6
"8396","10010000",2021-12-26,4190.6
"8397","10010000",2021-12-27,4190.5
"8398","10010000",2021-12-28,4190.7
"8399","10010000",2021-12-29,4190.7
"8400","10010000",2021-12-30,4190.7
"8401","10010000",2021-12-31,4190.8
"8402","10010000",2022-01-01,4190.8
"8403","10010000",2022-01-02,4190.7
"8404","10010000",2022-01-03,4190.7
"8405","10010000",2022-01-04,4190.8
"8406","10010000",2022-01-05,4190.7
"8407","10010000",2022-01-06,4190.8
"8408","10010000",2022-01-07,4190.8
"8409","10010000",2022-01-08,4190.8
"8410","10010000",2022-01-09,4190.8
"8411","10010000",2022-01-10,4190.8
"8412","10010000",2022-01-11,4190.8
"8413","10010000",2022-01-12,4190.8
"8414","10010000",2022-01-13,4190.8
"8415","10010000",2022-01-14,4190.8
"8416","10010000",2022-01-15,4190.8
"8417","10010000",2022-01-16,4190.8
"8418","10010000",2022-01-17,4190.8
"8419","10010000",2022-01-18,4190.9
"8420","10010000",2022-01-19,4190.9
"8421","10010000",2022-01-20,4190.9
"8422","10010000",2022-01-21,4190.9
"8423","10010000",2022-01-22,4190.9
"8424","10010000",2022-01-23,4190.9
"8425","10010000",2022-01-24,4190.9
"8426","10010000",2022-01-25,4191
"8427","10010000",2022-01-26,4190.9
"8428","10010000",2022-01-27,4190.9
"8429","10010000",2022-01-28,4190.9
"8430","10010000",2022-01-29,4190.9
"8431","10010000",2022-01-30,4190.9
"8432","10010000",2022-01-31,4190.9
"8433","10010000",2022-02-01,4190.9
"8434","10010000",2022-02-02,4191
"8435","10010000",2022-02-03,4190.9
"8436","10010000",2022-02-04,4190.9
"8437","10010000",2022-02-05,4190.9
"8438","10010000",2022-02-06,4190.9
"8439","10010000",2022-02-07,4190.9
"8440","10010000",2022-02-08,4190.9
"8441","10010000",2022-02-09,4190.9
"8442","10010000",2022-02-10,4190.9
"8443","10010000",2022-02-11,4190.9
"8444","10010000",2022-02-12,4190.9
"8445","10010000",2022-02-13,4190.9
"8446","10010000",2022-02-14,4190.9
"8447","10010000",2022-02-15,4191
"8448","10010000",2022-02-16,4191.1
"8449","10010000",2022-02-17,4191
"8450","10010000",2022-02-18,4191
"8451","10010000",2022-02-19,4191
"8452","10010000",2022-02-20,4190.9
"8453","10010000",2022-02-21,4191.1
"8454","10010000",2022-02-22,4190.9
"8455","10010000",2022-02-23,4191
"8456","10010000",2022-02-24,4191
"8457","10010000",2022-02-25,4191
"8458","10010000",2022-02-26,4191
"8459","10010000",2022-02-27,4191
"8460","10010000",2022-02-28,4191
"8461","10010000",2022-03-01,4191
"8462","10010000",2022-03-02,4191
"8463","10010000",2022-03-03,4191
"8464","10010000",2022-03-04,4191
"8465","10010000",2022-03-05,4191.1
"8466","10010000",2022-03-06,4191.2
"8467","10010000",2022-03-07,4191.1
"8468","10010000",2022-03-08,4191
"8469","10010000",2022-03-09,4191.1
"8470","10010000",2022-03-10,4191.2
"8471","10010000",2022-03-11,4191
"8472","10010000",2022-03-12,4191
"8473","10010000",2022-03-13,4191.1
"8474","10010000",2022-03-14,4191.1
"8475","10010000",2022-03-15,4191.1
"8476","10010000",2022-03-16,4191.2
"8477","10010000",2022-03-17,4191.1
"8478","10010000",2022-03-18,4191.1
"8479","10010000",2022-03-19,4191
"8480","10010000",2022-03-20,4191.3
"8481","10010000",2022-03-21,4191.2
"8482","10010000",2022-03-22,4191.1
"8483","10010000",2022-03-23,4191.1
"8484","10010000",2022-03-24,4191.1
"8485","10010000",2022-03-25,4191.1
"8486","10010000",2022-03-26,4191.1
"8487","10010000",2022-03-27,4191.1
"8488","10010000",2022-03-28,4191
"8489","10010000",2022-03-29,4191.2
"8490","10010000",2022-03-30,4191.1
"8491","10010000",2022-03-31,4191.2
"8492","10010000",2022-04-01,4191.1
"8493","10010000",2022-04-02,4191.1
"8494","10010000",2022-04-03,4191.1
"8495","10010000",2022-04-04,4191.1
"8496","10010000",2022-04-05,4191.4
"8497","10010000",2022-04-06,4191.1
"8498","10010000",2022-04-07,4191.1
"8499","10010000",2022-04-08,4191.1
"8500","10010000",2022-04-09,4191.2
"8501","10010000",2022-04-10,4191.1
"8502","10010000",2022-04-11,4191.2
"8503","10010000",2022-04-12,4191.1
"8504","10010000",2022-04-13,4191
"8505","10010000",2022-04-14,4191
"8506","10010000",2022-04-15,4191
"8507","10010000",2022-04-16,4191
"8508","10010000",2022-04-17,4191.1
"8509","10010000",2022-04-18,4191
"8510","10010000",2022-04-19,4191.1
"8511","10010000",2022-04-20,4191
"8512","10010000",2022-04-21,4191
"8513","10010000",2022-04-22,4191.2
"8514","10010000",2022-04-23,4191.2
"8515","10010000",2022-04-24,4191
"8516","10010000",2022-04-25,4191
"8517","10010000",2022-04-26,4191
"8518","10010000",2022-04-27,4191
"8519","10010000",2022-04-28,4191.2
"8520","10010000",2022-04-29,4191.1
"8521","10010000",2022-04-30,4191
"8522","10010000",2022-05-01,4191.1
"8523","10010000",2022-05-02,4191.1
"8524","10010000",2022-05-03,4191
"8525","10010000",2022-05-04,4191
"8526","10010000",2022-05-05,4190.9
"8527","10010000",2022-05-06,4191
"8528","10010000",2022-05-07,4191.1
"8529","10010000",2022-05-08,4191.1
"8530","10010000",2022-05-09,4191
"8531","10010000",2022-05-10,4191
"8532","10010000",2022-05-11,4191.1
"8533","10010000",2022-05-12,4190.9
"8534","10010000",2022-05-13,4190.9
"8535","10010000",2022-05-14,4190.9
"8536","10010000",2022-05-15,4190.9
"8537","10010000",2022-05-16,4190.9
"8538","10010000",2022-05-17,4190.9
"8539","10010000",2022-05-18,4190.9
"8540","10010000",2022-05-19,4191.1
"8541","10010000",2022-05-20,4190.9
"8542","10010000",2022-05-21,4190.8
"8543","10010000",2022-05-22,4190.9
"8544","10010000",2022-05-23,4190.8
"8545","10010000",2022-05-24,4190.8
"8546","10010000",2022-05-25,4190.8
"8547","10010000",2022-05-26,4190.7
"8548","10010000",2022-05-27,4190.8
"8549","10010000",2022-05-28,4190.9
"8550","10010000",2022-05-29,4190.9
"8551","10010000",2022-05-30,4190.8
"8552","10010000",2022-05-31,4190.8
"8553","10010000",2022-06-01,4190.8
"8554","10010000",2022-06-02,4190.8
"8555","10010000",2022-06-03,4190.8
"8556","10010000",2022-06-04,4190.8
"8557","10010000",2022-06-05,4190.8
"8558","10010000",2022-06-06,4190.8
"8559","10010000",2022-06-07,4190.8
"8560","10010000",2022-06-08,4190.7
"8561","10010000",2022-06-09,4190.7
"8562","10010000",2022-06-10,4190.7
"8563","10010000",2022-06-11,4190.7
"8564","10010000",2022-06-12,4190.8
"8565","10010000",2022-06-13,4190.9
"8566","10010000",2022-06-14,4190.8
"8567","10010000",2022-06-15,4190.6
"8568","10010000",2022-06-16,4190.6
"8569","10010000",2022-06-17,4190.4
"8570","10010000",2022-06-18,4190.4
"8571","10010000",2022-06-19,4190.6
"8572","10010000",2022-06-20,4190.6
"8573","10010000",2022-06-21,4190.5
"8574","10010000",2022-06-22,4190.5
"8575","10010000",2022-06-23,4190.5
"8576","10010000",2022-06-24,4190.5
"8577","10010000",2022-06-25,4190.5
"8578","10010000",2022-06-26,4190.4
"8579","10010000",2022-06-27,4190.4
"8580","10010000",2022-06-28,4190.3
"8581","10010000",2022-06-29,4190.4
"8582","10010000",2022-06-30,4190.4
"8583","10010000",2022-07-01,4190.3
"8584","10010000",2022-07-02,4190.3
"8585","10010000",2022-07-03,4190.1
"8586","10010000",2022-07-04,4190.2
"8587","10010000",2022-07-05,4190.2
"8588","10010000",2022-07-06,4190.1
"8589","10010000",2022-07-07,4190.1
"8590","10010000",2022-07-08,4190.1
"8591","10010000",2022-07-09,4190.1
"8592","10010000",2022-07-10,4190.2
"8593","10010000",2022-07-11,4190.1
"8594","10010000",2022-07-12,4190.1
"8595","10010000",2022-07-13,4190
"8596","10010000",2022-07-14,4189.9
"8597","10010000",2022-07-15,4189.9
"8598","10010000",2022-07-16,4190
"8599","10010000",2022-07-17,4190
"8600","10010000",2022-07-18,4190
"8601","10010000",2022-07-19,4189.9
"8602","10010000",2022-07-20,4189.9
"8603","10010000",2022-07-21,4189.9
"8604","10010000",2022-07-22,4189.9
"8605","10010000",2022-07-23,4189.9
"8606","10010000",2022-07-24,4189.8
"8607","10010000",2022-07-25,4189.8
"8608","10010000",2022-07-26,4189.8
"8609","10010000",2022-07-27,4189.8
"8610","10010000",2022-07-28,4189.8
"8611","10010000",2022-07-29,4189.7
"8612","10010000",2022-07-30,4189.7
"8613","10010000",2022-07-31,4189.7
"8614","10010000",2022-08-01,4189.6
"8615","10010000",2022-08-02,4189.7
"8616","10010000",2022-08-03,4189.7
"8617","10010000",2022-08-04,4189.6
"8618","10010000",2022-08-05,4189.6
"8619","10010000",2022-08-06,4189.7
"8620","10010000",2022-08-07,4189.6
"8621","10010000",2022-08-08,4189.6
"8622","10010000",2022-08-09,4189.6
"8623","10010000",2022-08-10,4189.6
"8624","10010000",2022-08-11,4189.5
"8625","10010000",2022-08-12,4189.5
"8626","10010000",2022-08-13,4189.6
"8627","10010000",2022-08-14,4189.5
"8628","10010000",2022-08-15,4189.6
"8629","10010000",2022-08-16,4189.5
"8630","10010000",2022-08-17,4189.5
"8631","10010000",2022-08-18,4189.5
"8632","10010000",2022-08-19,4189.5
"8633","10010000",2022-08-20,4189.4
"8634","10010000",2022-08-21,4189.4
"8635","10010000",2022-08-22,4189.4
"8636","10010000",2022-08-23,4189.4
"8637","10010000",2022-08-24,4189.4
"8638","10010000",2022-08-25,4189.4
"8639","10010000",2022-08-26,4189.3
"8640","10010000",2022-08-27,4189.3
"8641","10010000",2022-08-28,4189.3
"8642","10010000",2022-08-29,4189.3
"8643","10010000",2022-08-30,4189.3
"8644","10010000",2022-08-31,4189.3
"8645","10010000",2022-09-01,4189.3
"8646","10010000",2022-09-02,4189.3
"8647","10010000",2022-09-03,4189.2
"8648","10010000",2022-09-04,4189.2
"8649","10010000",2022-09-05,4189.2
"8650","10010000",2022-09-06,4189.2
"8651","10010000",2022-09-07,4189.2
"8652","10010000",2022-09-08,4189.3
"8653","10010000",2022-09-09,4189.2
"8654","10010000",2022-09-10,4189.2
"8655","10010000",2022-09-11,4189.1
"8656","10010000",2022-09-12,4189.1
"8657","10010000",2022-09-13,4189.1
"8658","10010000",2022-09-14,4189.1
"8659","10010000",2022-09-15,4189.2
"8660","10010000",2022-09-16,4189.2
"8661","10010000",2022-09-17,4189.2
"8662","10010000",2022-09-18,4189.1
"8663","10010000",2022-09-19,4189.1
"8664","10010000",2022-09-20,4189.1
"8665","10010000",2022-09-21,4189.1
"8666","10010000",2022-09-22,4189.1
"8667","10010000",2022-09-23,4189
"8668","10010000",2022-09-24,4189
"8669","10010000",2022-09-25,4189
"8670","10010000",2022-09-26,4189
"8671","10010000",2022-09-27,4189
"8672","10010000",2022-09-28,4188.9
"8673","10010000",2022-09-29,4189
"8674","10010000",2022-09-30,4189.1
"8675","10010000",2022-10-01,4189
"8676","10010000",2022-10-02,4188.9
"8677","10010000",2022-10-03,4188.9
"8678","10010000",2022-10-04,4188.9
"8679","10010000",2022-10-05,4188.9
"8680","10010000",2022-10-06,4188.9
"8681","10010000",2022-10-07,4188.9
"8682","10010000",2022-10-08,4188.9
"8683","10010000",2022-10-09,4188.9
"8684","10010000",2022-10-10,4188.9
"8685","10010000",2022-10-11,4188.9
"8686","10010000",2022-10-12,4188.8
"8687","10010000",2022-10-13,4188.8
"8688","10010000",2022-10-14,4188.8
"8689","10010000",2022-10-15,4188.8
"8690","10010000",2022-10-16,4188.7
"8691","10010000",2022-10-17,4188.7
"8692","10010000",2022-10-18,4188.8
"8693","10010000",2022-10-19,4188.8
"8694","10010000",2022-10-20,4188.8
"8695","10010000",2022-10-21,4188.8
"8696","10010000",2022-10-22,4188.8
"8697","10010000",2022-10-23,4188.8
"8698","10010000",2022-10-24,4188.7
"8699","10010000",2022-10-25,4188.7
"8700","10010000",2022-10-26,4188.8
"8701","10010000",2022-10-27,4188.6
"8702","10010000",2022-10-28,4188.7
"8703","10010000",2022-10-29,4188.7
"8704","10010000",2022-10-30,4188.7
"8705","10010000",2022-10-31,4188.7
"8706","10010000",2022-11-01,4188.6
"8707","10010000",2022-11-02,4188.8
"8708","10010000",2022-11-03,4188.6
"8709","10010000",2022-11-04,4188.7
"8710","10010000",2022-11-05,4188.7
"8711","10010000",2022-11-06,4188.7
"8712","10010000",2022-11-07,4188.5
"8713","10010000",2022-11-08,4188.6
"8714","10010000",2022-11-09,4188.7
"8715","10010000",2022-11-10,4188.8
"8716","10010000",2022-11-11,4188.8
"8717","10010000",2022-11-12,4188.7
"8718","10010000",2022-11-13,4188.7
"8719","10010000",2022-11-14,4188.7
"8720","10010000",2022-11-15,4188.7
"8721","10010000",2022-11-16,4188.7
"8722","10010000",2022-11-17,4188.8
"8723","10010000",2022-11-18,4188.8
"8724","10010000",2022-11-19,4188.7
"8725","10010000",2022-11-20,4188.8
"8726","10010000",2022-11-21,4188.8
"8727","10010000",2022-11-22,4188.7
"8728","10010000",2022-11-23,4188.7
"8729","10010000",2022-11-24,4188.7
"8730","10010000",2022-11-25,4188.8
"8731","10010000",2022-11-26,4188.8
"8732","10010000",2022-11-27,4188.8
"8733","10010000",2022-11-28,4188.9
"8734","10010000",2022-11-29,4188.8
"8735","10010000",2022-11-30,4188.8
"8736","10010000",2022-12-01,4189
"8737","10010000",2022-12-02,4189.2
"8738","10010000",2022-12-03,4188.9
"8739","10010000",2022-12-04,4188.9
"8740","10010000",2022-12-05,4188.9
"8741","10010000",2022-12-06,4188.9
"8742","10010000",2022-12-07,4188.9
"8743","10010000",2022-12-08,4188.9
"8744","10010000",2022-12-09,4188.9
"8745","10010000",2022-12-10,4189
"8746","10010000",2022-12-11,4189
"8747","10010000",2022-12-12,4188.9
"8748","10010000",2022-12-13,4188.9
"8749","10010000",2022-12-14,4189
"8750","10010000",2022-12-15,4189
"8751","10010000",2022-12-16,4189
"8752","10010000",2022-12-17,4189
"8753","10010000",2022-12-18,4189
"8754","10010000",2022-12-19,4189
"8755","10010000",2022-12-20,4189
"8756","10010000",2022-12-21,4189.1
"8757","10010000",2022-12-22,4189
"8758","10010000",2022-12-23,4189
"8759","10010000",2022-12-24,4189
"8760","10010000",2022-12-25,4189
"8761","10010000",2022-12-26,4189
"8762","10010000",2022-12-27,4189
"8763","10010000",2022-12-28,4189.2
"8764","10010000",2022-12-29,4189
"8765","10010000",2022-12-30,4189.1
"8766","10010000",2022-12-31,4189.1
"8767","10010000",2023-01-01,4189.3
"8768","10010000",2023-01-02,4189.3
"8769","10010000",2023-01-03,4189.2
"8770","10010000",2023-01-04,4189.2
"8771","10010000",2023-01-05,4189.2
"8772","10010000",2023-01-06,4189.3
"8773","10010000",2023-01-07,4189.3
"8774","10010000",2023-01-08,4189.3
"8775","10010000",2023-01-09,4189.3
"8776","10010000",2023-01-10,4189.5
"8777","10010000",2023-01-11,4189.5
"8778","10010000",2023-01-12,4189.5
"8779","10010000",2023-01-13,4189.6
"8780","10010000",2023-01-14,4189.6
"8781","10010000",2023-01-15,4189.7
"8782","10010000",2023-01-16,4189.7
"8783","10010000",2023-01-17,4189.9
"8784","10010000",2023-01-18,4189.9
"8785","10010000",2023-01-19,4189.8
"8786","10010000",2023-01-20,4190
"8787","10010000",2023-01-21,4189.9
"8788","10010000",2023-01-22,4190
"8789","10010000",2023-01-23,4190.1
"8790","10010000",2023-01-24,4189.9
"8791","10010000",2023-01-25,4189.9
"8792","10010000",2023-01-26,4189.9
"8793","10010000",2023-01-27,4189.9
"8794","10010000",2023-01-28,4190
"8795","10010000",2023-01-29,4190.2
"8796","10010000",2023-01-30,4190.1
"8797","10010000",2023-01-31,4190
"8798","10010000",2023-02-01,4190
"8799","10010000",2023-02-02,4190
"8800","10010000",2023-02-03,4190
"8801","10010000",2023-02-04,4190
"8802","10010000",2023-02-05,4190
"8803","10010000",2023-02-06,4190
"8804","10010000",2023-02-07,4190
"8805","10010000",2023-02-08,4190.1
"8806","10010000",2023-02-09,4190.1
"8807","10010000",2023-02-10,4190.1
"8808","10010000",2023-02-11,4190.1
"8809","10010000",2023-02-12,4190.1
"8810","10010000",2023-02-13,4190.1
"8811","10010000",2023-02-14,4190.2
"8812","10010000",2023-02-15,4190.4
"8813","10010000",2023-02-16,4190.1
"8814","10010000",2023-02-17,4190.1
"8815","10010000",2023-02-18,4190.1
"8816","10010000",2023-02-19,4190.1
"8817","10010000",2023-02-20,4190.1
"8818","10010000",2023-02-21,4190.2
"8819","10010000",2023-02-22,4190.5
"8820","10010000",2023-02-23,4190.1
"8821","10010000",2023-02-24,4190.2
"8822","10010000",2023-02-25,4190.2
"8823","10010000",2023-02-26,4190.2
"8824","10010000",2023-02-27,4190
"8825","10010000",2023-02-28,4190.1
"8826","10010000",2023-03-01,4190.3
"8827","10010000",2023-03-02,4190.3
"8828","10010000",2023-03-03,4190.3
"8829","10010000",2023-03-04,4190.3
"8830","10010000",2023-03-05,4190.4
"8831","10010000",2023-03-06,4190.3
"8832","10010000",2023-03-07,4190.4
"8833","10010000",2023-03-08,4190.4
"8834","10010000",2023-03-09,4190.5
"8835","10010000",2023-03-10,4190.3
"8836","10010000",2023-03-11,4190.5
"8837","10010000",2023-03-12,4190.5
"8838","10010000",2023-03-13,4190.6
"8839","10010000",2023-03-14,4190.5
"8840","10010000",2023-03-15,4190.8
"8841","10010000",2023-03-16,4190.8
"8842","10010000",2023-03-17,4190.7
"8843","10010000",2023-03-18,4190.7
"8844","10010000",2023-03-19,4190.7
"8845","10010000",2023-03-20,4190.8
"8846","10010000",2023-03-21,4190.8
"8847","10010000",2023-03-22,4191
"8848","10010000",2023-03-23,4191
"8849","10010000",2023-03-24,4191.3
"8850","10010000",2023-03-25,4191.2
"8851","10010000",2023-03-26,4191.2
"8852","10010000",2023-03-27,4191.2
"8853","10010000",2023-03-28,4191.1
"8854","10010000",2023-03-29,4191.2
"8855","10010000",2023-03-30,4191.4
"8856","10010000",2023-03-31,4191.3
"8857","10010000",2023-04-01,4191.3
"8858","10010000",2023-04-02,4191.5
"8859","10010000",2023-04-03,4191.8
"8860","10010000",2023-04-04,4191.7
"8861","10010000",2023-04-05,4191.6
"8862","10010000",2023-04-06,4191.6
"8863","10010000",2023-04-07,4191.7
"8864","10010000",2023-04-08,4191.7
"8865","10010000",2023-04-09,4191.8
"8866","10010000",2023-04-10,4191.8
"8867","10010000",2023-04-11,4191.8
"8868","10010000",2023-04-12,4191.9
"8869","10010000",2023-04-13,4192
"8870","10010000",2023-04-14,4192
"8871","10010000",2023-04-15,4192
"8872","10010000",2023-04-16,4192
"8873","10010000",2023-04-17,4192.1
"8874","10010000",2023-04-18,4192.4
"8875","10010000",2023-04-19,4192.2
"8876","10010000",2023-04-20,4192.2
"8877","10010000",2023-04-21,4192.2
"8878","10010000",2023-04-22,4192.2
"8879","10010000",2023-04-23,4192.3
"8880","10010000",2023-04-24,4192.4
"8881","10010000",2023-04-25,4192.4
"8882","10010000",2023-04-26,4192.4
"8883","10010000",2023-04-27,4192.5
"8884","10010000",2023-04-28,4192.5
"8885","10010000",2023-04-29,4192.5
"8886","10010000",2023-04-30,4192.5
"8887","10010000",2023-05-01,4192.6
"8888","10010000",2023-05-02,4192.6
"8889","10010000",2023-05-03,4192.6
"8890","10010000",2023-05-04,4192.6
"8891","10010000",2023-05-05,4192.5
"8892","10010000",2023-05-06,4192.7
"8893","10010000",2023-05-07,4192.7
"8894","10010000",2023-05-08,4192.8
"8895","10010000",2023-05-09,4192.9
"8896","10010000",2023-05-10,4193
"8897","10010000",2023-05-11,4192.9
"8898","10010000",2023-05-12,4193
"8899","10010000",2023-05-13,4193
"8900","10010000",2023-05-14,4192.9
"8901","10010000",2023-05-15,4193.1
"8902","10010000",2023-05-16,4193.1
"8903","10010000",2023-05-17,4193.2
"8904","10010000",2023-05-18,4193.3
"8905","10010000",2023-05-19,4193.3
"8906","10010000",2023-05-20,4193.4
"8907","10010000",2023-05-21,4193.4
"8908","10010000",2023-05-22,4193.4
"8909","10010000",2023-05-23,4193.4
"8910","10010000",2023-05-24,4193.6
"8911","10010000",2023-05-25,4193.6
"8912","10010000",2023-05-26,4193.5
"8913","10010000",2023-05-27,4193.6
"8914","10010000",2023-05-28,4193.7
"8915","10010000",2023-05-29,4193.7
"8916","10010000",2023-05-30,4193.8
"8917","10010000",2023-05-31,4193.8
"8918","10010000",2023-06-01,4193.8
"8919","10010000",2023-06-02,4193.8
"8920","10010000",2023-06-03,4193.8
"8921","10010000",2023-06-04,4193.8
"8922","10010000",2023-06-05,4193.8
"8923","10010000",2023-06-06,4193.8
"8924","10010000",2023-06-07,4193.8
"8925","10010000",2023-06-08,4193.8
"8926","10010000",2023-06-09,4193.8
"8927","10010000",2023-06-10,4193.9
"8928","10010000",2023-06-11,4193.8
"8929","10010000",2023-06-12,4193.8
"8930","10010000",2023-06-13,4193.9
"8931","10010000",2023-06-14,4193.9
"8932","10010000",2023-06-15,4193.8
"8933","10010000",2023-06-16,4193.9
"8934","10010000",2023-06-17,4193.9
"8935","10010000",2023-06-18,4193.8
"8936","10010000",2023-06-19,4194
"8937","10010000",2023-06-20,4194
"8938","10010000",2023-06-21,4193.9
"8939","10010000",2023-06-22,4193.9
"8940","10010000",2023-06-23,4193.8
"8941","10010000",2023-06-24,4193.8
"8942","10010000",2023-06-25,4193.8
"8943","10010000",2023-06-26,4193.9
"8944","10010000",2023-06-27,4193.9
"8945","10010000",2023-06-28,4193.8
"8946","10010000",2023-06-29,4193.8
"8947","10010000",2023-06-30,4193.8
"8948","10010000",2023-07-01,4193.8
"8949","10010000",2023-07-02,4193.8
"8950","10010000",2023-07-03,4193.8
"8951","10010000",2023-07-04,4193.8
"8952","10010000",2023-07-05,4193.8
"8953","10010000",2023-07-06,4193.7
"8954","10010000",2023-07-07,4193.8
"8955","10010000",2023-07-08,4193.7
"8956","10010000",2023-07-09,4193.7
"8957","10010000",2023-07-10,4193.6
"8958","10010000",2023-07-11,4193.6
"8959","10010000",2023-07-12,4193.6
"8960","10010000",2023-07-13,4193.6
"8961","10010000",2023-07-14,4193.6
"8962","10010000",2023-07-15,4193.5
"8963","10010000",2023-07-16,4193.5
"8964","10010000",2023-07-17,4193.5
"8965","10010000",2023-07-18,4193.5
"8966","10010000",2023-07-19,4193.4
"8967","10010000",2023-07-20,4193.4
"8968","10010000",2023-07-21,4193.4
"8969","10010000",2023-07-22,4193.4
"8970","10010000",2023-07-23,4193.3
"8971","10010000",2023-07-24,4193.4
"8972","10010000",2023-07-25,4193.3
"8973","10010000",2023-07-26,4193.2
"8974","10010000",2023-07-27,4193.3
"8975","10010000",2023-07-28,4193.3
"8976","10010000",2023-07-29,4193.2
"8977","10010000",2023-07-30,4193.2
"8978","10010000",2023-07-31,4193.1
"8979","10010000",2023-08-01,4193.2
"8980","10010000",2023-08-02,4193.1
"8981","10010000",2023-08-03,4193.1
"8982","10010000",2023-08-04,4193.2
"8983","10010000",2023-08-05,4193.1
"8984","10010000",2023-08-06,4193.1
"8985","10010000",2023-08-07,4193.1
"8986","10010000",2023-08-08,4193.1
"8987","10010000",2023-08-09,4193
"8988","10010000",2023-08-10,4193
"8989","10010000",2023-08-11,4193
"8990","10010000",2023-08-12,4192.9
"8991","10010000",2023-08-13,4192.9
"8992","10010000",2023-08-14,4192.9
"8993","10010000",2023-08-15,4192.9
"8994","10010000",2023-08-16,4192.9
"8995","10010000",2023-08-17,4192.8
"8996","10010000",2023-08-18,4192.8
"8997","10010000",2023-08-19,4192.8
"8998","10010000",2023-08-20,4192.8
"8999","10010000",2023-08-21,4192.6
"9000","10010000",2023-08-22,4192.7
"9001","10010000",2023-08-23,4192.7
"9002","10010000",2023-08-24,4192.7
"9003","10010000",2023-08-25,4192.7
"9004","10010000",2023-08-26,4192.7
"9005","10010000",2023-08-27,4192.7
"9006","10010000",2023-08-28,4192.7
"9007","10010000",2023-08-29,4192.7
"9008","10010000",2023-08-30,4192.7
"9009","10010000",2023-08-31,4192.6
"9010","10010000",2023-09-01,4192.2
"9011","10010000",2023-09-02,4192.5
"9012","10010000",2023-09-03,4192.6
"9013","10010000",2023-09-04,4192.5
"9014","10010000",2023-09-05,4192.5
"9015","10010000",2023-09-06,4192.5
"9016","10010000",2023-09-07,4192.5
"9017","10010000",2023-09-08,4192.4
"9018","10010000",2023-09-09,4192.4
"9019","10010000",2023-09-10,4192.4
"9020","10010000",2023-09-11,4192.4
"9021","10010000",2023-09-12,4192.4
"9022","10010000",2023-09-13,4192.4
"9023","10010000",2023-09-14,4192.4
"9024","10010000",2023-09-15,4192.4
"9025","10010000",2023-09-16,4192.3
"9026","10010000",2023-09-17,4192.3
"9027","10010000",2023-09-18,4192.3
"9028","10010000",2023-09-19,4192.3
"9029","10010000",2023-09-20,4192.3
"9030","10010000",2023-09-21,4192.3
"9031","10010000",2023-09-22,4192.3
"9032","10010000",2023-09-23,4192.3
"9033","10010000",2023-09-24,4192.2
"9034","10010000",2023-09-25,4192.2
"9035","10010000",2023-09-26,4192.2
"9036","10010000",2023-09-27,4192.2
"9037","10010000",2023-09-28,4192.3
"9038","10010000",2023-09-29,4192.2
"9039","10010000",2023-09-30,4192.1
"9040","10010000",2023-10-01,4192
"9041","10010000",2023-10-02,4192.2
"9042","10010000",2023-10-03,4192.2
"9043","10010000",2023-10-04,4192.2
"9044","10010000",2023-10-05,4192.2
"9045","10010000",2023-10-06,4192.2
"9046","10010000",2023-10-07,4192.2
"9047","10010000",2023-10-08,4192.2
"9048","10010000",2023-10-09,4192.2
"9049","10010000",2023-10-10,4192.2
"9050","10010000",2023-10-11,4192.3
"9051","10010000",2023-10-12,4192.2
"9052","10010000",2023-10-13,4192.2
"9053","10010000",2023-10-14,4192.2
"9054","10010000",2023-10-15,4192.2
"9055","10010000",2023-10-16,4192.2
"9056","10010000",2023-10-17,4192.2
"9057","10010000",2023-10-18,4192.2
"9058","10010000",2023-10-19,4192.2
"9059","10010000",2023-10-20,4192.2
"9060","10010000",2023-10-21,4192.2
"9061","10010000",2023-10-22,4192.2
"9062","10010000",2023-10-23,4192.2
"9063","10010000",2023-10-24,4192.2
"9064","10010000",2023-10-25,4192.1
"9065","10010000",2023-10-26,4192.2
"9066","10010000",2023-10-27,4192.1
"9067","10010000",2023-10-28,4192.3
"9068","10010000",2023-10-29,4192.2
"9069","10010000",2023-10-30,4192.1
"9070","10010000",2023-10-31,4192.1
"9071","10010000",2023-11-01,4192.1
"9072","10010000",2023-11-02,4192.1
"9073","10010000",2023-11-03,4192.1
"9074","10010000",2023-11-04,4192.1
"9075","10010000",2023-11-05,4192.1
"9076","10010000",2023-11-06,4192.1
"9077","10010000",2023-11-07,4192.1
"9078","10010000",2023-11-08,4192.2
"9079","10010000",2023-11-09,4192.1
"9080","10010000",2023-11-10,4192.1
"9081","10010000",2023-11-11,4192.1
"9082","10010000",2023-11-12,4192.1
"9083","10010000",2023-11-13,4192.2
"9084","10010000",2023-11-14,4192.2
"9085","10010000",2023-11-15,4192.2
"9086","10010000",2023-11-16,4192.2
"9087","10010000",2023-11-17,4192.2
"9088","10010000",2023-11-18,4192.2
"9089","10010000",2023-11-19,4192.3
"9090","10010000",2023-11-20,4192.3
"9091","10010000",2023-11-21,4192.2
"9092","10010000",2023-11-22,4192.2
"9093","10010000",2023-11-23,4192.3
"9094","10010000",2023-11-24,4192.3
"9095","10010000",2023-11-25,4192.3
"9096","10010000",2023-11-26,4192.3
"9097","10010000",2023-11-27,4192.3
"9098","10010000",2023-11-28,4192.3
"9099","10010000",2023-11-29,4192.3
"9100","10010000",2023-11-30,4192.3
"9101","10010000",2023-12-01,4192.3
"9102","10010000",2023-12-02,4192.2
"9103","10010000",2023-12-03,4192.3
"9104","10010000",2023-12-04,4192.3
"9105","10010000",2023-12-05,4192.3
"9106","10010000",2023-12-06,4192.4
"9107","10010000",2023-12-07,4192.4
"9108","10010000",2023-12-08,4192.5
"9109","10010000",2023-12-09,4192.4
"9110","10010000",2023-12-10,4192.4
"9111","10010000",2023-12-11,4192.4
"9112","10010000",2023-12-12,4192.4
"9113","10010000",2023-12-13,4192.4
"9114","10010000",2023-12-14,4192.4
"9115","10010000",2023-12-15,4192.4
"9116","10010000",2023-12-16,4192.4
"9117","10010000",2023-12-17,4192.4
"9118","10010000",2023-12-18,4192.5
"9119","10010000",2023-12-19,4192.5
"9120","10010000",2023-12-20,4192.5
"9121","10010000",2023-12-21,4192.5
"9122","10010000",2023-12-22,4192.5
"9123","10010000",2023-12-23,4192.6
"9124","10010000",2023-12-24,4192.5
"9125","10010000",2023-12-25,4192.5
"9126","10010000",2023-12-26,4192.5
"9127","10010000",2023-12-27,4192.5
"9128","10010000",2023-12-28,4192.5
"9129","10010000",2023-12-29,4192.5
"9130","10010000",2023-12-30,4192.5
"9131","10010000",2023-12-31,4192.5
"9132","10010000",2024-01-01,4192.6
"9133","10010000",2024-01-02,4192.6
"9134","10010000",2024-01-03,4192.6
"9135","10010000",2024-01-04,4192.6
"9136","10010000",2024-01-05,4192.6
"9137","10010000",2024-01-06,4192.6
"9138","10010000",2024-01-07,4192.7
"9139","10010000",2024-01-08,4192.6
"9140","10010000",2024-01-09,4192.6
"9141","10010000",2024-01-10,4192.6
"9142","10010000",2024-01-11,4192.6
"9143","10010000",2024-01-12,4192.6
"9144","10010000",2024-01-13,4192.6
"9145","10010000",2024-01-14,4192.6
"9146","10010000",2024-01-15,4192.7
"9147","10010000",2024-01-16,4192.6
"9148","10010000",2024-01-17,4192.6
"9149","10010000",2024-01-18,4192.6
"9150","10010000",2024-01-19,4192.6
"9151","10010000",2024-01-20,4192.6
"9152","10010000",2024-01-21,4192.6
"9153","10010000",2024-01-22,4192.6
"9154","10010000",2024-01-23,4192.7
"9155","10010000",2024-01-24,4192.7
"9156","10010000",2024-01-25,4192.7
"9157","10010000",2024-01-26,4192.7
"9158","10010000",2024-01-27,4192.7
"9159","10010000",2024-01-28,4192.8
"9160","10010000",2024-01-29,4192.8
"9161","10010000",2024-01-30,4192.8
"9162","10010000",2024-01-31,4192.8
"9163","10010000",2024-02-01,4192.8
"9164","10010000",2024-02-02,4192.9
"9165","10010000",2024-02-03,4193
"9166","10010000",2024-02-04,4192.9
"9167","10010000",2024-02-05,4192.9
"9168","10010000",2024-02-06,4193
"9169","10010000",2024-02-07,4193
"9170","10010000",2024-02-08,4193.1
"9171","10010000",2024-02-09,4193.2
"9172","10010000",2024-02-10,4193.3
"9173","10010000",2024-02-11,4193.2
"9174","10010000",2024-02-12,4193.2
"9175","10010000",2024-02-13,4193.2
"9176","10010000",2024-02-14,4193.2
"9177","10010000",2024-02-15,4193.3
"9178","10010000",2024-02-16,4193.3
"9179","10010000",2024-02-17,4193.3
"9180","10010000",2024-02-18,4193.3
"9181","10010000",2024-02-19,4193.4
"9182","10010000",2024-02-20,4193.4
"9183","10010000",2024-02-21,4193.5
"9184","10010000",2024-02-22,4193.6
"9185","10010000",2024-02-23,4193.6
"9186","10010000",2024-02-24,4193.6
"9187","10010000",2024-02-25,4193.6
"9188","10010000",2024-02-26,4193.8
"9189","10010000",2024-02-27,4193.9
"9190","10010000",2024-02-28,4193.7
"9191","10010000",2024-02-29,4193.7
"9192","10010000",2024-03-01,4193.5
"9193","10010000",2024-03-02,4193.5
"9194","10010000",2024-03-03,4193.7
"9195","10010000",2024-03-04,4193.8
"9196","10010000",2024-03-05,4193.8
"9197","10010000",2024-03-06,4193.9
"9198","10010000",2024-03-07,4194
"9199","10010000",2024-03-08,4194
"9200","10010000",2024-03-09,4193.9
"9201","10010000",2024-03-10,4194
"9202","10010000",2024-03-11,4194
"9203","10010000",2024-03-12,4194
"9204","10010000",2024-03-13,4194.1
"9205","10010000",2024-03-14,4194.2
"9206","10010000",2024-03-15,4194
"9207","10010000",2024-03-16,4194
"9208","10010000",2024-03-17,4194.1
"9209","10010000",2024-03-18,4194.1
"9210","10010000",2024-03-19,4194.1
"9211","10010000",2024-03-20,4194.1
"9212","10010000",2024-03-21,4194.1
"9213","10010000",2024-03-22,4194.2
"9214","10010000",2024-03-23,4194.1
"9215","10010000",2024-03-24,4194.2
"9216","10010000",2024-03-25,4194.2
"9217","10010000",2024-03-26,4194.3
"9218","10010000",2024-03-27,4194.2
"9219","10010000",2024-03-28,4194.2
"9220","10010000",2024-03-29,4194.3
"9221","10010000",2024-03-30,4194.2
"9222","10010000",2024-03-31,4194.3
"9223","10010000",2024-04-01,4194.4
"9224","10010000",2024-04-02,4194.4
"9225","10010000",2024-04-03,4194.4
"9226","10010000",2024-04-04,4194.3
"9227","10010000",2024-04-05,4194.3
"9228","10010000",2024-04-06,4194.6
"9229","10010000",2024-04-07,4194.4
"9230","10010000",2024-04-08,4194.4
"9231","10010000",2024-04-09,4194.4
"9232","10010000",2024-04-10,4194.5
"9233","10010000",2024-04-11,4194.5
"9234","10010000",2024-04-12,4194.5
"9235","10010000",2024-04-13,4194.5
"9236","10010000",2024-04-14,4194.5
"9237","10010000",2024-04-15,4194.6
"9238","10010000",2024-04-16,4194.6
"9239","10010000",2024-04-17,4194.7
"9240","10010000",2024-04-18,4194.7
"9241","10010000",2024-04-19,4194.7
"9242","10010000",2024-04-20,4194.7
"9243","10010000",2024-04-21,4194.7
"9244","10010000",2024-04-22,4194.7
"9245","10010000",2024-04-23,4194.7
"9246","10010000",2024-04-24,4194.7
"9247","10010000",2024-04-25,4194.8
"9248","10010000",2024-04-26,4194.8
"9249","10010000",2024-04-27,4195
"9250","10010000",2024-04-28,4194.9
"9251","10010000",2024-04-29,4195
"9252","10010000",2024-04-30,4194.9
"9253","10010000",2024-05-01,4195
"9254","10010000",2024-05-02,4194.9
"9255","10010000",2024-05-03,4195
"9256","10010000",2024-05-04,4194.9
"9257","10010000",2024-05-05,4195
"9258","10010000",2024-05-06,4194.9
"9259","10010000",2024-05-07,4195.2
"9260","10010000",2024-05-08,4194.9
"9261","10010000",2024-05-09,4195
"9262","10010000",2024-05-10,4194.9
"9263","10010000",2024-05-11,4195
"9264","10010000",2024-05-12,4195
"9265","10010000",2024-05-13,4195
"9266","10010000",2024-05-14,4195
"9267","10010000",2024-05-15,4195
"9268","10010000",2024-05-16,4195
"9269","10010000",2024-05-17,4195.1
"9270","10010000",2024-05-18,4195
"9271","10010000",2024-05-19,4195.1
"9272","10010000",2024-05-20,4195.1
"9273","10010000",2024-05-21,4195
"9274","10010000",2024-05-22,4195.1
"9275","10010000",2024-05-23,4195
"9276","10010000",2024-05-24,4194.9
"9277","10010000",2024-05-25,4194.9
"9278","10010000",2024-05-26,4195
"9279","10010000",2024-05-27,4195
"9280","10010000",2024-05-28,4195
"9281","10010000",2024-05-29,4195.1
"9282","10010000",2024-05-30,4195
"9283","10010000",2024-05-31,4195
"9284","10010000",2024-06-01,4195
"9285","10010000",2024-06-02,4195
"9286","10010000",2024-06-03,4195
"9287","10010000",2024-06-04,4195
"9288","10010000",2024-06-05,4194.9
"9289","10010000",2024-06-06,4195
"9290","10010000",2024-06-07,4195
"9291","10010000",2024-06-08,4195
"9292","10010000",2024-06-09,4195
"9293","10010000",2024-06-10,4194.9
"9294","10010000",2024-06-11,4194.9
"9295","10010000",2024-06-12,4195
"9296","10010000",2024-06-13,4194.9
"9297","10010000",2024-06-14,4194.9
"9298","10010000",2024-06-15,4195
"9299","10010000",2024-06-16,4194.9
"9300","10010000",2024-06-17,4195
"9301","10010000",2024-06-18,4194.8
"9302","10010000",2024-06-19,4194.8
"9303","10010000",2024-06-20,4194.7
"9304","10010000",2024-06-21,4194.7
"9305","10010000",2024-06-22,4194.7
"9306","10010000",2024-06-23,4194.6
"9307","10010000",2024-06-24,4194.7
"9308","10010000",2024-06-25,4194.7
"9309","10010000",2024-06-26,4194.6
"9310","10010000",2024-06-27,4194.7
"9311","10010000",2024-06-28,4194.6
"9312","10010000",2024-06-29,4194.5
"9313","10010000",2024-06-30,4194.5
"9314","10010000",2024-07-01,4194.5
"9315","10010000",2024-07-02,4194.4
"9316","10010000",2024-07-03,4194.4
"9317","10010000",2024-07-04,4194.4
"9318","10010000",2024-07-05,4194.3
"9319","10010000",2024-07-06,4194.3
"9320","10010000",2024-07-07,4194.3
"9321","10010000",2024-07-08,4194.3
"9322","10010000",2024-07-09,4194.2
"9323","10010000",2024-07-10,4194.2
"9324","10010000",2024-07-11,4194.2
"9325","10010000",2024-07-12,4194.2
"9326","10010000",2024-07-13,4194.2
"9327","10010000",2024-07-14,4194.2
"9328","10010000",2024-07-15,4194.1
"9329","10010000",2024-07-16,4194.1
"9330","10010000",2024-07-17,4194.1
"9331","10010000",2024-07-18,4194
"9332","10010000",2024-07-19,4194
"9333","10010000",2024-07-20,4194
"9334","10010000",2024-07-21,4193.9
"9335","10010000",2024-07-22,4193.9
"9336","10010000",2024-07-23,4193.9
"9337","10010000",2024-07-24,4193.9
"9338","10010000",2024-07-25,4193.9
"9339","10010000",2024-07-26,4193.7
"9340","10010000",2024-07-27,4193.8
"9341","10010000",2024-07-28,4193.7
"9342","10010000",2024-07-29,4193.7
"9343","10010000",2024-07-30,4193.7
"9344","10010000",2024-07-31,4193.6
"9345","10010000",2024-08-01,4193.6
"9346","10010000",2024-08-02,4193.6
"9347","10010000",2024-08-03,4193.4
"9348","10010000",2024-08-04,4193.5
"9349","10010000",2024-08-05,4193.5
"9350","10010000",2024-08-06,4193.5
"9351","10010000",2024-08-07,4193.5
"9352","10010000",2024-08-08,4193.4
"9353","10010000",2024-08-09,4193.4
"9354","10010000",2024-08-10,4193.3
"9355","10010000",2024-08-11,4193.3
"9356","10010000",2024-08-12,4193.2
"9357","10010000",2024-08-13,4193.3
"9358","10010000",2024-08-14,4193.3
"9359","10010000",2024-08-15,4193.3
"9360","10010000",2024-08-16,4193.3
"9361","10010000",2024-08-17,4193.2
"9362","10010000",2024-08-18,4193.1
"9363","10010000",2024-08-19,4193.2
"9364","10010000",2024-08-20,4193.2
"9365","10010000",2024-08-21,4193.2
"9366","10010000",2024-08-22,4193.1
"9367","10010000",2024-08-23,4192.9
"9368","10010000",2024-08-24,4193
"9369","10010000",2024-08-25,4193.1
"9370","10010000",2024-08-26,4193
"9371","10010000",2024-08-27,4193
"9372","10010000",2024-08-28,4193
"9373","10010000",2024-08-29,4193
"9374","10010000",2024-08-30,4192.9
"9375","10010000",2024-08-31,4192.9
"9376","10010000",2024-09-01,4192.9
"9377","10010000",2024-09-02,4192.9
"9378","10010000",2024-09-03,4192.8
"9379","10010000",2024-09-04,4192.9
"9380","10010000",2024-09-05,4192.9
"9381","10010000",2024-09-06,4192.8
"9382","10010000",2024-09-07,4192.8
"9383","10010000",2024-09-08,4192.8
"9384","10010000",2024-09-09,4192.8
"9385","10010000",2024-09-10,4192.7
"9386","10010000",2024-09-11,4192.7
"9387","10010000",2024-09-12,4192.8
"9388","10010000",2024-09-13,4192.7
"9389","10010000",2024-09-14,4192.7
"9390","10010000",2024-09-15,4192.6
"9391","10010000",2024-09-16,4192.6
"9392","10010000",2024-09-17,4192.5
"9393","10010000",2024-09-18,4192.6
"9394","10010000",2024-09-19,4192.6
"9395","10010000",2024-09-20,4192.6
"9396","10010000",2024-09-21,4192.6
"9397","10010000",2024-09-22,4192.5
"9398","10010000",2024-09-23,4192.5
"9399","10010000",2024-09-24,4192.5
"9400","10010000",2024-09-25,4192.5
"9401","10010000",2024-09-26,4192.5
"9402","10010000",2024-09-27,4192.5
"9403","10010000",2024-09-28,4192.5
"9404","10010000",2024-09-29,4192.5
"9405","10010000",2024-09-30,4192.5
"9406","10010000",2024-10-01,4192.4
"9407","10010000",2024-10-02,4192.4
"9408","10010000",2024-10-03,4192.4
"9409","10010000",2024-10-04,4192.4
"9410","10010000",2024-10-05,4192.4
"9411","10010000",2024-10-06,4192.4
"9412","10010000",2024-10-07,4192.4
"9413","10010000",2024-10-08,4192.3
"9414","10010000",2024-10-09,4192.3
"9415","10010000",2024-10-10,4192.3
"9416","10010000",2024-10-11,4192.3
"9417","10010000",2024-10-12,4192.3
"9418","10010000",2024-10-13,4192.3
"9419","10010000",2024-10-14,4192.3
"9420","10010000",2024-10-15,4192.3
"9421","10010000",2024-10-16,4192.2
"9422","10010000",2024-10-17,4192.5
"9423","10010000",2024-10-18,4192.7
"9424","10010000",2024-10-19,4192.3
"9425","10010000",2024-10-20,4192.2
"9426","10010000",2024-10-21,4192.2
"9427","10010000",2024-10-22,4192.2
"9428","10010000",2024-10-23,4192.2
"9429","10010000",2024-10-24,4192.3
"9430","10010000",2024-10-25,4192.2
"9431","10010000",2024-10-26,4192.2
"9432","10010000",2024-10-27,4192.2
"9433","10010000",2024-10-28,4192.3
"9434","10010000",2024-10-29,4192.5
"9435","10010000",2024-10-30,4192.2
"9436","10010000",2024-10-31,4192.2
"9437","10010000",2024-11-01,4192.2
"9438","10010000",2024-11-02,4192.2
"9439","10010000",2024-11-03,4192.3
"9440","10010000",2024-11-04,4192.2
"9441","10010000",2024-11-05,4192.3
"9442","10010000",2024-11-06,4192.2
"9443","10010000",2024-11-07,4192.1
"9444","10010000",2024-11-08,4192.1
"9445","10010000",2024-11-09,4192.1
"9446","10010000",2024-11-10,4192.1
"9447","10010000",2024-11-11,4192.1
"9448","10010000",2024-11-12,4192.2
"9449","10010000",2024-11-13,4192.1
"9450","10010000",2024-11-14,4192.2
"9451","10010000",2024-11-15,4192.2
"9452","10010000",2024-11-16,4192.2
"9453","10010000",2024-11-17,4192.1
"9454","10010000",2024-11-18,4192.3
"9455","10010000",2024-11-19,4192.1
"9456","10010000",2024-11-20,4192.2
"9457","10010000",2024-11-21,4192.2
"9458","10010000",2024-11-22,4192.2
"9459","10010000",2024-11-23,4192.2
"9460","10010000",2024-11-24,4192.2
"9461","10010000",2024-11-25,4192.2
"9462","10010000",2024-11-26,4192.2
"9463","10010000",2024-11-27,4192.2
"9464","10010000",2024-11-28,4192.2
"9465","10010000",2024-11-29,4192.2
"9466","10010000",2024-11-30,4192.2
"9467","10010000",2024-12-01,4192.2
"9468","10010000",2024-12-02,4192.2
"9469","10010000",2024-12-03,4192.2
"9470","10010000",2024-12-04,4192.2
"9471","10010000",2024-12-05,4192.2
"9472","10010000",2024-12-06,4192.3
"9473","10010000",2024-12-07,4192.3
"9474","10010000",2024-12-08,4192.3
"9475","10010000",2024-12-09,4192.3
"9476","10010000",2024-12-10,4192.3
"9477","10010000",2024-12-11,4192.3
"9478","10010000",2024-12-12,4192.3
"9479","10010000",2024-12-13,4192.3
"9480","10010000",2024-12-14,4192.3
"9481","10010000",2024-12-15,4192.3
"9482","10010000",2024-12-16,4192.3
"9483","10010000",2024-12-17,4192.3
"9484","10010000",2024-12-18,4192.3
"9485","10010000",2024-12-19,4192.3
"9486","10010000",2024-12-20,4192.3
"9487","10010000",2024-12-21,4192.3
"9488","10010000",2024-12-22,4192.4
"9489","10010000",2024-12-23,4192.4
"9490","10010000",2024-12-24,4192.4
"9491","10010000",2024-12-25,4192.4
"9492","10010000",2024-12-26,4192.4
"9493","10010000",2024-12-27,4192.4
"9494","10010000",2024-12-28,4192.4
"9495","10010000",2024-12-29,4192.5
"9496","10010000",2024-12-30,4192.6
"9497","10010000",2024-12-31,4192.5
"9498","10010000",2025-01-01,4192.5
"9499","10010000",2025-01-02,4192.5
"9500","10010000",2025-01-03,4192.5
"9501","10010000",2025-01-04,4192.7
"9502","10010000",2025-01-05,4192.6
"9503","10010000",2025-01-06,4192.6
"9504","10010000",2025-01-07,4192.7
"9505","10010000",2025-01-08,4192.6
"9506","10010000",2025-01-09,4192.6
"9507","10010000",2025-01-10,4192.6
"9508","10010000",2025-01-11,4192.7
"9509","10010000",2025-01-12,4192.6
"9510","10010000",2025-01-13,4192.6
"9511","10010000",2025-01-14,4192.6
"9512","10010000",2025-01-15,4192.6
"9513","10010000",2025-01-16,4192.6
"9514","10010000",2025-01-17,4192.7
"9515","10010000",2025-01-18,4192.8
"9516","10010000",2025-01-19,4192.7
"9517","10010000",2025-01-20,4192.8
"9518","10010000",2025-01-21,4192.6
"9519","10010000",2025-01-22,4192.6
"9520","10010000",2025-01-23,4192.6
"9521","10010000",2025-01-24,4192.6
"9522","10010000",2025-01-25,4192.7
"9523","10010000",2025-01-26,4192.7
"9524","10010000",2025-01-27,4192.7
"9525","10010000",2025-01-28,4192.7
"9526","10010000",2025-01-29,4192.7
"9527","10010000",2025-01-30,4192.7
"9528","10010000",2025-01-31,4192.7
"9529","10010000",2025-02-01,4192.7
"9530","10010000",2025-02-02,4192.6
"9531","10010000",2025-02-03,4192.6
"9532","10010000",2025-02-04,4192.6
"9533","10010000",2025-02-05,4192.7
"9534","10010000",2025-02-06,4192.8
"9535","10010000",2025-02-07,4192.7
"9536","10010000",2025-02-08,4192.8
"9537","10010000",2025-02-09,4192.8
"9538","10010000",2025-02-10,4192.8
"9539","10010000",2025-02-11,4192.8
"9540","10010000",2025-02-12,4192.8
"9541","10010000",2025-02-13,4192.8
"9542","10010000",2025-02-14,4192.8
"9543","10010000",2025-02-15,4192.9
"9544","10010000",2025-02-16,4192.8
"9545","10010000",2025-02-17,4192.8
"9546","10010000",2025-02-18,4192.9
"9547","10010000",2025-02-19,4192.9
"9548","10010000",2025-02-20,4193
"9549","10010000",2025-02-21,4193
"9550","10010000",2025-02-22,4193
"9551","10010000",2025-02-23,4193
"9552","10010000",2025-02-24,4193
"9553","10010000",2025-02-25,4193.1
"9554","10010000",2025-02-26,4193.1
"9555","10010000",2025-02-27,4193.1
"9556","10010000",2025-02-28,4193.1
"9557","10010000",2025-03-01,4193.1
"9558","10010000",2025-03-02,4193.1
"9559","10010000",2025-03-03,4193.1
"9560","10010000",2025-03-04,4193.2
"9561","10010000",2025-03-05,4193.1
"9562","10010000",2025-03-06,4193.2
"9563","10010000",2025-03-07,4193.3
"9564","10010000",2025-03-08,4193.2
"9565","10010000",2025-03-09,4193.2
"9566","10010000",2025-03-10,4193.3
"9567","10010000",2025-03-11,4193.3
"9568","10010000",2025-03-12,4193.2
"9569","10010000",2025-03-13,4193.2
"9570","10010000",2025-03-14,4193.3
"9571","10010000",2025-03-15,4193.3
"9572","10010000",2025-03-16,4193.2
"9573","10010000",2025-03-17,4193.4
"9574","10010000",2025-03-18,4193.5
"9575","10010000",2025-03-19,4193.3
"9576","10010000",2025-03-20,4193.4
"9577","10010000",2025-03-21,4193.3
"9578","10010000",2025-03-22,4193.4
"9579","10010000",2025-03-23,4193.4
"9580","10010000",2025-03-24,4193.4
"9581","10010000",2025-03-25,4193.4
"9582","10010000",2025-03-26,4193.4
"9583","10010000",2025-03-27,4193.5
"9584","10010000",2025-03-28,4193.5
"9585","10010000",2025-03-29,4193.6
"9586","10010000",2025-03-30,4193.4
"9587","10010000",2025-03-31,4193.5
"9588","10010000",2025-04-01,4193.5
"9589","10010000",2025-04-02,4193.5
"9590","10010000",2025-04-03,4193.5
"9591","10010000",2025-04-04,4193.6
"9592","10010000",2025-04-05,4193.5
"9593","10010000",2025-04-06,4193.5
"9594","10010000",2025-04-07,4193.5
"9595","10010000",2025-04-08,4193.5
"9596","10010000",2025-04-09,4193.5
"9597","10010000",2025-04-10,4193.5
"9598","10010000",2025-04-11,4193.5
"9599","10010000",2025-04-12,4193.6
"9600","10010000",2025-04-13,4193.7
"9601","10010000",2025-04-14,4193.6
"9602","10010000",2025-04-15,4193.5
"9603","10010000",2025-04-16,4193.5
"9604","10010000",2025-04-17,4193.7
"9605","10010000",2025-04-18,4193.6
"9606","10010000",2025-04-19,4193.5
"9607","10010000",2025-04-20,4193.5
"9608","10010000",2025-04-21,4193.6
"9609","10010000",2025-04-22,4193.5
"9610","10010000",2025-04-23,4193.6
"9611","10010000",2025-04-24,4193.5
"9612","10010000",2025-04-25,4193.5
"9613","10010000",2025-04-26,4193.5
"9614","10010000",2025-04-27,4193.4
"9615","10010000",2025-04-28,4193.5
"9616","10010000",2025-04-29,4193.5
"9617","10010000",2025-04-30,4193.5
"9618","10010000",2025-05-01,4193.5
"9619","10010000",2025-05-02,4193.5
"9620","10010000",2025-05-03,4193.5
"9621","10010000",2025-05-04,4193.5
"9622","10010000",2025-05-05,4193.7
"9623","10010000",2025-05-06,4193.5
"9624","10010000",2025-05-07,4193.4
"9625","10010000",2025-05-08,4193.4
"9626","10010000",2025-05-09,4193.5
"9627","10010000",2025-05-10,4193.4
"9628","10010000",2025-05-11,4193.3
"9629","10010000",2025-05-12,4193.3
"9630","10010000",2025-05-13,4193.6
"9631","10010000",2025-05-14,4193.4
"9632","10010000",2025-05-15,4193.3
"9633","10010000",2025-05-16,4193.3
"9634","10010000",2025-05-17,4193.4
"9635","10010000",2025-05-18,4193.5
"9636","10010000",2025-05-19,4193.4
"9637","10010000",2025-05-20,4193.4
"9638","10010000",2025-05-21,4193.4
"9639","10010000",2025-05-22,4193.4
"9640","10010000",2025-05-23,4193.4
"9641","10010000",2025-05-24,4193.4
"9642","10010000",2025-05-25,4193.3
"9643","10010000",2025-05-26,4193.3
"9644","10010000",2025-05-27,4193.3
"9645","10010000",2025-05-28,4193.3
"9646","10010000",2025-05-29,4193.3
"9647","10010000",2025-05-30,4193.3
"9648","10010000",2025-05-31,4193.3
"9649","10010000",2025-06-01,4193.3
"9650","10010000",2025-06-02,4193.4
"9651","10010000",2025-06-03,4193.3
"9652","10010000",2025-06-04,4193.3
"9653","10010000",2025-06-05,4193.2
"9654","10010000",2025-06-06,4193.2
"9655","10010000",2025-06-07,4193.2
"9656","10010000",2025-06-08,4193.2
"9657","10010000",2025-06-09,4193.2
"9658","10010000",2025-06-10,4193.2
"9659","10010000",2025-06-11,4193.2
"9660","10010000",2025-06-12,4193.2
"9661","10010000",2025-06-13,4193.1
"9662","10010000",2025-06-14,4193.1
"9663","10010000",2025-06-15,4193.1
"9664","10010000",2025-06-16,4193.1
"9665","10010000",2025-06-17,4193.1
"9666","10010000",2025-06-18,4193
"9667","10010000",2025-06-19,4192.9
"9668","10010000",2025-06-20,4193
"9669","10010000",2025-06-21,4193.2
"9670","10010000",2025-06-22,4192.9
"9671","10010000",2025-06-23,4192.8
"9672","10010000",2025-06-24,4192.8
"9673","10010000",2025-06-25,4192.8
"9674","10010000",2025-06-26,4192.7
"9675","10010000",2025-06-27,4192.7
"9676","10010000",2025-06-28,4192.7
"9677","10010000",2025-06-29,4192.7
"9678","10010000",2025-06-30,4192.7
"9679","10010000",2025-07-01,4192.7
"9680","10010000",2025-07-02,4192.7
"9681","10010000",2025-07-03,4192.6
"9682","10010000",2025-07-04,4192.7
"9683","10010000",2025-07-05,4192.6
"9684","10010000",2025-07-06,4192.6
"9685","10010000",2025-07-07,4192.6
"9686","10010000",2025-07-08,4192.6
"9687","10010000",2025-07-09,4192.5
"9688","10010000",2025-07-10,4192.6
"9689","10010000",2025-07-11,4192.5
"9690","10010000",2025-07-12,4192.5
"9691","10010000",2025-07-13,4192.5
"9692","10010000",2025-07-14,4192.4
"9693","10010000",2025-07-15,4192.5
"9694","10010000",2025-07-16,4192.4
"9695","10010000",2025-07-17,4192.4
"9696","10010000",2025-07-18,4192.3
"9697","10010000",2025-07-19,4192.3
"9698","10010000",2025-07-20,4192.3
"9699","10010000",2025-07-21,4192.1
"9700","10010000",2025-07-22,4192.2
"9701","10010000",2025-07-23,4192.2
"9702","10010000",2025-07-24,4192.2
"9703","10010000",2025-07-25,4192.2
"9704","10010000",2025-07-26,4192.1
"9705","10010000",2025-07-27,4192
"9706","10010000",2025-07-28,4192.1
"9707","10010000",2025-07-29,4192.1
"9708","10010000",2025-07-30,4192
"9709","10010000",2025-07-31,4192
"9710","10010000",2025-08-01,4192
"9711","10010000",2025-08-02,4192
"9712","10010000",2025-08-03,4191.9
"9713","10010000",2025-08-04,4192
"9714","10010000",2025-08-05,4191.9
"9715","10010000",2025-08-06,4191.8
"9716","10010000",2025-08-07,4191.9
"9717","10010000",2025-08-08,4191.9
"9718","10010000",2025-08-09,4191.8
"9719","10010000",2025-08-10,4191.8
"9720","10010000",2025-08-11,4191.7
"9721","10010000",2025-08-12,4191.7
"9722","10010000",2025-08-13,4191.7
"9723","10010000",2025-08-14,4191.7
"9724","10010000",2025-08-15,4191.6
"9725","10010000",2025-08-16,4191.6
"9726","10010000",2025-08-17,4191.6
"9727","10010000",2025-08-18,4191.6
"9728","10010000",2025-08-19,4191.6
"9729","10010000",2025-08-20,4191.6
"9730","10010000",2025-08-21,4191.6
"9731","10010000",2025-08-22,4191.5
"9732","10010000",2025-08-23,4191.5
"9733","10010000",2025-08-24,4191.5
"9734","10010000",2025-08-25,4191.5
"9735","10010000",2025-08-26,4191.5
"9736","10010000",2025-08-27,4191.5
"9737","10010000",2025-08-28,4191.5
"9738","10010000",2025-08-29,4191.5
"9739","10010000",2025-08-30,4191.5
"9740","10010000",2025-08-31,4191.5
"9741","10010000",2025-09-01,4191.5
"9742","10010000",2025-09-02,4191.5
"9743","10010000",2025-09-03,4191.4
"9744","10010000",2025-09-04,4191.4
"9745","10010000",2025-09-05,4191.4
"9746","10010000",2025-09-06,4191.4
"9747","10010000",2025-09-07,4191.3
"9748","10010000",2025-09-08,4191.4
"9749","10010000",2025-09-09,4191.3
"9750","10010000",2025-09-10,4191.2
"9751","10010000",2025-09-11,4191.3
"9752","10010000",2025-09-12,4191.3
"9753","10010000",2025-09-13,4191.2
"9754","10010000",2025-09-14,4191.2
"9755","10010000",2025-09-15,4191.3
"9756","10010000",2025-09-16,4191.2
"9757","10010000",2025-09-17,4191.2
"9758","10010000",2025-09-18,4191.1
"9759","10010000",2025-09-19,4191.1
"9760","10010000",2025-09-20,4191.1
"9761","10010000",2025-09-21,4191.1
"9762","10010000",2025-09-22,4191.2
"9763","10010000",2025-09-23,4191.1
"9764","10010000",2025-09-24,4191.1
"9765","10010000",2025-09-25,4191.1
"9766","10010000",2025-09-26,4191.1
"9767","10010000",2025-09-27,4191.1
"9768","10010000",2025-09-28,4191
"9769","10010000",2025-09-29,4191
"9770","10010000",2025-09-30,4191.1
"9771","10010000",2025-10-01,4191
"9772","10010000",2025-10-02,4191
"9773","10010000",2025-10-03,4191
"9774","10010000",2025-10-04,4191.4
"9775","10010000",2025-10-05,4191.2
"9776","10010000",2025-10-06,4191.2
"9777","10010000",2025-10-07,4191.1
"9778","10010000",2025-10-08,4191.1
"9779","10010000",2025-10-09,4191.1
"9780","10010000",2025-10-10,4191
"9781","10010000",2025-10-11,4191.2
"9782","10010000",2025-10-12,4191.2
"9783","10010000",2025-10-13,4191.1
"9784","10010000",2025-10-14,4191.1
"9785","10010000",2025-10-15,4191.2
"9786","10010000",2025-10-16,4191.2
"9787","10010000",2025-10-17,4191.2
"9788","10010000",2025-10-18,4191.2
"9789","10010000",2025-10-19,4191.2
"9790","10010000",2025-10-20,4191.2
"9791","10010000",2025-10-21,4191.2
"9792","10010000",2025-10-22,4191.2
"9793","10010000",2025-10-23,4191.2
"9794","10010000",2025-10-24,4191.2
"9795","10010000",2025-10-25,4191.2
"9796","10010000",2025-10-26,4191.3
"9797","10010000",2025-10-27,4191.3
"9798","10010000",2025-10-28,4191.2
"9799","10010000",2025-10-29,4191.2
"9800","10010000",2025-10-30,4191.2
"9801","10010000",2025-10-31,4191.2
"9802","10010000",2025-11-01,4191.2
"9803","10010000",2025-11-02,4191.2
"9804","10010000",2025-11-03,4191.2
"9805","10010000",2025-11-04,4191.2
"9806","10010000",2025-11-05,4191.2
"9807","10010000",2025-11-06,4191.2
"9808","10010000",2025-11-07,4191.2
"9809","10010000",2025-11-08,4191.2
"9810","10010000",2025-11-09,4191.2
"9811","10010000",2025-11-10,4191.2
"9812","10010000",2025-11-11,4191.2
"9813","10010000",2025-11-12,4191.2
"9814","10010000",2025-11-13,4191.2
"9815","10010000",2025-11-14,4191.2
"9816","10010000",2025-11-15,4191.2
"9817","10010000",2025-11-16,4191.2
"9818","10010000",2025-11-17,4191.2
"9819","10010000",2025-11-18,4191.2
"9820","10010000",2025-11-19,4191.3
"9821","10010000",2025-11-20,4191.3
"9822","10010000",2025-11-21,4191.3
"9823","10010000",2025-11-22,4191.3
"9824","10010000",2025-11-23,4191.3
"9825","10010000",2025-11-24,4191.3
"9826","10010000",2025-11-25,4191.3
"9827","10010000",2025-11-26,4191.3
"9828","10010000",2025-11-27,4191.3
"9829","10010000",2025-11-28,4191.3
"9830","10010000",2025-11-29,4191.3
"9831","10010000",2025-11-30,4191.4
"9832","10010000",2025-12-01,4191.3
"9833","10010000",2025-12-02,4191.3
"9834","10010000",2025-12-03,4191.3
"9835","10010000",2025-12-04,4191.3
"9836","10010000",2025-12-05,4191.2
"9837","10010000",2025-12-06,4191.4
"9838","10010000",2025-12-07,4191.3
"9839","10010000",2025-12-08,4191.3
"9840","10010000",2025-12-09,4191.3
"9841","10010000",2025-12-10,4191.3
"9842","10010000",2025-12-11,4191.3
"9843","10010000",2025-12-12,4191.4
"9844","10010000",2025-12-13,4191.4
"9845","10010000",2025-12-14,4191.4
"9846","10010000",2025-12-15,4191.4
"9847","10010000",2025-12-16,4191.4
"9848","10010000",2025-12-17,4191.5
"9849","10010000",2025-12-18,4191.4
"9850","10010000",2025-12-19,4191.4
"9851","10010000",2025-12-20,4191.4
"9852","10010000",2025-12-21,4191.4
"9853","10010000",2025-12-22,4191.3
"9854","10010000",2025-12-23,4191.4
"9855","10010000",2025-12-24,4191.3
"9856","10010000",2025-12-25,4191.3
"9857","10010000",2025-12-26,4191.3
"9858","10010000",2025-12-27,4191.7
"9859","10010000",2025-12-28,4191.5
"9860","10010000",2025-12-29,4191.5
"9861","10010000",2025-12-30,4191.5
