,Date,LakeLevel(ft)
1,1/1/1980,4197.7
2,1/15/1980,4197.85
3,2/1/1980,4198.25
4,2/15/1980,4198.35
5,3/1/1980,4198.85
6,3/15/1980,4199.1
7,4/1/1980,4199.2
8,4/15/1980,4199.3
9,5/1/1980,4199.4
10,5/15/1980,4199.85
11,6/1/1980,4200.1
12,6/15/1980,4200.55
13,7/1/1980,4200.35
14,7/15/1980,4200.15
15,8/1/1980,4199.9
16,8/15/1980,4199.4
17,9/1/1980,4199.3
18,9/15/1980,4199.2
19,10/1/1980,4199.1
20,10/15/1980,4199
21,11/1/1980,4199
22,11/15/1980,4199.1
23,12/1/1980,4199.25
24,12/15/1980,4199.35
25,1/1/1981,4199.5
26,1/15/1981,4199.65
27,2/1/1981,4199.8
28,2/15/1981,4199.85
29,3/1/1981,4199.85
30,3/15/1981,4199.95
31,4/1/1981,4200
32,4/15/1981,4200.05
33,5/1/1981,4200
34,5/15/1981,4199.9
35,6/1/1981,4200.05
36,6/15/1981,4200.15
37,7/1/1981,4199.9
38,7/15/1981,4199.55
39,8/1/1981,4199.2
40,8/15/1981,4198.85
41,9/1/1981,4198.6
42,9/15/1981,4198.4
43,10/1/1981,4198.15
44,10/15/1981,4198.35
45,11/1/1981,4198.35
46,11/15/1981,4198.4
47,12/1/1981,4198.4
48,12/15/1981,4198.45
49,1/1/1982,4198.6
50,1/15/1982,4198.7
51,2/1/1982,4198.8
52,2/15/1982,4198.85
53,3/1/1982,4199.2
54,3/15/1982,4199.45
55,4/1/1982,4199.8
56,4/15/1982,4200.1
57,5/1/1982,4200.25
58,5/15/1982,4200.55
59,6/1/1982,4200.7
60,6/15/1982,4200.7
61,7/1/1982,4200.45
62,7/15/1982,4200.35
63,8/1/1982,4200.25
64,8/15/1982,4199.9
65,9/1/1982,4199.75
66,9/15/1982,4199.65
67,10/1/1982,4200.05
68,10/15/1982,4200.3
69,11/1/1982,4200.5
70,11/15/1982,4200.7
71,12/1/1982,4200.9
72,12/15/1982,4201.25
73,1/1/1983,4201.45
74,1/15/1983,4201.6
75,2/1/1983,4201.9
76,2/15/1983,4202.15
77,3/1/1983,4202.25
78,3/15/1983,4202.45
79,4/1/1983,4203
80,4/15/1983,4203.25
81,5/1/1983,4203.5
82,5/15/1983,4203.65
83,6/1/1983,4204.05
84,6/15/1983,4204.5
85,6/30/1983,4204.75
86,7/1/1983,4204.7
87,7/15/1983,4204.65
88,8/1/1983,4204.45
89,8/15/1983,4204.3
90,9/1/1983,4204.4
91,9/15/1983,4204.4
92,9/25/1983,4204.25
93,10/1/1983,4204.35
94,10/15/1983,4204.55
95,11/1/1983,4204.7
96,11/15/1983,4204.75
97,12/1/1983,4205.05
98,12/15/1983,4205.4
99,1/1/1984,4205.9
100,1/15/1984,4206.15
101,2/1/1984,4206.3
102,2/15/1984,4206.5
103,3/1/1984,4206.7
104,3/15/1984,4206.9
105,4/1/1984,4207.35
106,4/15/1984,4207.5
107,5/1/1984,4207.9
108,5/15/1984,4208.2
109,6/1/1984,4208.6
110,6/15/1984,4209
111,7/1/1984,4209.1
112,7/15/1984,4208.9
113,8/1/1984,4208.9
114,8/15/1984,4208.4
115,9/1/1984,4208
116,9/15/1984,4207.8
117,10/1/1984,4207.7
118,10/15/1984,4207.8
119,11/1/1984,4207.9
120,11/15/1984,4208.1
121,12/1/1984,4208.1
122,12/15/1984,4208.3
123,1/1/1985,4208.5
124,1/15/1985,4208.6
125,2/1/1985,4208.8
126,2/15/1985,4208.8
127,3/1/1985,4209
128,3/15/1985,4209.2
129,4/1/1985,4209.4
130,4/15/1985,4209.6
131,5/1/1985,4209.8
132,5/15/1985,4209.8
133,5/21/1985,4209.8
134,6/1/1985,4209.8
135,6/15/1985,4209.6
136,7/1/1985,4209.3
137,7/15/1985,4209.2
138,8/1/1985,4208.9
139,8/15/1985,4208.6
140,9/1/1985,4208.4
141,9/15/1985,4208.2
142,10/1/1985,4208.2
143,10/15/1985,4208.2
144,10/16/1985,4208.1
145,11/1/1985,4208.1
146,11/15/1985,4208.2
147,12/1/1985,4208.3
148,12/15/1985,4208.5
149,1/1/1986,4208.7
150,1/15/1986,4208.7
151,2/1/1986,4208.9
152,2/15/1986,4209.1
153,3/1/1986,4209.7
154,3/15/1986,4210
155,4/1/1986,4210.2
156,4/15/1986,4210.7
157,5/1/1986,4211
158,5/15/1986,4211.4
159,6/1/1986,4211.5
160,6/3/1986,4211.6
161,6/15/1986,4211.2
162,7/1/1986,4211.1
163,7/15/1986,4210.9
164,8/1/1986,4210.8
165,8/15/1986,4210.6
166,9/1/1986,4210.5
167,9/15/1986,4210.4
168,10/1/1986,4210.4
169,10/15/1986,4210.5
170,11/1/1986,4210.6
171,11/15/1986,4210.6
172,12/1/1986,4210.7
173,12/15/1986,4210.7
174,1/1/1987,4210.9
175,1/15/1987,4211
176,2/1/1987,4211.1
177,2/15/1987,4211.2
178,3/1/1987,4211.3
179,3/15/1987,4211.4
180,4/1/1987,4211.5
181,4/15/1987,4211.5
182,5/1/1987,4211.4
183,5/15/1987,4211.3
184,6/1/1987,4211.2
185,6/15/1987,4211.2
186,7/1/1987,4210.8
187,7/15/1987,4210.5
188,8/1/1987,4210.3
189,8/15/1987,4209.9
190,9/1/1987,4209.6
191,9/15/1987,4209.4
192,10/1/1987,4209.1
193,10/15/1987,4209
194,11/1/1987,4209
195,11/15/1987,4209
196,12/1/1987,4209
197,12/15/1987,4209
198,12/20/1987,4208.9
199,1/1/1988,4209
200,1/15/1988,4209
201,2/1/1988,4209
202,2/10/1988,4209.1
203,2/15/1988,4209.1
204,3/1/1988,4209.1
205,3/15/1988,4209.1
206,4/1/1988,4209
207,4/15/1988,4209
208,5/1/1988,4209
209,5/15/1988,4208.8
210,6/1/1988,4208.6
211,6/15/1988,4208.5
212,7/1/1988,4208.1
213,7/15/1988,4207.6
214,8/1/1988,4207.4
215,8/15/1988,4206.9
216,9/1/1988,4206.9
217,9/15/1988,4206.4
218,10/1/1988,4206.2
219,10/15/1988,4206.1
220,11/1/1988,4205.9
221,11/15/1988,4205.9
222,12/1/1988,4205.9
223,12/15/1988,4205.9
224,1/1/1989,4205.9
225,1/15/1989,4205.9
226,2/1/1989,4205.9
227,2/15/1989,4205.9
228,3/1/1989,4205.9
229,3/15/1989,4206.1
230,4/1/1989,4206.1
231,4/15/1989,4206.1
232,5/1/1989,4206.1
233,5/15/1989,4206.1
234,6/1/1989,4205.9
235,6/15/1989,4205.6
236,7/1/1989,4205.4
237,7/15/1989,4205.1
238,8/1/1989,4204.7
239,8/15/1989,4204.6
240,9/1/1989,4204.4
241,9/15/1989,4204.1
242,10/1/1989,4204
243,10/2/1989,4204
244,10/3/1989,4204
245,10/4/1989,4203.8
246,10/5/1989,4203.7
247,10/6/1989,4203.7
248,10/7/1989,4203.7
249,10/8/1989,4203.7
250,10/9/1989,4203.7
251,10/10/1989,4203.7
252,10/11/1989,4203.7
253,10/12/1989,4203.7
254,10/13/1989,4203.7
255,10/14/1989,4203.7
256,10/15/1989,4203.7
257,10/16/1989,4203.7
258,10/17/1989,4203.7
259,10/18/1989,4203.7
260,10/19/1989,4203.7
261,10/20/1989,4203.7
262,10/21/1989,4203.7
263,10/22/1989,4203.7
264,10/23/1989,4203.7
265,10/24/1989,4203.7
266,10/25/1989,4203.7
267,10/26/1989,4203.8
268,10/27/1989,4203.7
269,10/28/1989,4203.8
270,10/29/1989,4203.7
271,10/30/1989,4203.7
272,10/31/1989,4203.7
273,11/1/1989,4203.7
274,11/2/1989,4203.7
275,11/3/1989,4203.7
276,11/4/1989,4203.7
277,11/5/1989,4203.7
278,11/6/1989,4203.7
279,11/7/1989,4203.7
280,11/8/1989,4203.7
281,11/9/1989,4203.7
282,11/10/1989,4203.7
283,11/11/1989,4203.7
284,11/12/1989,4203.7
285,11/13/1989,4203.7
286,11/14/1989,4203.8
287,11/15/1989,4203.7
288,11/16/1989,4203.7
289,11/17/1989,4203.5
290,11/18/1989,4203.7
291,11/19/1989,4203.7
292,11/20/1989,4203.7
293,11/21/1989,4203.7
294,11/22/1989,4203.7
295,11/23/1989,4203.7
296,11/24/1989,4203.7
297,11/25/1989,4203.7
298,11/26/1989,4203.7
299,11/27/1989,4203.7
300,11/28/1989,4203.7
301,11/29/1989,4203.7
302,11/30/1989,4203.7
303,12/1/1989,4203.7
304,12/2/1989,4203.7
305,12/3/1989,4203.7
306,12/4/1989,4203.7
307,12/5/1989,4203.7
308,12/6/1989,4203.7
309,12/7/1989,4203.7
310,12/8/1989,4203.7
311,12/9/1989,4203.7
312,12/10/1989,4203.7
313,12/11/1989,4203.7
314,12/12/1989,4203.7
315,12/13/1989,4203.7
316,12/14/1989,4203.7
317,12/15/1989,4203.7
318,12/16/1989,4203.7
319,12/17/1989,4203.7
320,12/18/1989,4203.7
321,12/19/1989,4203.7
322,12/20/1989,4203.7
323,12/21/1989,4203.7
324,12/22/1989,4203.7
325,12/23/1989,4203.7
326,12/24/1989,4203.7
327,12/25/1989,4203.7
328,12/26/1989,4203.7
329,12/27/1989,4203.7
330,12/28/1989,4203.7
331,12/29/1989,4203.7
332,12/30/1989,4203.7
333,12/31/1989,4203.7
334,1/1/1990,4203.7
335,1/2/1990,4203.7
336,1/3/1990,4203.7
337,1/4/1990,4203.7
338,1/5/1990,4203.7
339,1/6/1990,4203.7
340,1/7/1990,4203.7
341,1/8/1990,4203.7
342,1/9/1990,4203.7
343,1/10/1990,4203.7
344,1/11/1990,4203.7
345,1/12/1990,4203.7
346,1/13/1990,4203.7
347,1/14/1990,4203.7
348,1/15/1990,4203.7
349,1/16/1990,4203.7
350,1/17/1990,4203.7
351,1/18/1990,4203.8
352,1/19/1990,4203.7
353,1/20/1990,4203.7
354,1/21/1990,4203.7
355,1/22/1990,4203.7
356,1/23/1990,4203.8
357,1/24/1990,4203.7
358,1/25/1990,4203.7
359,1/26/1990,4203.8
360,1/27/1990,4203.7
361,1/28/1990,4203.7
362,1/29/1990,4203.7
363,1/30/1990,4203.7
364,1/31/1990,4203.7
365,2/1/1990,4203.7
366,2/2/1990,4203.7
367,2/3/1990,4203.7
368,2/4/1990,4203.7
369,2/5/1990,4203.7
370,2/6/1990,4203.7
371,2/7/1990,4203.8
372,2/8/1990,4203.7
373,2/9/1990,4203.7
374,2/10/1990,4203.7
375,2/11/1990,4203.7
376,2/12/1990,4203.8
377,2/13/1990,4203.8
378,2/14/1990,4204
379,2/15/1990,4203.8
380,2/16/1990,4203.7
381,2/17/1990,4203.7
382,2/18/1990,4203.7
383,2/19/1990,4203.8
384,2/20/1990,4203.8
385,2/21/1990,4203.7
386,2/22/1990,4203.7
387,2/23/1990,4203.7
388,2/24/1990,4203.8
389,2/25/1990,4203.7
390,2/26/1990,4203.8
391,2/27/1990,4203.8
392,2/28/1990,4203.8
393,3/1/1990,4203.8
394,3/2/1990,4203.8
395,3/3/1990,4203.8
396,3/4/1990,4203.8
397,3/5/1990,4204
398,3/6/1990,4204
399,3/7/1990,4204
400,3/8/1990,4203.8
401,3/9/1990,4203.8
402,3/10/1990,4203.8
403,3/11/1990,4204
404,3/12/1990,4204
405,3/13/1990,4204
406,3/14/1990,4204
407,3/15/1990,4204
408,3/16/1990,4204
409,3/17/1990,4204
410,3/18/1990,4204
411,3/19/1990,4204
412,3/20/1990,4204
413,3/21/1990,4204
414,3/22/1990,4204
415,3/23/1990,4204
416,3/24/1990,4204
417,3/25/1990,4204
418,3/26/1990,4204
419,3/27/1990,4204
420,3/28/1990,4204
421,3/29/1990,4204
422,3/30/1990,4204
423,3/31/1990,4204
424,4/1/1990,4204
425,4/2/1990,4204
426,4/3/1990,4203.8
427,4/4/1990,4203.8
428,4/5/1990,4203.8
429,4/6/1990,4203.8
430,4/7/1990,4203.8
431,4/8/1990,4203.8
432,4/9/1990,4204
433,4/10/1990,4204
434,4/11/1990,4204
435,4/12/1990,4204
436,4/13/1990,4204
437,4/14/1990,4203.8
438,4/15/1990,4203.8
439,4/16/1990,4204
440,4/17/1990,4203.8
441,4/18/1990,4203.8
442,4/19/1990,4203.8
443,4/20/1990,4203.8
444,4/21/1990,4203.8
445,4/22/1990,4203.8
446,4/23/1990,4203.8
447,4/24/1990,4204
448,4/25/1990,4204
449,4/26/1990,4204
450,4/27/1990,4203.8
451,4/28/1990,4204
452,4/29/1990,4203.8
453,4/30/1990,4204
454,5/1/1990,4204
455,5/2/1990,4203.8
456,5/3/1990,4204
457,5/4/1990,4203.8
458,5/5/1990,4203.8
459,5/6/1990,4203.8
460,5/7/1990,4203.8
461,5/8/1990,4204
462,5/9/1990,4203.7
463,5/10/1990,4203.7
464,5/11/1990,4203.8
465,5/12/1990,4203.7
466,5/13/1990,4203.7
467,5/14/1990,4203.7
468,5/15/1990,4203.7
469,5/16/1990,4203.7
470,5/17/1990,4203.7
471,5/18/1990,4203.7
472,5/19/1990,4203.7
473,5/20/1990,4203.7
474,5/21/1990,4203.7
475,5/22/1990,4203.7
476,5/23/1990,4203.7
477,5/24/1990,4203.5
478,5/25/1990,4203.7
479,5/26/1990,4203.7
480,5/27/1990,4203.7
481,5/28/1990,4203.5
482,5/29/1990,4203.5
483,5/30/1990,4203.5
484,5/31/1990,4203.7
485,6/1/1990,4203.5
486,6/2/1990,4203.5
487,6/3/1990,4203.5
488,6/4/1990,4203.7
489,6/5/1990,4203.7
490,6/6/1990,4203.7
491,6/7/1990,4203.5
492,6/8/1990,4203.5
493,6/9/1990,4203.5
494,6/10/1990,4203.5
495,6/11/1990,4203.5
496,6/12/1990,4203.5
497,6/13/1990,4203.5
498,6/14/1990,4203.5
499,6/15/1990,4203.5
500,6/16/1990,4203.5
501,6/17/1990,4203.5
502,6/18/1990,4203.5
503,6/19/1990,4203.5
504,6/20/1990,4203.5
505,6/21/1990,4203.5
506,6/22/1990,4203.5
507,6/23/1990,4203.3
508,6/24/1990,4203.3
509,6/25/1990,4203.3
510,6/26/1990,4203.3
511,6/27/1990,4203.3
512,6/28/1990,4203.3
513,6/29/1990,4203.3
514,6/30/1990,4203.2
515,7/1/1990,4203.2
516,7/2/1990,4203.2
517,7/3/1990,4203.3
518,7/4/1990,4203.2
519,7/5/1990,4203.2
520,7/6/1990,4203.2
521,7/7/1990,4203.2
522,7/8/1990,4203
523,7/9/1990,4203
524,7/10/1990,4203.2
525,7/11/1990,4203.2
526,7/12/1990,4203
527,7/13/1990,4203
528,7/14/1990,4203
529,7/15/1990,4203
530,7/16/1990,4203
531,7/17/1990,4203
532,7/18/1990,4203
533,7/19/1990,4203
534,7/20/1990,4203
535,7/21/1990,4203
536,7/22/1990,4202.8
537,7/23/1990,4202.8
538,7/24/1990,4202.7
539,7/25/1990,4202.8
540,7/26/1990,4202.8
541,7/27/1990,4202.7
542,7/28/1990,4202.7
543,7/29/1990,4202.7
544,7/30/1990,4202.7
545,7/31/1990,4202.7
546,8/1/1990,4202.7
547,8/2/1990,4202.7
548,8/3/1990,4202.7
549,8/4/1990,4202.7
550,8/5/1990,4202.7
551,8/6/1990,4202.7
552,8/7/1990,4202.7
553,8/8/1990,4202.5
554,8/9/1990,4202.5
555,8/10/1990,4202.5
556,8/11/1990,4202.5
557,8/12/1990,4202.5
558,8/13/1990,4202.5
559,8/14/1990,4202.5
560,8/15/1990,4202.5
561,8/16/1990,4202.5
562,8/17/1990,4202.5
563,8/18/1990,4202.5
564,8/19/1990,4202.5
565,8/20/1990,4202.3
566,8/21/1990,4202.3
567,8/22/1990,4202.3
568,8/23/1990,4202.3
569,8/24/1990,4202.5
570,8/25/1990,4202.2
571,8/26/1990,4202.2
572,8/27/1990,4202.2
573,8/28/1990,4202.2
574,8/29/1990,4202.2
575,8/30/1990,4202.2
576,8/31/1990,4202.2
577,9/1/1990,4202.2
578,9/2/1990,4202.2
579,9/3/1990,4202.2
580,9/4/1990,4202.2
581,9/5/1990,4202.2
582,9/6/1990,4202.2
583,9/7/1990,4202.2
584,9/8/1990,4202.2
585,9/9/1990,4202.2
586,9/10/1990,4202
587,9/11/1990,4202
588,9/12/1990,4202
589,9/13/1990,4202
590,9/14/1990,4202
591,9/15/1990,4202
592,9/16/1990,4202
593,9/17/1990,4202
594,9/18/1990,4202
595,9/19/1990,4202
596,9/20/1990,4202
597,9/21/1990,4202
598,9/22/1990,4202
599,9/23/1990,4202
600,9/24/1990,4202
601,9/25/1990,4202
602,9/26/1990,4201.8
603,9/27/1990,4201.8
604,9/28/1990,4202
605,9/29/1990,4201.8
606,9/30/1990,4201.8
607,10/1/1990,4201.8
608,10/2/1990,4201.9
609,10/3/1990,4201.8
610,10/4/1990,4201.7
611,10/5/1990,4201.7
612,10/6/1990,4201.8
613,10/7/1990,4201.8
614,10/8/1990,4201.7
615,10/9/1990,4201.7
616,10/10/1990,4201.7
617,10/11/1990,4201.8
618,10/12/1990,4201.7
619,10/13/1990,4201.6
620,10/14/1990,4201.7
621,10/15/1990,4201.6
622,10/16/1990,4201.7
623,10/17/1990,4201.7
624,10/18/1990,4201.6
625,10/19/1990,4201.8
626,10/20/1990,4201.8
627,10/21/1990,4201.6
628,10/22/1990,4201.6
629,10/23/1990,4201.6
630,10/24/1990,4201.6
631,10/25/1990,4201.6
632,10/26/1990,4201.6
633,10/27/1990,4201.6
634,10/28/1990,4201.6
635,10/29/1990,4201.6
636,10/30/1990,4201.6
637,10/31/1990,4201.6
638,11/1/1990,4201.7
639,11/2/1990,4201.8
640,11/3/1990,4201.7
641,11/4/1990,4201.5
642,11/5/1990,4201.6
643,11/6/1990,4201.6
644,11/7/1990,4201.6
645,11/8/1990,4201.5
646,11/9/1990,4201.5
647,11/10/1990,4201.5
648,11/11/1990,4201.5
649,11/12/1990,4201.5
650,11/13/1990,4201.5
651,11/14/1990,4201.6
652,11/15/1990,4201.6
653,11/16/1990,4201.5
654,11/17/1990,4201.5
655,11/18/1990,4201.5
656,11/19/1990,4201.5
657,11/20/1990,4201.6
658,11/21/1990,4201.5
659,11/22/1990,4201.5
660,11/23/1990,4201.5
661,11/24/1990,4201.6
662,11/25/1990,4201.5
663,11/26/1990,4201.8
664,11/27/1990,4201.6
665,11/28/1990,4201.6
666,11/29/1990,4201.5
667,11/30/1990,4201.5
668,12/1/1990,4201.6
669,12/2/1990,4201.7
670,12/3/1990,4201.5
671,12/4/1990,4201.6
672,12/5/1990,4201.6
673,12/6/1990,4201.6
674,12/7/1990,4201.6
675,12/8/1990,4201.6
676,12/9/1990,4201.6
677,12/10/1990,4201.6
678,12/11/1990,4201.6
679,12/12/1990,4201.6
680,12/13/1990,4201.6
681,12/14/1990,4201.6
682,12/15/1990,4201.6
683,12/16/1990,4201.6
684,12/17/1990,4201.6
685,12/18/1990,4201.6
686,12/19/1990,4201.6
687,12/20/1990,4201.7
688,12/21/1990,4201.6
689,12/22/1990,4201.6
690,12/23/1990,4201.6
691,12/24/1990,4201.6
692,12/25/1990,4201.6
693,12/26/1990,4201.6
694,12/27/1990,4201.6
695,12/28/1990,4201.6
696,12/29/1990,4201.7
697,12/30/1990,4201.6
698,12/31/1990,4201.6
699,1/1/1991,4201.6
700,1/2/1991,4201.6
701,1/3/1991,4201.6
702,1/4/1991,4201.6
703,1/5/1991,4201.6
704,1/6/1991,4201.6
705,1/7/1991,4201.6
706,1/8/1991,4201.6
707,1/9/1991,4201.6
708,1/10/1991,4201.6
709,1/11/1991,4201.6
710,1/12/1991,4201.6
711,1/13/1991,4201.6
712,1/14/1991,4201.7
713,1/15/1991,4201.7
714,1/16/1991,4201.7
715,1/17/1991,4201.7
716,1/18/1991,4201.7
717,1/19/1991,4201.8
718,1/20/1991,4201.7
719,1/21/1991,4201.7
720,1/22/1991,4201.7
721,1/23/1991,4201.7
722,1/24/1991,4201.7
723,1/25/1991,4201.7
724,1/26/1991,4201.7
725,1/27/1991,4201.7
726,1/28/1991,4201.8
727,1/29/1991,4201.8
728,1/30/1991,4201.7
729,1/31/1991,4201.7
730,2/1/1991,4201.7
731,2/2/1991,4201.7
732,2/3/1991,4201.7
733,2/4/1991,4201.7
734,2/5/1991,4201.7
735,2/6/1991,4201.7
736,2/7/1991,4201.7
737,2/8/1991,4201.7
738,2/9/1991,4201.7
739,2/10/1991,4201.7
740,2/11/1991,4201.7
741,2/12/1991,4201.7
742,2/13/1991,4201.7
743,2/14/1991,4201.7
744,2/15/1991,4201.7
745,2/16/1991,4201.8
746,2/17/1991,4201.8
747,2/18/1991,4201.8
748,2/19/1991,4201.8
749,2/20/1991,4201.8
750,2/21/1991,4201.8
751,2/22/1991,4201.9
752,2/23/1991,4201.9
753,2/24/1991,4201.9
754,2/25/1991,4201.9
755,2/26/1991,4201.9
756,2/27/1991,4201.9
757,2/28/1991,4201.9
758,3/1/1991,4201.9
759,3/2/1991,4202
760,3/3/1991,4202
761,3/4/1991,4201.9
762,3/5/1991,4202.1
763,3/6/1991,4202
764,3/7/1991,4202
765,3/8/1991,4202
766,3/9/1991,4202
767,3/10/1991,4202
768,3/11/1991,4202.1
769,3/12/1991,4202
770,3/13/1991,4202
771,3/14/1991,4202
772,3/15/1991,4202
773,3/16/1991,4202
774,3/17/1991,4202
775,3/18/1991,4202
776,3/19/1991,4202
777,3/20/1991,4202
778,3/21/1991,4202
779,3/22/1991,4202
780,3/23/1991,4202
781,3/24/1991,4202
782,3/25/1991,4201.9
783,3/26/1991,4202
784,3/27/1991,4201.9
785,3/28/1991,4202
786,3/29/1991,4202.1
787,3/30/1991,4202
788,3/31/1991,4202
789,4/1/1991,4202
790,4/2/1991,4202
791,4/3/1991,4201.9
792,4/4/1991,4202
793,4/5/1991,4201.9
794,4/6/1991,4202
795,4/7/1991,4202
796,4/8/1991,4201.9
797,4/9/1991,4201.9
798,4/10/1991,4202.1
799,4/11/1991,4202.2
800,4/12/1991,4202
801,4/13/1991,4201.9
802,4/14/1991,4201.9
803,4/15/1991,4202
804,4/16/1991,4202
805,4/17/1991,4202
806,4/18/1991,4201.9
807,4/19/1991,4201.9
808,4/20/1991,4201.9
809,4/21/1991,4201.9
810,4/22/1991,4201.9
811,4/23/1991,4201.9
812,4/24/1991,4201.9
813,4/25/1991,4202
814,4/26/1991,4202.1
815,4/27/1991,4202
816,4/28/1991,4202
817,4/29/1991,4202
818,4/30/1991,4202
819,5/1/1991,4202
820,5/2/1991,4202
821,5/3/1991,4202
822,5/4/1991,4202
823,5/5/1991,4202
824,5/6/1991,4202
825,5/7/1991,4202
826,5/8/1991,4202.1
827,5/9/1991,4202.1
828,5/10/1991,4202
829,5/11/1991,4202.1
830,5/12/1991,4202
831,5/13/1991,4202
832,5/14/1991,4202.1
833,5/15/1991,4202.1
834,5/16/1991,4202.1
835,5/17/1991,4202.1
836,5/18/1991,4202.1
837,5/19/1991,4202.1
838,5/20/1991,4202.1
839,5/21/1991,4202.1
840,5/22/1991,4202.1
841,5/23/1991,4202.1
842,5/24/1991,4202.1
843,5/25/1991,4202.1
844,5/26/1991,4202.2
845,5/27/1991,4202.1
846,5/28/1991,4202.1
847,5/29/1991,4202.1
848,5/30/1991,4202.1
849,5/31/1991,4202.2
850,6/1/1991,4202.1
851,6/2/1991,4202.1
852,6/3/1991,4202.2
853,6/4/1991,4202.1
854,6/5/1991,4202.4
855,6/6/1991,4202.2
856,6/7/1991,4202.2
857,6/8/1991,4202.2
858,6/9/1991,4202.2
859,6/10/1991,4202.2
860,6/11/1991,4202.2
861,6/12/1991,4202.2
862,6/13/1991,4202.2
863,6/14/1991,4202.3
864,6/15/1991,4202.2
865,6/16/1991,4202.2
866,6/17/1991,4202.2
867,6/18/1991,4202.2
868,6/19/1991,4202.1
869,6/20/1991,4202.1
870,6/21/1991,4202.1
871,6/22/1991,4202.1
872,6/23/1991,4202.1
873,6/24/1991,4202
874,6/25/1991,4202.1
875,6/26/1991,4202
876,6/27/1991,4201.9
877,6/28/1991,4201.9
878,6/29/1991,4202
879,6/30/1991,4201.9
880,7/1/1991,4201.9
881,7/2/1991,4201.9
882,7/3/1991,4201.9
883,7/4/1991,4201.9
884,7/5/1991,4201.9
885,7/6/1991,4201.9
886,7/7/1991,4201.9
887,7/8/1991,4201.8
888,7/9/1991,4201.8
889,7/10/1991,4201.8
890,7/11/1991,4201.8
891,7/12/1991,4201.8
892,7/13/1991,4201.8
893,7/14/1991,4201.7
894,7/15/1991,4201.7
895,7/16/1991,4201.7
896,7/17/1991,4201.7
897,7/18/1991,4201.7
898,7/19/1991,4201.7
899,7/20/1991,4201.7
900,7/21/1991,4201.6
901,7/22/1991,4201.6
902,7/23/1991,4201.6
903,7/24/1991,4201.6
904,7/25/1991,4201.6
905,7/26/1991,4201.6
906,7/27/1991,4201.5
907,7/28/1991,4201.5
908,7/29/1991,4201.5
909,7/30/1991,4201.5
910,7/31/1991,4201.4
911,8/1/1991,4201.4
912,8/2/1991,4201.4
913,8/3/1991,4201.3
914,8/4/1991,4201.3
915,8/5/1991,4201.3
916,8/6/1991,4201.3
917,8/7/1991,4201.3
918,8/8/1991,4201.3
919,8/9/1991,4201.2
920,8/10/1991,4201.2
921,8/11/1991,4201.2
922,8/12/1991,4201.1
923,8/13/1991,4201.2
924,8/14/1991,4201.2
925,8/15/1991,4201.1
926,8/16/1991,4201.1
927,8/17/1991,4201.1
928,8/18/1991,4201.1
929,8/19/1991,4201.1
930,8/20/1991,4201.1
931,8/21/1991,4201.1
932,8/22/1991,4201
933,8/23/1991,4201
934,8/24/1991,4201
935,8/25/1991,4201
936,8/26/1991,4201
937,8/27/1991,4200.9
938,8/28/1991,4201
939,8/29/1991,4200.9
940,8/30/1991,4200.9
941,8/31/1991,4200.9
942,9/1/1991,4200.9
943,9/2/1991,4200.9
944,9/3/1991,4200.9
945,9/4/1991,4200.9
946,9/5/1991,4200.8
947,9/6/1991,4200.8
948,9/7/1991,4200.9
949,9/8/1991,4200.9
950,9/9/1991,4200.9
951,9/10/1991,4200.9
952,9/11/1991,4200.9
953,9/12/1991,4200.9
954,9/13/1991,4200.9
955,9/14/1991,4200.9
956,9/15/1991,4200.8
957,9/16/1991,4200.8
958,9/17/1991,4200.8
959,9/18/1991,4200.8
960,9/19/1991,4200.8
961,9/20/1991,4200.8
962,9/21/1991,4200.8
963,9/22/1991,4200.8
964,9/23/1991,4200.8
965,9/24/1991,4200.8
966,9/25/1991,4200.8
967,9/26/1991,4200.8
968,9/27/1991,4200.7
969,9/28/1991,4200.7
970,9/29/1991,4200.8
971,9/30/1991,4200.7
972,10/1/1991,4200.5
973,10/2/1991,4200.5
974,10/3/1991,4200.6
975,10/4/1991,4200.5
976,10/5/1991,4200.4
977,10/6/1991,4200.4
978,10/7/1991,4200.4
979,10/8/1991,4200.4
980,10/9/1991,4200.4
981,10/10/1991,4200.4
982,10/11/1991,4200.4
983,10/12/1991,4200.4
984,10/13/1991,4200.4
985,10/14/1991,4200.4
986,10/15/1991,4200.4
987,10/16/1991,4200.4
988,10/17/1991,4200.4
989,10/18/1991,4200.4
990,10/19/1991,4200.4
991,10/20/1991,4200.4
992,10/21/1991,4200.3
993,10/22/1991,4200.3
994,10/23/1991,4200.4
995,10/24/1991,4200.3
996,10/25/1991,4200.3
997,10/26/1991,4200.2
998,10/27/1991,4200.5
999,10/28/1991,4200.6
1000,10/29/1991,4200.4
1001,10/30/1991,4200.4
1002,10/31/1991,4200.4
1003,11/1/1991,4200.4
1004,11/2/1991,4200.5
1005,11/3/1991,4200.4
1006,11/4/1991,4200.4
1007,11/5/1991,4200.4
1008,11/6/1991,4200.4
1009,11/7/1991,4200.4
1010,11/8/1991,4200.4
1011,11/9/1991,4200.4
1012,11/10/1991,4200.5
1013,11/11/1991,4200.5
1014,11/12/1991,4200.5
1015,11/13/1991,4200.5
1016,11/14/1991,4200.6
1017,11/15/1991,4200.5
1018,11/16/1991,4200.5
1019,11/17/1991,4200.5
1020,11/18/1991,4200.6
1021,11/19/1991,4200.5
1022,11/20/1991,4200.5
1023,11/21/1991,4200.6
1024,11/22/1991,4200.6
1025,11/23/1991,4200.5
1026,11/24/1991,4200.5
1027,11/25/1991,4200.5
1028,11/26/1991,4200.5
1029,11/27/1991,4200.6
1030,11/28/1991,4200.6
1031,11/29/1991,4200.7
1032,11/30/1991,4200.7
1033,12/1/1991,4200.6
1034,12/2/1991,4200.5
1035,12/3/1991,4200.5
1036,12/4/1991,4200.5
1037,12/5/1991,4200.5
1038,12/6/1991,4200.5
1039,12/7/1991,4200.6
1040,12/8/1991,4200.6
1041,12/9/1991,4200.6
1042,12/10/1991,4200.6
1043,12/11/1991,4200.6
1044,12/12/1991,4200.6
1045,12/13/1991,4200.6
1046,12/14/1991,4200.6
1047,12/15/1991,4200.6
1048,12/16/1991,4200.6
1049,12/17/1991,4200.6
1050,12/18/1991,4200.6
1051,12/19/1991,4200.7
1052,12/20/1991,4200.7
1053,12/21/1991,4200.6
1054,12/22/1991,4200.6
1055,12/23/1991,4200.6
1056,12/24/1991,4200.6
1057,12/25/1991,4200.6
1058,12/26/1991,4200.6
1059,12/27/1991,4200.7
1060,12/28/1991,4200.7
1061,12/29/1991,4200.7
1062,12/30/1991,4200.7
1063,12/31/1991,4200.7
1064,1/1/1992,4200.7
1065,1/2/1992,4200.7
1066,1/3/1992,4200.7
1067,1/4/1992,4200.7
1068,1/5/1992,4200.7
1069,1/6/1992,4200.7
1070,1/7/1992,4200.8
1071,1/8/1992,4200.8
1072,1/9/1992,4200.8
1073,1/10/1992,4200.8
1074,1/11/1992,4200.8
1075,1/12/1992,4200.8
1076,1/13/1992,4200.8
1077,1/14/1992,4200.8
1078,1/15/1992,4200.8
1079,1/16/1992,4200.8
1080,1/17/1992,4200.8
1081,1/18/1992,4200.8
1082,1/19/1992,4200.8
1083,1/20/1992,4200.8
1084,1/21/1992,4200.8
1085,1/22/1992,4200.8
1086,1/23/1992,4200.8
1087,1/24/1992,4200.8
1088,1/25/1992,4200.8
1089,1/26/1992,4200.8
1090,1/27/1992,4200.8
1091,1/28/1992,4200.8
1092,1/29/1992,4200.8
1093,1/30/1992,4200.8
1094,1/31/1992,4200.8
1095,2/1/1992,4200.8
1096,2/2/1992,4200.8
1097,2/3/1992,4200.8
1098,2/4/1992,4200.9
1099,2/5/1992,4200.9
1100,2/6/1992,4200.9
1101,2/7/1992,4200.9
1102,2/8/1992,4200.9
1103,2/9/1992,4200.9
1104,2/10/1992,4200.9
1105,2/11/1992,4200.9
1106,2/12/1992,4200.9
1107,2/13/1992,4200.9
1108,2/14/1992,4200.9
1109,2/15/1992,4200.9
1110,2/16/1992,4201
1111,2/17/1992,4201
1112,2/18/1992,4201
1113,2/19/1992,4201
1114,2/20/1992,4201
1115,2/21/1992,4201.1
1116,2/22/1992,4201.1
1117,2/23/1992,4201.1
1118,2/24/1992,4201.1
1119,2/25/1992,4201.1
1120,2/26/1992,4201.1
1121,2/27/1992,4201.1
1122,2/28/1992,4201.1
1123,2/29/1992,4201.2
1124,3/1/1992,4201.2
1125,3/2/1992,4201.2
1126,3/3/1992,4201.2
1127,3/4/1992,4201.2
1128,3/5/1992,4201.2
1129,3/6/1992,4201.2
1130,3/7/1992,4201.2
1131,3/8/1992,4201.3
1132,3/9/1992,4201.2
1133,3/10/1992,4201.2
1134,3/11/1992,4201.2
1135,3/12/1992,4201.2
1136,3/13/1992,4201.2
1137,3/14/1992,4201.2
1138,3/15/1992,4201.2
1139,3/16/1992,4201.3
1140,3/17/1992,4201.3
1141,3/18/1992,4201.3
1142,3/19/1992,4201.3
1143,3/20/1992,4201.3
1144,3/21/1992,4201.3
1145,3/22/1992,4201.3
1146,3/23/1992,4201.3
1147,3/24/1992,4201.3
1148,3/25/1992,4201.3
1149,3/26/1992,4201.3
1150,3/27/1992,4201.3
1151,3/28/1992,4201.3
1152,3/29/1992,4201.3
1153,3/30/1992,4201.3
1154,3/31/1992,4201.3
1155,4/1/1992,4201.3
1156,4/2/1992,4201.3
1157,4/3/1992,4201.3
1158,4/4/1992,4201.2
1159,4/5/1992,4201.3
1160,4/6/1992,4201.3
1161,4/7/1992,4201.3
1162,4/8/1992,4201.2
1163,4/9/1992,4201.2
1164,4/10/1992,4201.2
1165,4/11/1992,4201.2
1166,4/12/1992,4201.2
1167,4/13/1992,4201.2
1168,4/14/1992,4201.2
1169,4/15/1992,4201.2
1170,4/16/1992,4201.2
1171,4/17/1992,4201.3
1172,4/18/1992,4201.3
1173,4/19/1992,4201.2
1174,4/20/1992,4201.1
1175,4/21/1992,4201.2
1176,4/22/1992,4201.2
1177,4/23/1992,4201.1
1178,4/24/1992,4201.1
1179,4/25/1992,4201.1
1180,4/26/1992,4201.1
1181,4/27/1992,4201.1
1182,4/28/1992,4201.1
1183,4/29/1992,4201.1
1184,4/30/1992,4201.1
1185,5/1/1992,4201.2
1186,5/2/1992,4201.1
1187,5/3/1992,4201.1
1188,5/4/1992,4201
1189,5/5/1992,4201
1190,5/6/1992,4201
1191,5/7/1992,4201
1192,5/8/1992,4201
1193,5/9/1992,4201.1
1194,5/10/1992,4201
1195,5/11/1992,4201
1196,5/12/1992,4201
1197,5/13/1992,4200.9
1198,5/14/1992,4201
1199,5/15/1992,4200.9
1200,5/16/1992,4200.9
1201,5/17/1992,4200.9
1202,5/18/1992,4200.9
1203,5/19/1992,4200.8
1204,5/20/1992,4200.8
1205,5/21/1992,4200.9
1206,5/22/1992,4200.9
1207,5/23/1992,4200.9
1208,5/24/1992,4200.8
1209,5/25/1992,4200.8
1210,5/26/1992,4200.9
1211,5/27/1992,4200.9
1212,5/28/1992,4200.8
1213,5/29/1992,4200.8
1214,5/30/1992,4200.8
1215,5/31/1992,4200.8
1216,6/1/1992,4200.7
1217,6/2/1992,4200.8
1218,6/3/1992,4200.7
1219,6/4/1992,4200.7
1220,6/5/1992,4200.8
1221,6/6/1992,4200.6
1222,6/7/1992,4200.6
1223,6/8/1992,4200.6
1224,6/9/1992,4200.6
1225,6/10/1992,4200.6
1226,6/11/1992,4200.6
1227,6/12/1992,4200.6
1228,6/13/1992,4200.6
1229,6/14/1992,4200.5
1230,6/15/1992,4200.5
1231,6/16/1992,4200.5
1232,6/17/1992,4200.5
1233,6/18/1992,4200.5
1234,6/19/1992,4200.5
1235,6/20/1992,4200.5
1236,6/21/1992,4200.5
1237,6/22/1992,4200.4
1238,6/23/1992,4200.4
1239,6/24/1992,4200.4
1240,6/25/1992,4200.4
1241,6/26/1992,4200.4
1242,6/27/1992,4200.4
1243,6/28/1992,4200.4
1244,6/29/1992,4200.4
1245,6/30/1992,4200.4
1246,7/1/1992,4200.3
1247,7/2/1992,4200.3
1248,7/3/1992,4200.3
1249,7/4/1992,4200.3
1250,7/5/1992,4200.2
1251,7/6/1992,4200.3
1252,7/7/1992,4200.2
1253,7/8/1992,4200.2
1254,7/9/1992,4200.2
1255,7/10/1992,4200.2
1256,7/11/1992,4200.2
1257,7/12/1992,4200.2
1258,7/13/1992,4200.2
1259,7/14/1992,4200.2
1260,7/15/1992,4200.2
1261,7/16/1992,4200.2
1262,7/17/1992,4200.2
1263,7/18/1992,4200.2
1264,7/19/1992,4200.1
1265,7/20/1992,4200.1
1266,7/21/1992,4200.2
1267,7/22/1992,4200.1
1268,7/23/1992,4200.1
1269,7/24/1992,4200.1
1270,7/25/1992,4200
1271,7/26/1992,4200
1272,7/27/1992,4200
1273,7/28/1992,4200
1274,7/29/1992,4200
1275,7/30/1992,4200
1276,7/31/1992,4199.9
1277,8/1/1992,4199.9
1278,8/2/1992,4199.9
1279,8/3/1992,4199.9
1280,8/4/1992,4199.9
1281,8/5/1992,4199.7
1282,8/6/1992,4199.8
1283,8/7/1992,4199.7
1284,8/8/1992,4199.7
1285,8/9/1992,4199.7
1286,8/10/1992,4199.7
1287,8/11/1992,4199.7
1288,8/12/1992,4199.7
1289,8/13/1992,4199.7
1290,8/14/1992,4199.7
1291,8/15/1992,4199.7
1292,8/16/1992,4199.7
1293,8/17/1992,4199.6
1294,8/18/1992,4199.6
1295,8/19/1992,4199.6
1296,8/20/1992,4199.5
1297,8/21/1992,4199.5
1298,8/22/1992,4199.5
1299,8/23/1992,4199.5
1300,8/24/1992,4199.5
1301,8/25/1992,4199.4
1302,8/26/1992,4199.3
1303,8/27/1992,4199.3
1304,8/28/1992,4199.3
1305,8/29/1992,4199.3
1306,8/30/1992,4199.3
1307,8/31/1992,4199.3
1308,9/1/1992,4199.3
1309,9/2/1992,4199.3
1310,9/3/1992,4199.2
1311,9/4/1992,4199.3
1312,9/5/1992,4199.2
1313,9/6/1992,4199.3
1314,9/7/1992,4199.3
1315,9/8/1992,4199.2
1316,9/9/1992,4199.2
1317,9/10/1992,4199.1
1318,9/11/1992,4199.1
1319,9/12/1992,4199.2
1320,9/13/1992,4199.2
1321,9/14/1992,4199.1
1322,9/15/1992,4199.1
1323,9/16/1992,4199.1
1324,9/17/1992,4199.1
1325,9/18/1992,4199.1
1326,9/19/1992,4199.1
1327,9/20/1992,4199.1
1328,9/21/1992,4199
1329,9/22/1992,4199
1330,9/23/1992,4199
1331,9/24/1992,4199
1332,9/25/1992,4198.9
1333,9/26/1992,4198.9
1334,9/27/1992,4198.9
1335,9/28/1992,4198.9
1336,9/29/1992,4198.9
1337,9/30/1992,4198.9
1338,10/1/1992,4198.8
1339,10/2/1992,4198.7
1340,10/3/1992,4198.8
1341,10/4/1992,4198.7
1342,10/5/1992,4198.7
1343,10/6/1992,4198.8
1344,10/7/1992,4198.7
1345,10/8/1992,4198.6
1346,10/9/1992,4198.7
1347,10/10/1992,4198.6
1348,10/11/1992,4198.6
1349,10/12/1992,4198.6
1350,10/13/1992,4198.6
1351,10/14/1992,4198.6
1352,10/15/1992,4198.6
1353,10/16/1992,4198.6
1354,10/17/1992,4198.6
1355,10/18/1992,4198.6
1356,10/19/1992,4198.6
1357,10/20/1992,4198.6
1358,10/21/1992,4198.6
1359,10/22/1992,4198.6
1360,10/23/1992,4198.6
1361,10/24/1992,4198.6
1362,10/25/1992,4198.6
1363,10/26/1992,4198.5
1364,10/27/1992,4198.6
1365,10/28/1992,4198.5
1366,10/29/1992,4198.6
1367,10/30/1992,4198.7
1368,10/31/1992,4198.7
1369,11/1/1992,4198.6
1370,11/2/1992,4199
1371,11/3/1992,4198.8
1372,11/4/1992,4198.6
1373,11/5/1992,4198.6
1374,11/6/1992,4198.6
1375,11/7/1992,4198.7
1376,11/8/1992,4198.7
1377,11/9/1992,4198.7
1378,11/10/1992,4198.7
1379,11/11/1992,4198.6
1380,11/12/1992,4198.6
1381,11/13/1992,4198.6
1382,11/14/1992,4198.6
1383,11/15/1992,4198.6
1384,11/16/1992,4198.6
1385,11/17/1992,4198.6
1386,11/18/1992,4198.6
1387,11/19/1992,4198.6
1388,11/20/1992,4198.9
1389,11/21/1992,4198.6
1390,11/22/1992,4198.7
1391,11/23/1992,4198.8
1392,11/24/1992,4198.7
1393,11/25/1992,4198.6
1394,11/26/1992,4198.6
1395,11/27/1992,4198.6
1396,11/28/1992,4198.6
1397,11/29/1992,4198.6
1398,11/30/1992,4198.6
1399,12/1/1992,4198.6
1400,12/2/1992,4198.7
1401,12/3/1992,4198.7
1402,12/4/1992,4198.7
1403,12/5/1992,4198.7
1404,12/6/1992,4198.6
1405,12/7/1992,4198.6
1406,12/8/1992,4198.7
1407,12/9/1992,4198.7
1408,12/10/1992,4198.7
1409,12/11/1992,4198.7
1410,12/12/1992,4198.9
1411,12/13/1992,4198.9
1412,12/14/1992,4198.7
1413,12/15/1992,4198.8
1414,12/16/1992,4198.7
1415,12/17/1992,4198.7
1416,12/18/1992,4198.8
1417,12/19/1992,4198.7
1418,12/20/1992,4198.7
1419,12/21/1992,4198.7
1420,12/22/1992,4198.7
1421,12/23/1992,4198.7
1422,12/24/1992,4198.8
1423,12/25/1992,4198.8
1424,12/26/1992,4198.8
1425,12/27/1992,4198.8
1426,12/28/1992,4198.8
1427,12/29/1992,4198.7
1428,12/30/1992,4198.8
1429,12/31/1992,4198.9
1430,1/1/1993,4198.9
1431,1/2/1993,4199
1432,1/3/1993,4198.9
1433,1/4/1993,4198.9
1434,1/5/1993,4198.9
1435,1/6/1993,4198.9
1436,1/7/1993,4198.9
1437,1/8/1993,4199
1438,1/9/1993,4199
1439,1/10/1993,4199
1440,1/11/1993,4199.1
1441,1/12/1993,4199
1442,1/13/1993,4199.1
1443,1/14/1993,4199.1
1444,1/15/1993,4199.1
1445,1/16/1993,4199.1
1446,1/17/1993,4199.1
1447,1/18/1993,4199.1
1448,1/19/1993,4199.1
1449,1/20/1993,4199.2
1450,1/21/1993,4199.2
1451,1/22/1993,4199.2
1452,1/23/1993,4199.2
1453,1/24/1993,4199.2
1454,1/25/1993,4199.2
1455,1/26/1993,4199.2
1456,1/27/1993,4199.2
1457,1/28/1993,4199.2
1458,1/29/1993,4199.2
1459,1/30/1993,4199.2
1460,1/31/1993,4199.2
1461,2/1/1993,4199.2
1462,2/2/1993,4199.2
1463,2/3/1993,4199.2
1464,2/4/1993,4199.2
1465,2/5/1993,4199.2
1466,2/6/1993,4199.3
1467,2/7/1993,4199.3
1468,2/8/1993,4199.3
1469,2/9/1993,4199.3
1470,2/10/1993,4199.3
1471,2/11/1993,4199.3
1472,2/12/1993,4199.3
1473,2/13/1993,4199.4
1474,2/14/1993,4199.4
1475,2/15/1993,4199.4
1476,2/16/1993,4199.4
1477,2/17/1993,4199.4
1478,2/18/1993,4199.4
1479,2/19/1993,4199.4
1480,2/20/1993,4199.5
1481,2/21/1993,4199.5
1482,2/22/1993,4199.5
1483,2/23/1993,4199.5
1484,2/24/1993,4199.5
1485,2/25/1993,4199.6
1486,2/26/1993,4199.6
1487,2/27/1993,4199.6
1488,2/28/1993,4199.6
1489,3/1/1993,4199.6
1490,3/2/1993,4199.6
1491,3/3/1993,4199.6
1492,3/4/1993,4199.6
1493,3/5/1993,4199.6
1494,3/6/1993,4199.6
1495,3/7/1993,4199.6
1496,3/8/1993,4199.6
1497,3/9/1993,4199.7
1498,3/10/1993,4199.7
1499,3/11/1993,4199.8
1500,3/12/1993,4199.8
1501,3/13/1993,4199.7
1502,3/14/1993,4199.8
1503,3/15/1993,4199.8
1504,3/16/1993,4199.8
1505,3/17/1993,4199.8
1506,3/18/1993,4199.9
1507,3/19/1993,4199.9
1508,3/20/1993,4199.9
1509,3/21/1993,4200
1510,3/22/1993,4200
1511,3/23/1993,4200
1512,3/24/1993,4199.9
1513,3/25/1993,4200
1514,3/26/1993,4200
1515,3/27/1993,4200.1
1516,3/28/1993,4200.1
1517,3/29/1993,4200.1
1518,3/30/1993,4200.2
1519,3/31/1993,4200.2
1520,4/1/1993,4200.2
1521,4/2/1993,4200.3
1522,4/3/1993,4200.2
1523,4/4/1993,4200.2
1524,4/5/1993,4200.2
1525,4/6/1993,4200.4
1526,4/7/1993,4200.3
1527,4/8/1993,4200.2
1528,4/9/1993,4200.3
1529,4/10/1993,4200.3
1530,4/11/1993,4200.3
1531,4/12/1993,4200.3
1532,4/13/1993,4200.3
1533,4/14/1993,4200.2
1534,4/15/1993,4200.3
1535,4/16/1993,4200.3
1536,4/17/1993,4200.3
1537,4/18/1993,4200.6
1538,4/19/1993,4200.3
1539,4/20/1993,4200.3
1540,4/21/1993,4200.3
1541,4/22/1993,4200.3
1542,4/23/1993,4200.4
1543,4/24/1993,4200.3
1544,4/25/1993,4200.3
1545,4/26/1993,4200.4
1546,4/27/1993,4200.3
1547,4/28/1993,4200.3
1548,4/29/1993,4200.3
1549,4/30/1993,4200.4
1550,5/1/1993,4200.3
1551,5/2/1993,4200.3
1552,5/3/1993,4200.4
1553,5/4/1993,4200.3
1554,5/5/1993,4200.4
1555,5/6/1993,4200.4
1556,5/7/1993,4200.5
1557,5/8/1993,4200.5
1558,5/9/1993,4200.5
1559,5/10/1993,4200.5
1560,5/11/1993,4200.5
1561,5/12/1993,4200.5
1562,5/13/1993,4200.5
1563,5/14/1993,4200.5
1564,5/15/1993,4200.6
1565,5/16/1993,4200.6
1566,5/17/1993,4200.6
1567,5/18/1993,4200.6
1568,5/19/1993,4200.6
1569,5/20/1993,4200.6
1570,5/21/1993,4200.6
1571,5/22/1993,4200.6
1572,5/23/1993,4200.7
1573,5/24/1993,4200.7
1574,5/25/1993,4200.7
1575,5/26/1993,4200.7
1576,5/27/1993,4200.7
1577,5/28/1993,4200.6
1578,5/29/1993,4200.7
1579,5/30/1993,4200.7
1580,5/31/1993,4200.7
1581,6/1/1993,4200.7
1582,6/2/1993,4200.7
1583,6/3/1993,4200.7
1584,6/4/1993,4200.6
1585,6/5/1993,4200.6
1586,6/6/1993,4200.6
1587,6/7/1993,4200.7
1588,6/8/1993,4200.7
1589,6/9/1993,4200.7
1590,6/10/1993,4200.8
1591,6/11/1993,4200.9
1592,6/12/1993,4200.9
1593,6/13/1993,4200.8
1594,6/14/1993,4200.8
1595,6/15/1993,4200.9
1596,6/16/1993,4201
1597,6/17/1993,4200.9
1598,6/18/1993,4200.8
1599,6/19/1993,4200.8
1600,6/20/1993,4200.8
1601,6/21/1993,4200.8
1602,6/22/1993,4200.9
1603,6/23/1993,4200.9
1604,6/24/1993,4200.8
1605,6/25/1993,4200.8
1606,6/26/1993,4200.8
1607,6/27/1993,4200.8
1608,6/28/1993,4200.8
1609,6/29/1993,4200.9
1610,6/30/1993,4200.8
1611,7/1/1993,4200.8
1612,7/2/1993,4200.9
1613,7/3/1993,4200.8
1614,7/4/1993,4200.8
1615,7/5/1993,4200.7
1616,7/6/1993,4200.7
1617,7/7/1993,4200.7
1618,7/8/1993,4200.7
1619,7/9/1993,4200.7
1620,7/10/1993,4200.7
1621,7/11/1993,4200.7
1622,7/12/1993,4200.7
1623,7/13/1993,4200.7
1624,7/14/1993,4200.6
1625,7/15/1993,4200.7
1626,7/16/1993,4200.6
1627,7/17/1993,4200.5
1628,7/18/1993,4200.6
1629,7/19/1993,4200.5
1630,7/20/1993,4200.5
1631,7/21/1993,4200.5
1632,7/22/1993,4200.4
1633,7/23/1993,4200.4
1634,7/24/1993,4200.5
1635,7/25/1993,4200.4
1636,7/26/1993,4200.5
1637,7/27/1993,4200.5
1638,7/28/1993,4200.5
1639,7/29/1993,4200.4
1640,7/30/1993,4200.4
1641,7/31/1993,4200.4
1642,8/1/1993,4200.4
1643,8/2/1993,4200.4
1644,8/3/1993,4200.4
1645,8/4/1993,4200.4
1646,8/5/1993,4200.4
1647,8/6/1993,4200.3
1648,8/7/1993,4200.4
1649,8/8/1993,4200.3
1650,8/9/1993,4200.3
1651,8/10/1993,4200.3
1652,8/11/1993,4200.4
1653,8/12/1993,4200.4
1654,8/13/1993,4200.3
1655,8/14/1993,4200.3
1656,8/15/1993,4200.1
1657,8/16/1993,4200.3
1658,8/17/1993,4200.2
1659,8/18/1993,4200.2
1660,8/19/1993,4200.1
1661,8/20/1993,4200.1
1662,8/21/1993,4200.2
1663,8/22/1993,4200.1
1664,8/23/1993,4200.1
1665,8/24/1993,4200.2
1666,8/25/1993,4200.2
1667,8/26/1993,4200.1
1668,8/27/1993,4200.1
1669,8/28/1993,4200
1670,8/29/1993,4200.1
1671,8/30/1993,4200
1672,8/31/1993,4200
1673,9/1/1993,4199.9
1674,9/2/1993,4200
1675,9/3/1993,4199.9
1676,9/4/1993,4199.9
1677,9/5/1993,4199.9
1678,9/6/1993,4199.9
1679,9/7/1993,4199.9
1680,9/8/1993,4199.9
1681,9/9/1993,4199.9
1682,9/10/1993,4199.9
1683,9/11/1993,4199.8
1684,9/12/1993,4200
1685,9/13/1993,4199.9
1686,9/14/1993,4199.7
1687,9/15/1993,4199.7
1688,9/16/1993,4199.7
1689,9/17/1993,4199.8
1690,9/18/1993,4199.8
1691,9/19/1993,4199.7
1692,9/20/1993,4199.7
1693,9/21/1993,4199.8
1694,9/22/1993,4199.8
1695,9/23/1993,4199.8
1696,9/24/1993,4199.7
1697,9/25/1993,4199.7
1698,9/26/1993,4199.7
1699,9/27/1993,4199.7
1700,9/28/1993,4199.7
1701,9/29/1993,4199.7
1702,9/30/1993,4199.6
1703,10/1/1993,4199.6
1704,10/2/1993,4199.6
1705,10/3/1993,4199.6
1706,10/4/1993,4199.6
1707,10/5/1993,4199.6
1708,10/6/1993,4199.6
1709,10/7/1993,4199.6
1710,10/8/1993,4199.6
1711,10/9/1993,4199.6
1712,10/10/1993,4199.6
1713,10/11/1993,4199.6
1714,10/12/1993,4199.6
1715,10/13/1993,4199.6
1716,10/14/1993,4199.6
1717,10/15/1993,4199.6
1718,10/16/1993,4199.7
1719,10/17/1993,4199.7
1720,10/18/1993,4199.7
1721,10/19/1993,4199.7
1722,10/20/1993,4199.7
1723,10/21/1993,4199.7
1724,10/22/1993,4199.7
1725,10/23/1993,4199.7
1726,10/24/1993,4199.7
1727,10/25/1993,4199.7
1728,10/26/1993,4199.8
1729,10/27/1993,4199.7
1730,10/28/1993,4199.7
1731,10/29/1993,4199.8
1732,10/30/1993,4199.6
1733,10/31/1993,4199.6
1734,11/1/1993,4199.7
1735,11/2/1993,4199.6
1736,11/3/1993,4199.6
1737,11/4/1993,4199.7
1738,11/5/1993,4199.6
1739,11/6/1993,4199.5
1740,11/7/1993,4199.5
1741,11/8/1993,4199.5
1742,11/9/1993,4199.5
1743,11/10/1993,4199.6
1744,11/11/1993,4199.6
1745,11/12/1993,4199.6
1746,11/13/1993,4199.6
1747,11/14/1993,4199.7
1748,11/15/1993,4199.5
1749,11/16/1993,4199.5
1750,11/17/1993,4199.5
1751,11/18/1993,4199.6
1752,11/19/1993,4199.5
1753,11/20/1993,4199.5
1754,11/21/1993,4199.5
1755,11/22/1993,4199.5
1756,11/23/1993,4199.6
1757,11/24/1993,4199.6
1758,11/25/1993,4199.5
1759,11/26/1993,4199.5
1760,11/27/1993,4199.5
1761,11/28/1993,4199.5
1762,11/29/1993,4199.5
1763,11/30/1993,4199.5
1764,12/1/1993,4199.5
1765,12/2/1993,4199.5
1766,12/3/1993,4199.5
1767,12/4/1993,4199.5
1768,12/5/1993,4199.5
1769,12/6/1993,4199.5
1770,12/7/1993,4199.5
1771,12/8/1993,4199.7
1772,12/9/1993,4199.7
1773,12/10/1993,4199.6
1774,12/11/1993,4199.9
1775,12/12/1993,4199.7
1776,12/13/1993,4199.6
1777,12/14/1993,4199.6
1778,12/15/1993,4199.6
1779,12/16/1993,4199.6
1780,12/17/1993,4199.5
1781,12/18/1993,4199.5
1782,12/19/1993,4199.5
1783,12/20/1993,4199.5
1784,12/21/1993,4199.6
1785,12/22/1993,4199.5
1786,12/23/1993,4199.6
1787,12/24/1993,4199.5
1788,12/25/1993,4199.5
1789,12/26/1993,4199.5
1790,12/27/1993,4199.5
1791,12/28/1993,4199.5
1792,12/29/1993,4199.5
1793,12/30/1993,4199.5
1794,12/31/1993,4199.5
1795,1/1/1994,4199.6
1796,1/2/1994,4199.5
1797,1/3/1994,4199.5
1798,1/4/1994,4199.6
1799,1/5/1994,4199.6
1800,1/6/1994,4199.7
1801,1/7/1994,4199.5
1802,1/8/1994,4199.6
1803,1/9/1994,4199.6
1804,1/10/1994,4199.6
1805,1/11/1994,4199.6
1806,1/12/1994,4199.6
1807,1/13/1994,4199.6
1808,1/14/1994,4199.6
1809,1/15/1994,4199.6
1810,1/16/1994,4199.6
1811,1/17/1994,4199.6
1812,1/18/1994,4199.6
1813,1/19/1994,4199.6
1814,1/20/1994,4199.6
1815,1/21/1994,4199.6
1816,1/22/1994,4199.6
1817,1/23/1994,4199.6
1818,1/24/1994,4199.6
1819,1/25/1994,4199.7
1820,1/26/1994,4199.7
1821,1/27/1994,4199.7
1822,1/28/1994,4199.7
1823,1/29/1994,4199.7
1824,1/30/1994,4199.8
1825,1/31/1994,4199.7
1826,2/1/1994,4199.6
1827,2/2/1994,4199.6
1828,2/3/1994,4199.6
1829,2/4/1994,4199.6
1830,2/5/1994,4199.6
1831,2/6/1994,4199.6
1832,2/7/1994,4199.6
1833,2/8/1994,4199.7
1834,2/9/1994,4199.7
1835,2/10/1994,4199.7
1836,2/11/1994,4199.9
1837,2/12/1994,4199.7
1838,2/13/1994,4199.7
1839,2/14/1994,4199.7
1840,2/15/1994,4199.7
1841,2/16/1994,4199.7
1842,2/17/1994,4199.6
1843,2/18/1994,4199.7
1844,2/19/1994,4199.7
1845,2/20/1994,4199.7
1846,2/21/1994,4199.7
1847,2/22/1994,4199.8
1848,2/23/1994,4199.7
1849,2/24/1994,4199.7
1850,2/25/1994,4199.7
1851,2/26/1994,4199.8
1852,2/27/1994,4199.8
1853,2/28/1994,4199.8
1854,3/1/1994,4199.8
1855,3/2/1994,4199.8
1856,3/3/1994,4199.8
1857,3/4/1994,4199.8
1858,3/5/1994,4199.8
1859,3/6/1994,4199.9
1860,3/7/1994,4199.9
1861,3/8/1994,4199.9
1862,3/9/1994,4199.9
1863,3/10/1994,4199.9
1864,3/11/1994,4199.9
1865,3/12/1994,4200
1866,3/13/1994,4199.9
1867,3/14/1994,4199.9
1868,3/15/1994,4199.9
1869,3/16/1994,4199.9
1870,3/17/1994,4199.9
1871,3/18/1994,4199.9
1872,3/19/1994,4199.9
1873,3/20/1994,4199.9
1874,3/21/1994,4199.9
1875,3/22/1994,4200.1
1876,3/23/1994,4200
1877,3/24/1994,4200
1878,3/25/1994,4200
1879,3/26/1994,4200.1
1880,3/27/1994,4200.1
1881,3/28/1994,4200
1882,3/29/1994,4200.1
1883,3/30/1994,4200.1
1884,3/31/1994,4200
1885,4/1/1994,4200
1886,4/2/1994,4200
1887,4/3/1994,4200.1
1888,4/4/1994,4200.1
1889,4/5/1994,4200.1
1890,4/6/1994,4200
1891,4/7/1994,4200.1
1892,4/8/1994,4200
1893,4/9/1994,4200.1
1894,4/10/1994,4200.2
1895,4/11/1994,4200.1
1896,4/12/1994,4200.1
1897,4/13/1994,4200.1
1898,4/14/1994,4200.2
1899,4/15/1994,4200.1
1900,4/16/1994,4200.1
1901,4/17/1994,4200.1
1902,4/18/1994,4200.1
1903,4/19/1994,4200.1
1904,4/20/1994,4200.1
1905,4/21/1994,4200.1
1906,4/22/1994,4200.1
1907,4/23/1994,4200.1
1908,4/24/1994,4200
1909,4/25/1994,4200.1
1910,4/26/1994,4200.1
1911,4/27/1994,4200.1
1912,4/28/1994,4200.2
1913,4/29/1994,4200.2
1914,4/30/1994,4200.2
1915,5/1/1994,4200.2
1916,5/2/1994,4200.2
1917,5/3/1994,4200.2
1918,5/4/1994,4200.2
1919,5/5/1994,4200.3
1920,5/6/1994,4200.3
1921,5/7/1994,4200.2
1922,5/8/1994,4200.2
1923,5/9/1994,4200.3
1924,5/10/1994,4200.2
1925,5/11/1994,4200.2
1926,5/12/1994,4200.3
1927,5/13/1994,4200.2
1928,5/14/1994,4200.2
1929,5/15/1994,4200.1
1930,5/16/1994,4200.2
1931,5/17/1994,4200.2
1932,5/18/1994,4200.2
1933,5/19/1994,4200.2
1934,5/20/1994,4200.1
1935,5/21/1994,4200.1
1936,5/22/1994,4200.1
1937,5/23/1994,4200.1
1938,5/24/1994,4200.1
1939,5/25/1994,4200.1
1940,5/26/1994,4200
1941,5/27/1994,4200.1
1942,5/28/1994,4200
1943,5/29/1994,4200
1944,5/30/1994,4200
1945,5/31/1994,4200
1946,6/1/1994,4200
1947,6/2/1994,4200.1
1948,6/3/1994,4200
1949,6/4/1994,4200
1950,6/5/1994,4200
1951,6/6/1994,4200.1
1952,6/7/1994,4199.9
1953,6/8/1994,4200
1954,6/9/1994,4199.9
1955,6/10/1994,4199.9
1956,6/11/1994,4199.8
1957,6/12/1994,4199.9
1958,6/13/1994,4199.8
1959,6/14/1994,4199.9
1960,6/15/1994,4199.8
1961,6/16/1994,4199.8
1962,6/17/1994,4199.7
1963,6/18/1994,4199.7
1964,6/19/1994,4199.7
1965,6/20/1994,4199.6
1966,6/21/1994,4199.6
1967,6/22/1994,4199.6
1968,6/23/1994,4199.6
1969,6/24/1994,4199.6
1970,6/25/1994,4199.6
1971,6/26/1994,4199.7
1972,6/27/1994,4199.6
1973,6/28/1994,4199.5
1974,6/29/1994,4199.5
1975,6/30/1994,4199.5
1976,7/1/1994,4199.5
1977,7/2/1994,4199.4
1978,7/3/1994,4199.5
1979,7/4/1994,4199.4
1980,7/5/1994,4199.4
1981,7/6/1994,4199.3
1982,7/7/1994,4199.3
1983,7/8/1994,4199.3
1984,7/9/1994,4199.2
1985,7/10/1994,4199.3
1986,7/11/1994,4199.2
1987,7/12/1994,4199.2
1988,7/13/1994,4199.2
1989,7/14/1994,4199.2
1990,7/15/1994,4199.1
1991,7/16/1994,4199.1
1992,7/17/1994,4199.1
1993,7/18/1994,4199.1
1994,7/19/1994,4199.1
1995,7/20/1994,4199.1
1996,7/21/1994,4199
1997,7/22/1994,4199
1998,7/23/1994,4199
1999,7/24/1994,4198.9
2000,7/25/1994,4198.9
2001,7/26/1994,4198.9
2002,7/27/1994,4198.9
2003,7/28/1994,4198.9
2004,7/29/1994,4198.9
2005,7/30/1994,4198.8
2006,7/31/1994,4198.8
2007,8/1/1994,4198.9
2008,8/2/1994,4198.8
2009,8/3/1994,4198.7
2010,8/4/1994,4198.7
2011,8/5/1994,4198.7
2012,8/6/1994,4198.7
2013,8/7/1994,4198.7
2014,8/8/1994,4198.6
2015,8/9/1994,4198.6
2016,8/10/1994,4198.6
2017,8/11/1994,4198.6
2018,8/12/1994,4198.6
2019,8/13/1994,4198.5
2020,8/14/1994,4198.5
2021,8/15/1994,4198.5
2022,8/16/1994,4198.5
2023,8/17/1994,4198.5
2024,8/18/1994,4198.5
2025,8/19/1994,4198.4
2026,8/20/1994,4198.3
2027,8/21/1994,4198.2
2028,8/22/1994,4198.2
2029,8/23/1994,4198.4
2030,8/24/1994,4198.3
2031,8/25/1994,4198.3
2032,8/26/1994,4198.3
2033,8/27/1994,4198.3
2034,8/28/1994,4198.3
2035,8/29/1994,4198.2
2036,8/30/1994,4198.2
2037,8/31/1994,4198.2
2038,9/1/1994,4198.1
2039,9/2/1994,4198.1
2040,9/3/1994,4198.1
2041,9/4/1994,4198.1
2042,9/5/1994,4198.1
2043,9/6/1994,4198
2044,9/7/1994,4198
2045,9/8/1994,4198
2046,9/9/1994,4198
2047,9/10/1994,4198
2048,9/11/1994,4198
2049,9/12/1994,4197.9
2050,9/13/1994,4197.9
2051,9/14/1994,4197.9
2052,9/15/1994,4197.9
2053,9/16/1994,4197.8
2054,9/17/1994,4197.8
2055,9/18/1994,4197.8
2056,9/19/1994,4197.8
2057,9/20/1994,4197.8
2058,9/21/1994,4197.8
2059,9/22/1994,4197.8
2060,9/23/1994,4197.8
2061,9/24/1994,4197.8
2062,9/25/1994,4197.8
2063,9/26/1994,4197.7
2064,9/27/1994,4197.6
2065,9/28/1994,4197.6
2066,9/29/1994,4197.6
2067,9/30/1994,4197.6
2068,10/1/1994,4197.6
2069,10/2/1994,4197.6
2070,10/3/1994,4197.6
2071,10/4/1994,4197.6
2072,10/5/1994,4197.6
2073,10/6/1994,4197.6
2074,10/7/1994,4197.6
2075,10/8/1994,4197.6
2076,10/9/1994,4197.6
2077,10/10/1994,4197.6
2078,10/11/1994,4197.5
2079,10/12/1994,4197.6
2080,10/13/1994,4197.6
2081,10/14/1994,4197.6
2082,10/15/1994,4197.8
2083,10/16/1994,4197.7
2084,10/17/1994,4197.6
2085,10/18/1994,4197.6
2086,10/19/1994,4197.6
2087,10/20/1994,4197.6
2088,10/21/1994,4197.6
2089,10/22/1994,4197.6
2090,10/23/1994,4197.6
2091,10/24/1994,4197.6
2092,10/25/1994,4197.6
2093,10/26/1994,4197.6
2094,10/27/1994,4197.6
2095,10/28/1994,4197.7
2096,10/29/1994,4197.6
2097,10/30/1994,4197.6
2098,10/31/1994,4197.6
2099,11/1/1994,4197.6
2100,11/2/1994,4197.7
2101,11/3/1994,4197.7
2102,11/4/1994,4197.6
2103,11/5/1994,4197.6
2104,11/6/1994,4197.6
2105,11/7/1994,4197.6
2106,11/8/1994,4197.6
2107,11/9/1994,4197.6
2108,11/10/1994,4197.6
2109,11/11/1994,4197.6
2110,11/12/1994,4197.7
2111,11/13/1994,4197.8
2112,11/14/1994,4197.7
2113,11/15/1994,4197.7
2114,11/16/1994,4197.7
2115,11/17/1994,4197.7
2116,11/18/1994,4197.9
2117,11/19/1994,4197.8
2118,11/20/1994,4197.7
2119,11/21/1994,4197.7
2120,11/22/1994,4197.7
2121,11/23/1994,4197.7
2122,11/24/1994,4197.7
2123,11/25/1994,4197.8
2124,11/26/1994,4197.8
2125,11/27/1994,4197.7
2126,11/28/1994,4197.8
2127,11/29/1994,4197.7
2128,11/30/1994,4197.8
2129,12/1/1994,4197.8
2130,12/2/1994,4197.8
2131,12/3/1994,4197.8
2132,12/4/1994,4197.8
2133,12/5/1994,4197.8
2134,12/6/1994,4197.8
2135,12/7/1994,4197.9
2136,12/8/1994,4197.9
2137,12/9/1994,4197.8
2138,12/10/1994,4197.9
2139,12/11/1994,4197.9
2140,12/12/1994,4197.9
2141,12/13/1994,4197.9
2142,12/14/1994,4197.9
2143,12/15/1994,4197.9
2144,12/16/1994,4197.9
2145,12/17/1994,4197.9
2146,12/18/1994,4197.9
2147,12/19/1994,4197.9
2148,12/20/1994,4197.9
2149,12/21/1994,4198
2150,12/22/1994,4198
2151,12/23/1994,4198
2152,12/24/1994,4198
2153,12/25/1994,4198
2154,12/26/1994,4198
2155,12/27/1994,4198
2156,12/28/1994,4198
2157,12/29/1994,4198
2158,12/30/1994,4198.1
2159,12/31/1994,4198.1
2160,1/1/1995,4198
2161,1/2/1995,4198
2162,1/3/1995,4198
2163,1/4/1995,4198
2164,1/5/1995,4198
2165,1/6/1995,4198
2166,1/7/1995,4198
2167,1/8/1995,4198.1
2168,1/9/1995,4198.1
2169,1/10/1995,4198
2170,1/11/1995,4198.1
2171,1/12/1995,4198.1
2172,1/13/1995,4198.1
2173,1/14/1995,4198.1
2174,1/15/1995,4198.2
2175,1/16/1995,4198.2
2176,1/17/1995,4198.3
2177,1/18/1995,4198.2
2178,1/19/1995,4198.3
2179,1/20/1995,4198.3
2180,1/21/1995,4198.3
2181,1/22/1995,4198.3
2182,1/23/1995,4198.3
2183,1/24/1995,4198.3
2184,1/25/1995,4198.4
2185,1/26/1995,4198.4
2186,1/27/1995,4198.4
2187,1/28/1995,4198.4
2188,1/29/1995,4198.4
2189,1/30/1995,4198.4
2190,1/31/1995,4198.4
2191,2/1/1995,4198.5
2192,2/2/1995,4198.5
2193,2/3/1995,4198.5
2194,2/4/1995,4198.5
2195,2/5/1995,4198.5
2196,2/6/1995,4198.5
2197,2/7/1995,4198.5
2198,2/8/1995,4198.5
2199,2/9/1995,4198.5
2200,2/10/1995,4198.6
2201,2/11/1995,4198.6
2202,2/12/1995,4198.6
2203,2/13/1995,4198.5
2204,2/14/1995,4198.7
2205,2/15/1995,4198.6
2206,2/16/1995,4198.6
2207,2/17/1995,4198.6
2208,2/18/1995,4198.6
2209,2/19/1995,4198.7
2210,2/20/1995,4198.7
2211,2/21/1995,4198.7
2212,2/22/1995,4198.7
2213,2/23/1995,4198.7
2214,2/24/1995,4198.7
2215,2/25/1995,4198.7
2216,2/26/1995,4198.7
2217,2/27/1995,4198.7
2218,2/28/1995,4198.7
2219,3/1/1995,4198.7
2220,3/2/1995,4198.7
2221,3/3/1995,4198.7
2222,3/4/1995,4198.7
2223,3/5/1995,4198.8
2224,3/6/1995,4198.8
2225,3/7/1995,4198.7
2226,3/8/1995,4198.7
2227,3/9/1995,4198.7
2228,3/10/1995,4198.5
2229,3/11/1995,4198.6
2230,3/12/1995,4198.7
2231,3/13/1995,4198.7
2232,3/14/1995,4198.8
2233,3/15/1995,4198.9
2234,3/16/1995,4198.9
2235,3/17/1995,4198.8
2236,3/18/1995,4198.9
2237,3/19/1995,4198.9
2238,3/20/1995,4198.8
2239,3/21/1995,4198.9
2240,3/22/1995,4198.8
2241,3/23/1995,4198.9
2242,3/24/1995,4199
2243,3/25/1995,4199
2244,3/26/1995,4199
2245,3/27/1995,4199
2246,3/28/1995,4199
2247,3/29/1995,4199.1
2248,3/30/1995,4199
2249,3/31/1995,4199
2250,4/1/1995,4199
2251,4/2/1995,4199.1
2252,4/3/1995,4199.1
2253,4/4/1995,4199.1
2254,4/5/1995,4199.1
2255,4/6/1995,4199.1
2256,4/7/1995,4199.1
2257,4/8/1995,4199.2
2258,4/9/1995,4199.3
2259,4/10/1995,4199.2
2260,4/11/1995,4199.1
2261,4/12/1995,4199.1
2262,4/13/1995,4198.9
2263,4/14/1995,4199.2
2264,4/15/1995,4199.1
2265,4/16/1995,4199.1
2266,4/17/1995,4199.1
2267,4/18/1995,4199.1
2268,4/19/1995,4199.1
2269,4/20/1995,4199.1
2270,4/21/1995,4199.3
2271,4/22/1995,4199.2
2272,4/23/1995,4199.1
2273,4/24/1995,4199.1
2274,4/25/1995,4199.1
2275,4/26/1995,4199.1
2276,4/27/1995,4199.2
2277,4/28/1995,4199.2
2278,4/29/1995,4199.2
2279,4/30/1995,4199.3
2280,5/1/1995,4199.2
2281,5/2/1995,4199.3
2282,5/3/1995,4199.3
2283,5/4/1995,4199.3
2284,5/5/1995,4199.3
2285,5/6/1995,4199.2
2286,5/7/1995,4199.4
2287,5/8/1995,4199.4
2288,5/9/1995,4199.4
2289,5/10/1995,4199.5
2290,5/11/1995,4199.5
2291,5/12/1995,4199.6
2292,5/13/1995,4199.5
2293,5/14/1995,4199.5
2294,5/15/1995,4199.6
2295,5/16/1995,4199.6
2296,5/17/1995,4199.6
2297,5/18/1995,4199.6
2298,5/19/1995,4199.6
2299,5/20/1995,4199.6
2300,5/21/1995,4199.6
2301,5/22/1995,4199.7
2302,5/23/1995,4199.6
2303,5/24/1995,4199.6
2304,5/25/1995,4199.7
2305,5/26/1995,4199.8
2306,5/27/1995,4199.8
2307,5/28/1995,4199.8
2308,5/29/1995,4199.9
2309,5/30/1995,4199.8
2310,5/31/1995,4199.8
2311,6/1/1995,4199.9
2312,6/2/1995,4199.9
2313,6/3/1995,4199.9
2314,6/4/1995,4199.9
2315,6/5/1995,4200.1
2316,6/6/1995,4200
2317,6/7/1995,4200.1
2318,6/8/1995,4200
2319,6/9/1995,4200.1
2320,6/10/1995,4200.1
2321,6/11/1995,4200.1
2322,6/12/1995,4200.1
2323,6/13/1995,4200.2
2324,6/14/1995,4200.1
2325,6/15/1995,4200.1
2326,6/16/1995,4200.1
2327,6/17/1995,4200.1
2328,6/18/1995,4200.1
2329,6/19/1995,4200.3
2330,6/20/1995,4200.4
2331,6/21/1995,4200.2
2332,6/22/1995,4200.1
2333,6/23/1995,4200.2
2334,6/24/1995,4200.2
2335,6/25/1995,4200.2
2336,6/26/1995,4200.2
2337,6/27/1995,4200.2
2338,6/28/1995,4200.2
2339,6/29/1995,4200.3
2340,6/30/1995,4200.2
2341,7/1/1995,4200.2
2342,7/2/1995,4200.2
2343,7/3/1995,4200.2
2344,7/4/1995,4200.2
2345,7/5/1995,4200.1
2346,7/6/1995,4200.1
2347,7/7/1995,4200.1
2348,7/8/1995,4200.1
2349,7/9/1995,4200.1
2350,7/10/1995,4200
2351,7/11/1995,4200
2352,7/12/1995,4200
2353,7/13/1995,4200.1
2354,7/14/1995,4200
2355,7/15/1995,4200
2356,7/16/1995,4200
2357,7/17/1995,4200
2358,7/18/1995,4199.9
2359,7/19/1995,4199.9
2360,7/20/1995,4200
2361,7/21/1995,4199.9
2362,7/22/1995,4199.9
2363,7/23/1995,4199.9
2364,7/24/1995,4199.9
2365,7/25/1995,4199.9
2366,7/26/1995,4199.8
2367,7/27/1995,4199.8
2368,7/28/1995,4199.8
2369,7/29/1995,4199.8
2370,7/30/1995,4199.8
2371,7/31/1995,4199.7
2372,8/1/1995,4199.7
2373,8/2/1995,4199.7
2374,8/3/1995,4199.6
2375,8/4/1995,4199.6
2376,8/5/1995,4199.6
2377,8/6/1995,4199.6
2378,8/7/1995,4199.6
2379,8/8/1995,4199.6
2380,8/9/1995,4199.5
2381,8/10/1995,4199.4
2382,8/11/1995,4199.5
2383,8/12/1995,4199.4
2384,8/13/1995,4199.5
2385,8/14/1995,4199.4
2386,8/15/1995,4199.4
2387,8/16/1995,4199.2
2388,8/17/1995,4199.3
2389,8/18/1995,4199.4
2390,8/19/1995,4199.3
2391,8/20/1995,4199.2
2392,8/21/1995,4199.2
2393,8/22/1995,4199.2
2394,8/23/1995,4199.2
2395,8/24/1995,4199.2
2396,8/25/1995,4199.2
2397,8/26/1995,4199.1
2398,8/27/1995,4199.2
2399,8/28/1995,4199.1
2400,8/29/1995,4199.1
2401,8/30/1995,4199.1
2402,8/31/1995,4199.1
2403,9/1/1995,4199
2404,9/2/1995,4199
2405,9/3/1995,4199
2406,9/4/1995,4199.1
2407,9/5/1995,4199
2408,9/6/1995,4199
2409,9/7/1995,4199
2410,9/8/1995,4199
2411,9/9/1995,4198.9
2412,9/10/1995,4198.9
2413,9/11/1995,4198.9
2414,9/12/1995,4198.8
2415,9/13/1995,4198.8
2416,9/14/1995,4198.8
2417,9/15/1995,4198.8
2418,9/16/1995,4198.8
2419,9/17/1995,4198.8
2420,9/18/1995,4198.8
2421,9/19/1995,4198.7
2422,9/20/1995,4198.9
2423,9/21/1995,4198.8
2424,9/22/1995,4198.7
2425,9/23/1995,4198.7
2426,9/24/1995,4198.6
2427,9/25/1995,4198.6
2428,9/26/1995,4198.6
2429,9/27/1995,4198.6
2430,9/28/1995,4198.7
2431,9/29/1995,4198.8
2432,9/30/1995,4198.7
2433,10/1/1995,4198.6
2434,10/2/1995,4198.7
2435,10/3/1995,4198.7
2436,10/4/1995,4198.9
2437,10/5/1995,4198.6
2438,10/6/1995,4198.6
2439,10/7/1995,4198.6
2440,10/8/1995,4198.6
2441,10/9/1995,4198.6
2442,10/10/1995,4198.6
2443,10/11/1995,4198.5
2444,10/12/1995,4198.6
2445,10/13/1995,4198.6
2446,10/14/1995,4198.5
2447,10/15/1995,4198.5
2448,10/16/1995,4198.5
2449,10/17/1995,4198.5
2450,10/18/1995,4198.6
2451,10/19/1995,4198.6
2452,10/20/1995,4198.5
2453,10/21/1995,4198.6
2454,10/22/1995,4198.5
2455,10/23/1995,4198.4
2456,10/24/1995,4198.4
2457,10/25/1995,4198.4
2458,10/26/1995,4198.5
2459,10/27/1995,4198.4
2460,10/28/1995,4198.5
2461,10/29/1995,4198.5
2462,10/30/1995,4198.5
2463,10/31/1995,4198.5
2464,11/1/1995,4198.5
2465,11/2/1995,4198.4
2466,11/3/1995,4198.4
2467,11/4/1995,4198.4
2468,11/5/1995,4198.4
2469,11/6/1995,4198.4
2470,11/7/1995,4198.4
2471,11/8/1995,4198.4
2472,11/9/1995,4198.5
2473,11/10/1995,4198.5
2474,11/11/1995,4198.4
2475,11/12/1995,4198.4
2476,11/13/1995,4198.4
2477,11/14/1995,4198.4
2478,11/15/1995,4198.5
2479,11/16/1995,4198.5
2480,11/17/1995,4198.5
2481,11/18/1995,4198.5
2482,11/19/1995,4198.5
2483,11/20/1995,4198.5
2484,11/21/1995,4198.5
2485,11/22/1995,4198.5
2486,11/23/1995,4198.5
2487,11/24/1995,4198.5
2488,11/25/1995,4198.5
2489,11/26/1995,4198.7
2490,11/27/1995,4198.5
2491,11/28/1995,4198.4
2492,11/29/1995,4198.5
2493,11/30/1995,4198.5
2494,12/1/1995,4198.5
2495,12/2/1995,4198.5
2496,12/3/1995,4198.5
2497,12/4/1995,4198.5
2498,12/5/1995,4198.6
2499,12/6/1995,4198.5
2500,12/7/1995,4198.6
2501,12/8/1995,4198.5
2502,12/9/1995,4198.5
2503,12/10/1995,4198.5
2504,12/11/1995,4198.5
2505,12/12/1995,4198.4
2506,12/13/1995,4198.5
2507,12/14/1995,4198.5
2508,12/15/1995,4198.6
2509,12/16/1995,4198.7
2510,12/17/1995,4198.7
2511,12/18/1995,4198.6
2512,12/19/1995,4198.6
2513,12/20/1995,4198.6
2514,12/21/1995,4198.6
2515,12/22/1995,4198.6
2516,12/23/1995,4198.6
2517,12/24/1995,4198.6
2518,12/25/1995,4198.6
2519,12/26/1995,4198.6
2520,12/27/1995,4198.6
2521,12/28/1995,4198.6
2522,12/29/1995,4198.6
2523,12/30/1995,4198.6
2524,12/31/1995,4198.8
2525,1/1/1996,4198.7
2526,1/2/1996,4198.7
2527,1/3/1996,4198.7
2528,1/4/1996,4198.7
2529,1/5/1996,4198.7
2530,1/6/1996,4198.7
2531,1/7/1996,4198.7
2532,1/8/1996,4198.7
2533,1/9/1996,4198.7
2534,1/10/1996,4198.8
2535,1/11/1996,4198.7
2536,1/12/1996,4198.8
2537,1/13/1996,4198.8
2538,1/14/1996,4198.8
2539,1/15/1996,4198.8
2540,1/16/1996,4198.8
2541,1/17/1996,4199.1
2542,1/18/1996,4198.8
2543,1/19/1996,4198.9
2544,1/20/1996,4198.8
2545,1/21/1996,4198.9
2546,1/22/1996,4199
2547,1/23/1996,4198.8
2548,1/24/1996,4198.8
2549,1/25/1996,4199
2550,1/26/1996,4198.9
2551,1/27/1996,4198.9
2552,1/28/1996,4199
2553,1/29/1996,4198.9
2554,1/30/1996,4199
2555,1/31/1996,4199
2556,2/1/1996,4199
2557,2/2/1996,4199
2558,2/3/1996,4199
2559,2/4/1996,4199
2560,2/5/1996,4199.1
2561,2/6/1996,4199.1
2562,2/7/1996,4199.1
2563,2/8/1996,4199.1
2564,2/9/1996,4199.1
2565,2/10/1996,4199.1
2566,2/11/1996,4199.1
2567,2/12/1996,4199.1
2568,2/13/1996,4199.2
2569,2/14/1996,4199.2
2570,2/15/1996,4199.2
2571,2/16/1996,4199.2
2572,2/17/1996,4199.2
2573,2/18/1996,4199.2
2574,2/19/1996,4199.2
2575,2/20/1996,4199.2
2576,2/21/1996,4199.2
2577,2/22/1996,4199.4
2578,2/23/1996,4199.3
2579,2/24/1996,4199.4
2580,2/25/1996,4199.4
2581,2/26/1996,4199.6
2582,2/27/1996,4199.4
2583,2/28/1996,4199.4
2584,2/29/1996,4199.5
2585,3/1/1996,4199.4
2586,3/2/1996,4199.5
2587,3/3/1996,4199.5
2588,3/4/1996,4199.4
2589,3/5/1996,4199.5
2590,3/6/1996,4199.6
2591,3/7/1996,4199.5
2592,3/8/1996,4199.6
2593,3/9/1996,4199.6
2594,3/10/1996,4199.6
2595,3/11/1996,4199.7
2596,3/12/1996,4199.7
2597,3/13/1996,4199.7
2598,3/14/1996,4199.7
2599,3/15/1996,4199.7
2600,3/16/1996,4199.8
2601,3/17/1996,4199.8
2602,3/18/1996,4199.8
2603,3/19/1996,4199.8
2604,3/20/1996,4199.8
2605,3/21/1996,4199.8
2606,3/22/1996,4199.8
2607,3/23/1996,4199.9
2608,3/24/1996,4199.9
2609,3/25/1996,4199.9
2610,3/26/1996,4199.9
2611,3/27/1996,4199.9
2612,3/28/1996,4199.9
2613,3/29/1996,4200
2614,3/30/1996,4199.9
2615,3/31/1996,4199.9
2616,4/1/1996,4199.9
2617,4/2/1996,4200
2618,4/3/1996,4200
2619,4/4/1996,4200.1
2620,4/5/1996,4200
2621,4/6/1996,4200
2622,4/7/1996,4200
2623,4/8/1996,4200
2624,4/9/1996,4200
2625,4/10/1996,4200.1
2626,4/11/1996,4200.1
2627,4/12/1996,4200.1
2628,4/13/1996,4200.2
2629,4/14/1996,4200
2630,4/15/1996,4200
2631,4/16/1996,4200
2632,4/17/1996,4200
2633,4/18/1996,4200.2
2634,4/19/1996,4200.1
2635,4/20/1996,4200.2
2636,4/21/1996,4200.2
2637,4/22/1996,4200.2
2638,4/23/1996,4200.2
2639,4/24/1996,4200.3
2640,4/25/1996,4200.2
2641,4/26/1996,4200.2
2642,4/27/1996,4200.4
2643,4/28/1996,4200.3
2644,4/29/1996,4200.2
2645,4/30/1996,4200.2
2646,5/1/1996,4200.3
2647,5/2/1996,4200.3
2648,5/3/1996,4200.3
2649,5/4/1996,4200.3
2650,5/5/1996,4200.3
2651,5/6/1996,4200.3
2652,5/7/1996,4200.3
2653,5/8/1996,4200.3
2654,5/9/1996,4200.3
2655,5/10/1996,4200.2
2656,5/11/1996,4200.2
2657,5/12/1996,4200.2
2658,5/13/1996,4200.2
2659,5/14/1996,4200.3
2660,5/15/1996,4200.3
2661,5/16/1996,4200.1
2662,5/17/1996,4200.3
2663,5/18/1996,4200.3
2664,5/19/1996,4200.3
2665,5/20/1996,4200.3
2666,5/21/1996,4200.3
2667,5/22/1996,4200.4
2668,5/23/1996,4200.3
2669,5/24/1996,4200.3
2670,5/25/1996,4200.3
2671,5/26/1996,4200.2
2672,5/27/1996,4200.2
2673,5/28/1996,4200.3
2674,5/29/1996,4200.3
2675,5/30/1996,4200.3
2676,5/31/1996,4200.3
2677,6/1/1996,4200.3
2678,6/2/1996,4200.4
2679,6/3/1996,4200.4
2680,6/4/1996,4200.4
2681,6/5/1996,4200.4
2682,6/6/1996,4200.4
2683,6/7/1996,4200.4
2684,6/8/1996,4200.4
2685,6/9/1996,4200.4
2686,6/10/1996,4200.4
2687,6/11/1996,4200.4
2688,6/12/1996,4200.4
2689,6/13/1996,4200.4
2690,6/14/1996,4200.4
2691,6/15/1996,4200.4
2692,6/16/1996,4200.3
2693,6/17/1996,4200.3
2694,6/18/1996,4200.4
2695,6/19/1996,4200.4
2696,6/20/1996,4200.3
2697,6/21/1996,4200.3
2698,6/22/1996,4200.3
2699,6/23/1996,4200.2
2700,6/24/1996,4200.2
2701,6/25/1996,4200.2
2702,6/26/1996,4200
2703,6/27/1996,4200.2
2704,6/28/1996,4200.1
2705,6/29/1996,4200.1
2706,6/30/1996,4200.1
2707,7/1/1996,4200.1
2708,7/2/1996,4200
2709,7/3/1996,4200
2710,7/4/1996,4200
2711,7/5/1996,4200
2712,7/6/1996,4200.1
2713,7/7/1996,4200
2714,7/8/1996,4199.9
2715,7/9/1996,4199.9
2716,7/10/1996,4199.9
2717,7/11/1996,4199.9
2718,7/12/1996,4199.9
2719,7/13/1996,4199.9
2720,7/14/1996,4199.8
2721,7/15/1996,4199.8
2722,7/16/1996,4199.8
2723,7/17/1996,4199.8
2724,7/18/1996,4199.8
2725,7/19/1996,4199.8
2726,7/20/1996,4199.8
2727,7/21/1996,4199.7
2728,7/22/1996,4199.7
2729,7/23/1996,4199.7
2730,7/24/1996,4199.7
2731,7/25/1996,4199.7
2732,7/26/1996,4199.6
2733,7/27/1996,4199.6
2734,7/28/1996,4199.6
2735,7/29/1996,4199.6
2736,7/30/1996,4199.6
2737,7/31/1996,4199.6
2738,8/1/1996,4199.5
2739,8/2/1996,4199.5
2740,8/3/1996,4199.6
2741,8/4/1996,4199.5
2742,8/5/1996,4199.4
2743,8/6/1996,4199.4
2744,8/7/1996,4199.3
2745,8/8/1996,4199.3
2746,8/9/1996,4199.3
2747,8/10/1996,4199.3
2748,8/11/1996,4199.3
2749,8/12/1996,4199.3
2750,8/13/1996,4199.2
2751,8/14/1996,4199.3
2752,8/15/1996,4199.2
2753,8/16/1996,4199.2
2754,8/17/1996,4199.1
2755,8/18/1996,4199.2
2756,8/19/1996,4199.1
2757,8/20/1996,4199.1
2758,8/21/1996,4199.1
2759,8/22/1996,4199.1
2760,8/23/1996,4199
2761,8/24/1996,4199
2762,8/25/1996,4199
2763,8/26/1996,4198.9
2764,8/27/1996,4199
2765,8/28/1996,4199
2766,8/29/1996,4198.9
2767,8/30/1996,4198.9
2768,8/31/1996,4198.9
2769,9/1/1996,4198.9
2770,9/2/1996,4198.9
2771,9/3/1996,4198.8
2772,9/4/1996,4198.7
2773,9/5/1996,4198.8
2774,9/6/1996,4198.8
2775,9/7/1996,4198.7
2776,9/8/1996,4198.7
2777,9/9/1996,4198.7
2778,9/10/1996,4198.7
2779,9/11/1996,4198.7
2780,9/12/1996,4198.6
2781,9/13/1996,4198.5
2782,9/14/1996,4198.6
2783,9/15/1996,4198.6
2784,9/16/1996,4198.7
2785,9/17/1996,4198.6
2786,9/18/1996,4198.6
2787,9/19/1996,4198.6
2788,9/20/1996,4198.6
2789,9/21/1996,4198.6
2790,9/22/1996,4198.6
2791,9/23/1996,4198.6
2792,9/24/1996,4198.5
2793,9/25/1996,4198.6
2794,9/26/1996,4198.6
2795,9/27/1996,4198.5
2796,9/28/1996,4198.5
2797,9/29/1996,4198.5
2798,9/30/1996,4198.5
2799,10/1/1996,4198.5
2800,10/2/1996,4198.5
2801,10/3/1996,4198.5
2802,10/4/1996,4198.5
2803,10/5/1996,4198.5
2804,10/6/1996,4198.5
2805,10/7/1996,4198.5
2806,10/8/1996,4198.5
2807,10/9/1996,4198.5
2808,10/10/1996,4198.5
2809,10/11/1996,4198.5
2810,10/12/1996,4198.5
2811,10/13/1996,4198.4
2812,10/14/1996,4198.5
2813,10/15/1996,4198.4
2814,10/16/1996,4198.6
2815,10/17/1996,4198.4
2816,10/18/1996,4198.4
2817,10/19/1996,4198.4
2818,10/20/1996,4198.4
2819,10/21/1996,4198.4
2820,10/22/1996,4198.3
2821,10/23/1996,4198.3
2822,10/24/1996,4198.3
2823,10/25/1996,4198.5
2824,10/26/1996,4198.4
2825,10/27/1996,4198.4
2826,10/28/1996,4198.4
2827,10/29/1996,4198.3
2828,10/30/1996,4198.3
2829,10/31/1996,4198.4
2830,11/1/1996,4198.3
2831,11/2/1996,4198.4
2832,11/3/1996,4198.4
2833,11/4/1996,4198.3
2834,11/5/1996,4198.4
2835,11/6/1996,4198.4
2836,11/7/1996,4198.3
2837,11/8/1996,4198.4
2838,11/9/1996,4198.4
2839,11/10/1996,4198.4
2840,11/11/1996,4198.4
2841,11/12/1996,4198.4
2842,11/13/1996,4198.4
2843,11/14/1996,4198.5
2844,11/15/1996,4198.4
2845,11/16/1996,4198.4
2846,11/17/1996,4198.3
2847,11/18/1996,4198.3
2848,11/19/1996,4198.4
2849,11/20/1996,4198.4
2850,11/21/1996,4198.4
2851,11/22/1996,4198.5
2852,11/23/1996,4198.5
2853,11/24/1996,4198.5
2854,11/25/1996,4198.5
2855,11/26/1996,4198.6
2856,11/27/1996,4198.5
2857,11/28/1996,4198.6
2858,11/29/1996,4198.8
2859,11/30/1996,4198.6
2860,12/1/1996,4198.6
2861,12/2/1996,4198.5
2862,12/3/1996,4198.5
2863,12/4/1996,4198.5
2864,12/5/1996,4198.5
2865,12/6/1996,4198.6
2866,12/7/1996,4198.6
2867,12/8/1996,4198.6
2868,12/9/1996,4198.6
2869,12/10/1996,4198.6
2870,12/11/1996,4198.6
2871,12/12/1996,4198.7
2872,12/13/1996,4198.8
2873,12/14/1996,4198.8
2874,12/15/1996,4198.7
2875,12/16/1996,4198.9
2876,12/17/1996,4198.9
2877,12/18/1996,4198.7
2878,12/19/1996,4198.7
2879,12/20/1996,4198.7
2880,12/21/1996,4198.8
2881,12/22/1996,4198.9
2882,12/23/1996,4198.8
2883,12/24/1996,4198.7
2884,12/25/1996,4198.8
2885,12/26/1996,4198.7
2886,12/27/1996,4198.7
2887,12/28/1996,4198.8
2888,12/29/1996,4198.8
2889,12/30/1996,4198.9
2890,12/31/1996,4198.9
2891,1/1/1997,4198.9
2892,1/2/1997,4199
2893,1/3/1997,4199.1
2894,1/4/1997,4199.1
2895,1/5/1997,4199.2
2896,1/6/1997,4199.2
2897,1/7/1997,4199.1
2898,1/8/1997,4199.1
2899,1/9/1997,4199.1
2900,1/10/1997,4199.2
2901,1/11/1997,4199.3
2902,1/12/1997,4199.2
2903,1/13/1997,4199.2
2904,1/14/1997,4199.2
2905,1/15/1997,4199.2
2906,1/16/1997,4199.3
2907,1/17/1997,4199.3
2908,1/18/1997,4199.3
2909,1/19/1997,4199.3
2910,1/20/1997,4199.3
2911,1/21/1997,4199.3
2912,1/22/1997,4199.3
2913,1/23/1997,4199.4
2914,1/24/1997,4199.3
2915,1/25/1997,4199.3
2916,1/26/1997,4199.4
2917,1/27/1997,4199.4
2918,1/28/1997,4199.5
2919,1/29/1997,4199.5
2920,1/30/1997,4199.5
2921,1/31/1997,4199.6
2922,2/1/1997,4199.6
2923,2/2/1997,4199.6
2924,2/3/1997,4199.7
2925,2/4/1997,4199.7
2926,2/5/1997,4199.8
2927,2/6/1997,4199.9
2928,2/7/1997,4199.7
2929,2/8/1997,4199.8
2930,2/9/1997,4199.8
2931,2/10/1997,4199.8
2932,2/11/1997,4199.8
2933,2/12/1997,4199.9
2934,2/13/1997,4199.8
2935,2/14/1997,4199.8
2936,2/15/1997,4199.8
2937,2/16/1997,4199.8
2938,2/17/1997,4199.9
2939,2/18/1997,4199.9
2940,2/19/1997,4200
2941,2/20/1997,4200
2942,2/21/1997,4200
2943,2/22/1997,4200
2944,2/23/1997,4200
2945,2/24/1997,4200
2946,2/25/1997,4200
2947,2/26/1997,4200
2948,2/27/1997,4200
2949,2/28/1997,4200.2
2950,3/1/1997,4200
2951,3/2/1997,4200.1
2952,3/3/1997,4200.1
2953,3/4/1997,4200.1
2954,3/5/1997,4200
2955,3/6/1997,4200.1
2956,3/7/1997,4200.1
2957,3/8/1997,4200.1
2958,3/9/1997,4200.1
2959,3/10/1997,4200.1
2960,3/11/1997,4200.1
2961,3/12/1997,4200.2
2962,3/13/1997,4200.2
2963,3/14/1997,4200.2
2964,3/15/1997,4200.2
2965,3/16/1997,4200.2
2966,3/17/1997,4200.2
2967,3/18/1997,4200.2
2968,3/19/1997,4200.2
2969,3/20/1997,4200.3
2970,3/21/1997,4200.3
2971,3/22/1997,4200.3
2972,3/23/1997,4200.3
2973,3/24/1997,4200.6
2974,3/25/1997,4200.3
2975,3/26/1997,4200.4
2976,3/27/1997,4200.4
2977,3/28/1997,4200.4
2978,3/29/1997,4200.4
2979,3/30/1997,4200.3
2980,3/31/1997,4200.4
2981,4/1/1997,4200.4
2982,4/2/1997,4200.5
2983,4/3/1997,4200.4
2984,4/4/1997,4200.5
2985,4/5/1997,4200.5
2986,4/6/1997,4200.4
2987,4/7/1997,4200.4
2988,4/8/1997,4200.4
2989,4/9/1997,4200.5
2990,4/10/1997,4200.5
2991,4/11/1997,4200.4
2992,4/12/1997,4200.5
2993,4/13/1997,4200.5
2994,4/14/1997,4200.5
2995,4/15/1997,4200.5
2996,4/16/1997,4200.5
2997,4/17/1997,4200.5
2998,4/18/1997,4200.5
2999,4/19/1997,4200.5
3000,4/20/1997,4200.5
3001,4/21/1997,4200.5
3002,4/22/1997,4200.5
3003,4/23/1997,4200.6
3004,4/24/1997,4200.7
3005,4/25/1997,4200.6
3006,4/26/1997,4200.7
3007,4/27/1997,4200.6
3008,4/28/1997,4200.7
3009,4/29/1997,4200.8
3010,4/30/1997,4200.7
3011,5/1/1997,4200.9
3012,5/2/1997,4200.8
3013,5/3/1997,4200.8
3014,5/4/1997,4200.8
3015,5/5/1997,4200.8
3016,5/6/1997,4200.8
3017,5/7/1997,4200.9
3018,5/8/1997,4200.9
3019,5/9/1997,4200.9
3020,5/10/1997,4200.9
3021,5/11/1997,4200.9
3022,5/12/1997,4200.9
3023,5/13/1997,4200.9
3024,5/14/1997,4200.9
3025,5/15/1997,4200.9
3026,5/16/1997,4201
3027,5/17/1997,4201
3028,5/18/1997,4201
3029,5/19/1997,4201
3030,5/20/1997,4200.9
3031,5/21/1997,4200.9
3032,5/22/1997,4200.9
3033,5/23/1997,4200.9
3034,5/24/1997,4201
3035,5/25/1997,4201.1
3036,5/26/1997,4201
3037,5/27/1997,4201
3038,5/28/1997,4201.1
3039,5/29/1997,4201.1
3040,5/30/1997,4201.1
3041,5/31/1997,4201.1
3042,6/1/1997,4201.2
3043,6/2/1997,4201.1
3044,6/3/1997,4201.1
3045,6/4/1997,4201.1
3046,6/5/1997,4201.2
3047,6/6/1997,4201.2
3048,6/7/1997,4201.2
3049,6/8/1997,4201.2
3050,6/9/1997,4201.2
3051,6/10/1997,4201.1
3052,6/11/1997,4201.2
3053,6/12/1997,4201.2
3054,6/13/1997,4201.3
3055,6/14/1997,4201.3
3056,6/15/1997,4201.3
3057,6/16/1997,4201.3
3058,6/17/1997,4201.3
3059,6/18/1997,4201.3
3060,6/19/1997,4201.4
3061,6/20/1997,4201.4
3062,6/21/1997,4201.4
3063,6/22/1997,4201.4
3064,6/23/1997,4201.5
3065,6/24/1997,4201.4
3066,6/25/1997,4201.3
3067,6/26/1997,4201.3
3068,6/27/1997,4201.2
3069,6/28/1997,4201.3
3070,6/29/1997,4201.3
3071,6/30/1997,4201.3
3072,7/1/1997,4201.2
3073,7/2/1997,4201.3
3074,7/3/1997,4201.2
3075,7/4/1997,4201.2
3076,7/5/1997,4201.2
3077,7/6/1997,4201.1
3078,7/7/1997,4201.2
3079,7/8/1997,4201.1
3080,7/9/1997,4201.1
3081,7/10/1997,4201.1
3082,7/11/1997,4201.1
3083,7/12/1997,4201.1
3084,7/13/1997,4201.1
3085,7/14/1997,4201
3086,7/15/1997,4201
3087,7/16/1997,4201
3088,7/17/1997,4201
3089,7/18/1997,4201
3090,7/19/1997,4201
3091,7/20/1997,4201
3092,7/21/1997,4200.9
3093,7/22/1997,4200.9
3094,7/23/1997,4200.9
3095,7/24/1997,4200.9
3096,7/25/1997,4200.9
3097,7/26/1997,4200.9
3098,7/27/1997,4200.9
3099,7/28/1997,4200.9
3100,7/29/1997,4200.8
3101,7/30/1997,4200.8
3102,7/31/1997,4200.8
3103,8/1/1997,4200.8
3104,8/2/1997,4200.8
3105,8/3/1997,4200.7
3106,8/4/1997,4200.7
3107,8/5/1997,4200.8
3108,8/6/1997,4200.8
3109,8/7/1997,4200.7
3110,8/8/1997,4200.7
3111,8/9/1997,4200.7
3112,8/10/1997,4200.6
3113,8/11/1997,4200.6
3114,8/12/1997,4200.6
3115,8/13/1997,4200.6
3116,8/14/1997,4200.6
3117,8/15/1997,4200.6
3118,8/16/1997,4200.6
3119,8/17/1997,4200.5
3120,8/18/1997,4200.5
3121,8/19/1997,4200.5
3122,8/20/1997,4200.5
3123,8/21/1997,4200.5
3124,8/22/1997,4200.5
3125,8/23/1997,4200.4
3126,8/24/1997,4200.5
3127,8/25/1997,4200.5
3128,8/26/1997,4200.4
3129,8/27/1997,4200.4
3130,8/28/1997,4200.3
3131,8/29/1997,4200.4
3132,8/30/1997,4200.3
3133,8/31/1997,4200.3
3134,9/1/1997,4200.3
3135,9/2/1997,4200.3
3136,9/3/1997,4200.3
3137,9/4/1997,4200.3
3138,9/5/1997,4200.3
3139,9/6/1997,4200.3
3140,9/7/1997,4200.2
3141,9/8/1997,4200.2
3142,9/9/1997,4200.2
3143,9/10/1997,4200.2
3144,9/11/1997,4200.3
3145,9/12/1997,4200.2
3146,9/13/1997,4200.1
3147,9/14/1997,4200
3148,9/15/1997,4200
3149,9/16/1997,4200.2
3150,9/17/1997,4200.1
3151,9/18/1997,4200.2
3152,9/19/1997,4200.2
3153,9/20/1997,4200.1
3154,9/21/1997,4200.2
3155,9/22/1997,4200.2
3156,9/23/1997,4200.2
3157,9/24/1997,4200.2
3158,9/25/1997,4200.2
3159,9/26/1997,4200.2
3160,9/27/1997,4200.2
3161,9/28/1997,4200.2
3162,9/29/1997,4200.2
3163,9/30/1997,4200.2
3164,10/1/1997,4200.2
3165,10/2/1997,4200.2
3166,10/3/1997,4200.2
3167,10/4/1997,4200.2
3168,10/5/1997,4200.2
3169,10/6/1997,4200.1
3170,10/7/1997,4200.2
3171,10/8/1997,4200.1
3172,10/9/1997,4200
3173,10/10/1997,4200
3174,10/11/1997,4200.2
3175,10/12/1997,4200.1
3176,10/13/1997,4199.9
3177,10/14/1997,4200
3178,10/15/1997,4200
3179,10/16/1997,4200
3180,10/17/1997,4200
3181,10/18/1997,4200
3182,10/19/1997,4200
3183,10/20/1997,4200
3184,10/21/1997,4200
3185,10/22/1997,4200
3186,10/23/1997,4200.1
3187,10/24/1997,4200.2
3188,10/25/1997,4200.1
3189,10/26/1997,4200
3190,10/27/1997,4200
3191,10/28/1997,4200
3192,10/29/1997,4200
3193,10/30/1997,4200
3194,10/31/1997,4200
3195,11/1/1997,4200
3196,11/2/1997,4200
3197,11/3/1997,4200
3198,11/4/1997,4200
3199,11/5/1997,4200
3200,11/6/1997,4200
3201,11/7/1997,4200
3202,11/8/1997,4200.1
3203,11/9/1997,4200.1
3204,11/10/1997,4200.1
3205,11/11/1997,4200.1
3206,11/12/1997,4200.1
3207,11/13/1997,4200.1
3208,11/14/1997,4200.1
3209,11/15/1997,4200.1
3210,11/16/1997,4200.1
3211,11/17/1997,4200.1
3212,11/18/1997,4200.1
3213,11/19/1997,4200.1
3214,11/20/1997,4200.2
3215,11/21/1997,4200.1
3216,11/22/1997,4200.1
3217,11/23/1997,4200.2
3218,11/24/1997,4200.2
3219,11/25/1997,4200.2
3220,11/26/1997,4200.2
3221,11/27/1997,4200.3
3222,11/28/1997,4200.2
3223,11/29/1997,4200.2
3224,11/30/1997,4200.2
3225,12/1/1997,4200.3
3226,12/2/1997,4200.3
3227,12/3/1997,4200.3
3228,12/4/1997,4200.2
3229,12/5/1997,4200.3
3230,12/6/1997,4200.3
3231,12/7/1997,4200.3
3232,12/8/1997,4200.4
3233,12/9/1997,4200.5
3234,12/10/1997,4200.4
3235,12/11/1997,4200.3
3236,12/12/1997,4200.3
3237,12/13/1997,4200.3
3238,12/14/1997,4200.3
3239,12/15/1997,4200.3
3240,12/16/1997,4200.3
3241,12/17/1997,4200.3
3242,12/18/1997,4200.4
3243,12/19/1997,4200.4
3244,12/20/1997,4200.4
3245,12/21/1997,4200.4
3246,12/22/1997,4200.4
3247,12/23/1997,4200.4
3248,12/24/1997,4200.6
3249,12/25/1997,4200.5
3250,12/26/1997,4200.4
3251,12/27/1997,4200.4
3252,12/28/1997,4200.4
3253,12/29/1997,4200.4
3254,12/30/1997,4200.4
3255,12/31/1997,4200.4
3256,1/1/1998,4200.4
3257,1/2/1998,4200.4
3258,1/3/1998,4200.4
3259,1/4/1998,4200.4
3260,1/5/1998,4200.5
3261,1/6/1998,4200.5
3262,1/7/1998,4200.5
3263,1/8/1998,4200.5
3264,1/9/1998,4200.5
3265,1/10/1998,4200.5
3266,1/11/1998,4200.5
3267,1/12/1998,4200.5
3268,1/13/1998,4200.6
3269,1/14/1998,4200.6
3270,1/15/1998,4200.6
3271,1/16/1998,4200.6
3272,1/17/1998,4200.7
3273,1/18/1998,4200.7
3274,1/19/1998,4200.7
3275,1/20/1998,4200.8
3276,1/21/1998,4200.8
3277,1/22/1998,4200.8
3278,1/23/1998,4200.8
3279,1/24/1998,4200.8
3280,1/25/1998,4200.8
3281,1/26/1998,4200.8
3282,1/27/1998,4200.8
3283,1/28/1998,4200.9
3284,1/29/1998,4200.9
3285,1/30/1998,4200.9
3286,1/31/1998,4200.9
3287,2/1/1998,4200.9
3288,2/2/1998,4200.9
3289,2/3/1998,4200.9
3290,2/4/1998,4201
3291,2/5/1998,4201
3292,2/6/1998,4201
3293,2/7/1998,4201
3294,2/8/1998,4201
3295,2/9/1998,4201
3296,2/10/1998,4201
3297,2/11/1998,4201.1
3298,2/12/1998,4201.1
3299,2/13/1998,4201.1
3300,2/14/1998,4201.1
3301,2/15/1998,4201.1
3302,2/16/1998,4201.2
3303,2/17/1998,4201.2
3304,2/18/1998,4201.2
3305,2/19/1998,4201.2
3306,2/20/1998,4201.2
3307,2/21/1998,4201.2
3308,2/22/1998,4201.2
3309,2/23/1998,4201.3
3310,2/24/1998,4201.4
3311,2/25/1998,4201.5
3312,2/26/1998,4201.5
3313,2/27/1998,4201.4
3314,2/28/1998,4201.4
3315,3/1/1998,4201.4
3316,3/2/1998,4201.5
3317,3/3/1998,4201.5
3318,3/4/1998,4201.5
3319,3/5/1998,4201.5
3320,3/6/1998,4201.7
3321,3/7/1998,4201.7
3322,3/8/1998,4201.6
3323,3/9/1998,4201.6
3324,3/10/1998,4201.6
3325,3/11/1998,4201.7
3326,3/12/1998,4201.7
3327,3/13/1998,4201.7
3328,3/14/1998,4201.7
3329,3/15/1998,4201.7
3330,3/16/1998,4201.7
3331,3/17/1998,4201.8
3332,3/18/1998,4201.9
3333,3/19/1998,4201.8
3334,3/20/1998,4201.8
3335,3/21/1998,4201.8
3336,3/22/1998,4201.8
3337,3/23/1998,4201.8
3338,3/24/1998,4201.9
3339,3/25/1998,4201.8
3340,3/26/1998,4201.8
3341,3/27/1998,4201.9
3342,3/28/1998,4201.9
3343,3/29/1998,4201.9
3344,3/30/1998,4202
3345,3/31/1998,4202
3346,4/1/1998,4202
3347,4/2/1998,4202
3348,4/3/1998,4202
3349,4/4/1998,4202
3350,4/5/1998,4202
3351,4/6/1998,4202
3352,4/7/1998,4202.1
3353,4/8/1998,4202.2
3354,4/9/1998,4202.1
3355,4/10/1998,4202.1
3356,4/11/1998,4202.1
3357,4/12/1998,4202.2
3358,4/13/1998,4202.2
3359,4/14/1998,4202.3
3360,4/15/1998,4202.3
3361,4/16/1998,4202.4
3362,4/17/1998,4202.4
3363,4/18/1998,4202.3
3364,4/19/1998,4202.3
3365,4/20/1998,4202.4
3366,4/21/1998,4202.4
3367,4/22/1998,4202.4
3368,4/23/1998,4202.3
3369,4/24/1998,4202.4
3370,4/25/1998,4202.5
3371,4/26/1998,4202.6
3372,4/27/1998,4202.5
3373,4/28/1998,4202.4
3374,4/29/1998,4202.4
3375,4/30/1998,4202.4
3376,5/1/1998,4202.4
3377,5/2/1998,4202.4
3378,5/3/1998,4202.4
3379,5/4/1998,4202.4
3380,5/5/1998,4202.4
3381,5/6/1998,4202.4
3382,5/7/1998,4202.5
3383,5/8/1998,4202.5
3384,5/9/1998,4202.5
3385,5/10/1998,4202.5
3386,5/11/1998,4202.5
3387,5/12/1998,4202.5
3388,5/13/1998,4202.4
3389,5/14/1998,4202.5
3390,5/15/1998,4202.6
3391,5/16/1998,4202.6
3392,5/17/1998,4202.7
3393,5/18/1998,4202.7
3394,5/19/1998,4202.6
3395,5/20/1998,4202.5
3396,5/21/1998,4202.6
3397,5/22/1998,4202.6
3398,5/23/1998,4202.6
3399,5/24/1998,4202.7
3400,5/25/1998,4202.7
3401,5/26/1998,4202.6
3402,5/27/1998,4202.7
3403,5/28/1998,4202.7
3404,5/29/1998,4202.7
3405,5/30/1998,4202.8
3406,5/31/1998,4202.7
3407,6/1/1998,4202.7
3408,6/2/1998,4202.7
3409,6/3/1998,4202.8
3410,6/4/1998,4202.8
3411,6/5/1998,4202.8
3412,6/6/1998,4202.8
3413,6/7/1998,4202.9
3414,6/8/1998,4202.8
3415,6/9/1998,4202.8
3416,6/10/1998,4202.9
3417,6/11/1998,4202.9
3418,6/12/1998,4202.9
3419,6/13/1998,4202.9
3420,6/14/1998,4203
3421,6/15/1998,4203
3422,6/16/1998,4203
3423,6/17/1998,4203
3424,6/18/1998,4203
3425,6/19/1998,4203.1
3426,6/20/1998,4203.1
3427,6/21/1998,4203.1
3428,6/22/1998,4203.1
3429,6/23/1998,4203.1
3430,6/24/1998,4203.1
3431,6/25/1998,4203.2
3432,6/26/1998,4203.1
3433,6/27/1998,4203.2
3434,6/28/1998,4203.1
3435,6/29/1998,4203.1
3436,6/30/1998,4203.1
3437,7/1/1998,4203.1
3438,7/2/1998,4203.1
3439,7/3/1998,4203.1
3440,7/4/1998,4203.1
3441,7/5/1998,4203
3442,7/6/1998,4203
3443,7/7/1998,4203.1
3444,7/8/1998,4203
3445,7/9/1998,4203
3446,7/10/1998,4203
3447,7/11/1998,4203
3448,7/12/1998,4203
3449,7/13/1998,4203
3450,7/14/1998,4203
3451,7/15/1998,4202.9
3452,7/16/1998,4202.9
3453,7/17/1998,4202.9
3454,7/18/1998,4202.9
3455,7/19/1998,4202.9
3456,7/20/1998,4202.9
3457,7/21/1998,4202.8
3458,7/22/1998,4202.8
3459,7/23/1998,4202.7
3460,7/24/1998,4202.8
3461,7/25/1998,4202.7
3462,7/26/1998,4202.7
3463,7/27/1998,4202.7
3464,7/28/1998,4202.7
3465,7/29/1998,4202.7
3466,7/30/1998,4202.7
3467,7/31/1998,4202.7
3468,8/1/1998,4202.7
3469,8/2/1998,4202.6
3470,8/3/1998,4202.6
3471,8/4/1998,4202.6
3472,8/5/1998,4202.6
3473,8/6/1998,4202.6
3474,8/7/1998,4202.5
3475,8/8/1998,4202.5
3476,8/9/1998,4202.5
3477,8/10/1998,4202.5
3478,8/11/1998,4202.5
3479,8/12/1998,4202.5
3480,8/13/1998,4202.4
3481,8/14/1998,4202.4
3482,8/15/1998,4202.4
3483,8/16/1998,4202.4
3484,8/17/1998,4202.3
3485,8/18/1998,4202.2
3486,8/19/1998,4202.3
3487,8/20/1998,4202.3
3488,8/21/1998,4202.3
3489,8/22/1998,4202.2
3490,8/23/1998,4202.3
3491,8/24/1998,4202.3
3492,8/25/1998,4202.1
3493,8/26/1998,4202.2
3494,8/27/1998,4202.2
3495,8/28/1998,4202.2
3496,8/29/1998,4202.2
3497,8/30/1998,4202.2
3498,8/31/1998,4202.2
3499,9/1/1998,4202.1
3500,9/2/1998,4202.1
3501,9/3/1998,4202.1
3502,9/4/1998,4202.1
3503,9/5/1998,4202.1
3504,9/6/1998,4202.1
3505,9/7/1998,4202.1
3506,9/8/1998,4202.1
3507,9/9/1998,4202
3508,9/10/1998,4202
3509,9/11/1998,4202
3510,9/12/1998,4202
3511,9/13/1998,4202
3512,9/14/1998,4202
3513,9/15/1998,4202
3514,9/16/1998,4202
3515,9/17/1998,4202
3516,9/18/1998,4202
3517,9/19/1998,4202
3518,9/20/1998,4202
3519,9/21/1998,4201.9
3520,9/22/1998,4201.9
3521,9/23/1998,4201.9
3522,9/24/1998,4201.9
3523,9/25/1998,4201.9
3524,9/26/1998,4202
3525,9/27/1998,4202
3526,9/28/1998,4201.9
3527,9/29/1998,4201.9
3528,9/30/1998,4202
3529,10/1/1998,4201.9
3530,10/2/1998,4201.9
3531,10/3/1998,4202
3532,10/4/1998,4202
3533,10/5/1998,4202
3534,10/6/1998,4202
3535,10/7/1998,4202
3536,10/8/1998,4202
3537,10/9/1998,4202
3538,10/10/1998,4202.1
3539,10/11/1998,4202
3540,10/12/1998,4202
3541,10/13/1998,4202
3542,10/14/1998,4202
3543,10/15/1998,4202.1
3544,10/16/1998,4202.2
3545,10/17/1998,4202
3546,10/18/1998,4202
3547,10/19/1998,4202
3548,10/20/1998,4202
3549,10/21/1998,4202
3550,10/22/1998,4202
3551,10/23/1998,4201.9
3552,10/24/1998,4201.9
3553,10/25/1998,4202
3554,10/26/1998,4202
3555,10/27/1998,4202
3556,10/28/1998,4202
3557,10/29/1998,4202.1
3558,10/30/1998,4202.1
3559,10/31/1998,4202.1
3560,11/1/1998,4202.1
3561,11/2/1998,4202.1
3562,11/3/1998,4202.1
3563,11/4/1998,4202
3564,11/5/1998,4202.1
3565,11/6/1998,4202.1
3566,11/7/1998,4202
3567,11/8/1998,4202.1
3568,11/9/1998,4202.2
3569,11/10/1998,4202.1
3570,11/11/1998,4202.1
3571,11/12/1998,4202.1
3572,11/13/1998,4202.1
3573,11/14/1998,4202.1
3574,11/15/1998,4202.1
3575,11/16/1998,4202.1
3576,11/17/1998,4202.2
3577,11/18/1998,4202.1
3578,11/19/1998,4202.1
3579,11/20/1998,4202.1
3580,11/21/1998,4202.1
3581,11/22/1998,4202.1
3582,11/23/1998,4202.1
3583,11/24/1998,4202.1
3584,11/25/1998,4202.1
3585,11/26/1998,4202.2
3586,11/27/1998,4202.2
3587,11/28/1998,4202.1
3588,11/29/1998,4202.2
3589,11/30/1998,4202.2
3590,12/1/1998,4202.2
3591,12/2/1998,4202.2
3592,12/3/1998,4202.2
3593,12/4/1998,4202.3
3594,12/5/1998,4202.2
3595,12/6/1998,4202.2
3596,12/7/1998,4202.2
3597,12/8/1998,4202.2
3598,12/9/1998,4202.4
3599,12/10/1998,4202.3
3600,12/11/1998,4202.2
3601,12/12/1998,4202.3
3602,12/13/1998,4202.3
3603,12/14/1998,4202.3
3604,12/15/1998,4202.3
3605,12/16/1998,4202.3
3606,12/17/1998,4202.3
3607,12/18/1998,4202.3
3608,12/19/1998,4202.4
3609,12/20/1998,4202.4
3610,12/21/1998,4202.4
3611,12/22/1998,4202.3
3612,12/23/1998,4202.3
3613,12/24/1998,4202.3
3614,12/25/1998,4202.3
3615,12/26/1998,4202.3
3616,12/27/1998,4202.3
3617,12/28/1998,4202.3
3618,12/29/1998,4202.3
3619,12/30/1998,4202.3
3620,12/31/1998,4202.3
3621,1/1/1999,4202.3
3622,1/2/1999,4202.4
3623,1/3/1999,4202.4
3624,1/4/1999,4202.4
3625,1/5/1999,4202.4
3626,1/6/1999,4202.4
3627,1/7/1999,4202.4
3628,1/8/1999,4202.4
3629,1/9/1999,4202.4
3630,1/10/1999,4202.4
3631,1/11/1999,4202.4
3632,1/12/1999,4202.4
3633,1/13/1999,4202.4
3634,1/14/1999,4202.4
3635,1/15/1999,4202.4
3636,1/16/1999,4202.5
3637,1/17/1999,4202.5
3638,1/18/1999,4202.5
3639,1/19/1999,4202.5
3640,1/20/1999,4202.5
3641,1/21/1999,4202.6
3642,1/22/1999,4202.5
3643,1/23/1999,4202.6
3644,1/24/1999,4202.6
3645,1/25/1999,4202.6
3646,1/26/1999,4202.6
3647,1/27/1999,4202.7
3648,1/28/1999,4202.7
3649,1/29/1999,4202.7
3650,1/30/1999,4202.7
3651,1/31/1999,4202.7
3652,2/1/1999,4202.7
3653,2/2/1999,4202.7
3654,2/3/1999,4202.7
3655,2/4/1999,4202.7
3656,2/5/1999,4202.8
3657,2/6/1999,4202.7
3658,2/7/1999,4202.7
3659,2/8/1999,4202.8
3660,2/9/1999,4202.7
3661,2/10/1999,4203
3662,2/11/1999,4202.9
3663,2/12/1999,4202.8
3664,2/13/1999,4202.9
3665,2/14/1999,4202.9
3666,2/15/1999,4202.9
3667,2/16/1999,4202.9
3668,2/17/1999,4202.9
3669,2/18/1999,4202.9
3670,2/19/1999,4203
3671,2/20/1999,4202.9
3672,2/21/1999,4203
3673,2/22/1999,4202.9
3674,2/23/1999,4202.9
3675,2/24/1999,4202.9
3676,2/25/1999,4203
3677,2/26/1999,4203
3678,2/27/1999,4203
3679,2/28/1999,4203
3680,3/1/1999,4203
3681,3/2/1999,4203
3682,3/3/1999,4203.1
3683,3/4/1999,4203.1
3684,3/5/1999,4203
3685,3/6/1999,4203
3686,3/7/1999,4203.1
3687,3/8/1999,4203
3688,3/9/1999,4203.1
3689,3/10/1999,4203
3690,3/11/1999,4203.1
3691,3/12/1999,4203.1
3692,3/13/1999,4203.1
3693,3/14/1999,4203.1
3694,3/15/1999,4203.1
3695,3/16/1999,4203.1
3696,3/17/1999,4203.1
3697,3/18/1999,4203.1
3698,3/19/1999,4203.1
3699,3/20/1999,4203.1
3700,3/21/1999,4203.1
3701,3/22/1999,4203.2
3702,3/23/1999,4203.2
3703,3/24/1999,4203.2
3704,3/25/1999,4203.2
3705,3/26/1999,4203.2
3706,3/27/1999,4203.3
3707,3/28/1999,4203.2
3708,3/29/1999,4203.2
3709,3/30/1999,4203.2
3710,3/31/1999,4203.4
3711,4/1/1999,4203.2
3712,4/2/1999,4203.3
3713,4/3/1999,4203.2
3714,4/4/1999,4203.3
3715,4/5/1999,4203.2
3716,4/6/1999,4203.2
3717,4/7/1999,4203.2
3718,4/8/1999,4203.2
3719,4/9/1999,4203.5
3720,4/10/1999,4203.3
3721,4/11/1999,4203.3
3722,4/12/1999,4203.3
3723,4/13/1999,4203.3
3724,4/14/1999,4203.4
3725,4/15/1999,4203.4
3726,4/16/1999,4203.3
3727,4/17/1999,4203.3
3728,4/18/1999,4203.3
3729,4/19/1999,4203.3
3730,4/20/1999,4203.3
3731,4/21/1999,4203.3
3732,4/22/1999,4203.4
3733,4/23/1999,4203.3
3734,4/24/1999,4203.3
3735,4/25/1999,4203.3
3736,4/26/1999,4203.3
3737,4/27/1999,4203.3
3738,4/28/1999,4203.4
3739,4/29/1999,4203.4
3740,4/30/1999,4203.5
3741,5/1/1999,4203.5
3742,5/2/1999,4203.5
3743,5/3/1999,4203.6
3744,5/4/1999,4203.8
3745,5/5/1999,4203.7
3746,5/6/1999,4203.6
3747,5/7/1999,4203.6
3748,5/8/1999,4203.7
3749,5/9/1999,4203.8
3750,5/10/1999,4203.7
3751,5/11/1999,4203.7
3752,5/12/1999,4203.7
3753,5/13/1999,4203.8
3754,5/14/1999,4203.9
3755,5/15/1999,4203.9
3756,5/16/1999,4203.8
3757,5/17/1999,4203.8
3758,5/18/1999,4203.8
3759,5/19/1999,4203.9
3760,5/20/1999,4203.9
3761,5/21/1999,4203.9
3762,5/22/1999,4203.9
3763,5/23/1999,4203.9
3764,5/24/1999,4203.9
3765,5/25/1999,4203.9
3766,5/26/1999,4203.9
3767,5/27/1999,4203.9
3768,5/28/1999,4203.9
3769,5/29/1999,4203.9
3770,5/30/1999,4204
3771,5/31/1999,4204
3772,6/1/1999,4203.9
3773,6/2/1999,4203.7
3774,6/3/1999,4203.8
3775,6/4/1999,4203.9
3776,6/5/1999,4204
3777,6/6/1999,4204
3778,6/7/1999,4204
3779,6/8/1999,4204.2
3780,6/9/1999,4204.2
3781,6/10/1999,4204.1
3782,6/11/1999,4204.1
3783,6/12/1999,4204.1
3784,6/13/1999,4204.1
3785,6/14/1999,4204.1
3786,6/15/1999,4204.2
3787,6/16/1999,4204.1
3788,6/17/1999,4204.1
3789,6/18/1999,4204.1
3790,6/19/1999,4204.1
3791,6/20/1999,4204.1
3792,6/21/1999,4204.1
3793,6/22/1999,4204.1
3794,6/23/1999,4204.1
3795,6/24/1999,4204.1
3796,6/25/1999,4204.1
3797,6/26/1999,4204.1
3798,6/27/1999,4204.1
3799,6/28/1999,4204.1
3800,6/29/1999,4204
3801,6/30/1999,4204
3802,7/1/1999,4204
3803,7/2/1999,4204
3804,7/3/1999,4203.9
3805,7/4/1999,4203.9
3806,7/5/1999,4204
3807,7/6/1999,4203.9
3808,7/7/1999,4203.8
3809,7/8/1999,4203.9
3810,7/9/1999,4203.8
3811,7/10/1999,4203.8
3812,7/11/1999,4203.8
3813,7/12/1999,4203.8
3814,7/13/1999,4203.7
3815,7/14/1999,4203.7
3816,7/15/1999,4203.7
3817,7/16/1999,4203.6
3818,7/17/1999,4203.7
3819,7/18/1999,4203.6
3820,7/19/1999,4203.6
3821,7/20/1999,4203.6
3822,7/21/1999,4203.6
3823,7/22/1999,4203.6
3824,7/23/1999,4203.6
3825,7/24/1999,4203.5
3826,7/25/1999,4203.6
3827,7/26/1999,4203.5
3828,7/27/1999,4203.4
3829,7/28/1999,4203.4
3830,7/29/1999,4203.4
3831,7/30/1999,4203.3
3832,7/31/1999,4203.4
3833,8/1/1999,4203.4
3834,8/2/1999,4203.3
3835,8/3/1999,4203.3
3836,8/4/1999,4203.3
3837,8/5/1999,4203.3
3838,8/6/1999,4203.2
3839,8/7/1999,4203.2
3840,8/8/1999,4203.2
3841,8/9/1999,4203.2
3842,8/10/1999,4203.2
3843,8/11/1999,4203.2
3844,8/12/1999,4203.1
3845,8/13/1999,4203.1
3846,8/14/1999,4203
3847,8/15/1999,4203.1
3848,8/16/1999,4203.1
3849,8/17/1999,4203.1
3850,8/18/1999,4203.1
3851,8/19/1999,4203
3852,8/20/1999,4203
3853,8/21/1999,4203
3854,8/22/1999,4203
3855,8/23/1999,4203
3856,8/24/1999,4203
3857,8/25/1999,4203
3858,8/26/1999,4203
3859,8/27/1999,4203
3860,8/28/1999,4202.9
3861,8/29/1999,4202.9
3862,8/30/1999,4202.8
3863,8/31/1999,4202.9
3864,9/1/1999,4202.9
3865,9/2/1999,4202.9
3866,9/3/1999,4202.8
3867,9/4/1999,4202.8
3868,9/5/1999,4202.8
3869,9/6/1999,4202.8
3870,9/7/1999,4202.8
3871,9/8/1999,4202.8
3872,9/9/1999,4202.7
3873,9/10/1999,4202.7
3874,9/11/1999,4202.7
3875,9/12/1999,4202.7
3876,9/13/1999,4202.7
3877,9/14/1999,4202.7
3878,9/15/1999,4202.7
3879,9/16/1999,4202.7
3880,9/17/1999,4202.7
3881,9/18/1999,4202.6
3882,9/19/1999,4202.6
3883,9/20/1999,4202.6
3884,9/21/1999,4202.6
3885,9/22/1999,4202.6
3886,9/23/1999,4202.6
3887,9/24/1999,4202.6
3888,9/25/1999,4202.6
3889,9/26/1999,4202.6
3890,9/27/1999,4202.6
3891,9/28/1999,4202.6
3892,9/29/1999,4202.5
3893,9/30/1999,4202.5
3894,10/1/1999,4202.5
3895,10/2/1999,4202.5
3896,10/3/1999,4202.5
3897,10/4/1999,4202.5
3898,10/5/1999,4202.5
3899,10/6/1999,4202.6
3900,10/7/1999,4202.5
3901,10/8/1999,4202.4
3902,10/9/1999,4202.4
3903,10/10/1999,4202.4
3904,10/11/1999,4202.4
3905,10/12/1999,4202.4
3906,10/13/1999,4202.4
3907,10/14/1999,4202.4
3908,10/15/1999,4202.5
3909,10/16/1999,4202.5
3910,10/17/1999,4202.4
3911,10/18/1999,4202.4
3912,10/19/1999,4202.4
3913,10/20/1999,4202.4
3914,10/21/1999,4202.4
3915,10/22/1999,4202.4
3916,10/23/1999,4202.4
3917,10/24/1999,4202.4
3918,10/25/1999,4202.4
3919,10/26/1999,4202.4
3920,10/27/1999,4202.4
3921,10/28/1999,4202.4
3922,10/29/1999,4202.4
3923,10/30/1999,4202.3
3924,10/31/1999,4202.3
3925,11/1/1999,4202.4
3926,11/2/1999,4202.3
3927,11/3/1999,4202.3
3928,11/4/1999,4202.3
3929,11/5/1999,4202.3
3930,11/6/1999,4202.3
3931,11/7/1999,4202.3
3932,11/8/1999,4202.3
3933,11/9/1999,4202.3
3934,11/10/1999,4202.3
3935,11/11/1999,4202.3
3936,11/12/1999,4202.3
3937,11/13/1999,4202.3
3938,11/14/1999,4202.3
3939,11/15/1999,4202.3
3940,11/16/1999,4202.3
3941,11/17/1999,4202.5
3942,11/18/1999,4202.4
3943,11/19/1999,4202.3
3944,11/20/1999,4202.3
3945,11/21/1999,4202.4
3946,11/22/1999,4202.4
3947,11/23/1999,4202.3
3948,11/24/1999,4202.3
3949,11/25/1999,4202.3
3950,11/26/1999,4202.3
3951,11/27/1999,4202.4
3952,11/28/1999,4202.4
3953,11/29/1999,4202.4
3954,11/30/1999,4202.3
3955,12/1/1999,4202.4
3956,12/2/1999,4202.4
3957,12/3/1999,4202.5
3958,12/4/1999,4202.4
3959,12/5/1999,4202.4
3960,12/6/1999,4202.4
3961,12/7/1999,4202.4
3962,12/8/1999,4202.5
3963,12/9/1999,4202.4
3964,12/10/1999,4202.5
3965,12/11/1999,4202.4
3966,12/12/1999,4202.4
3967,12/13/1999,4202.6
3968,12/14/1999,4202.4
3969,12/15/1999,4202.4
3970,12/16/1999,4202.4
3971,12/17/1999,4202.4
3972,12/18/1999,4202.5
3973,12/19/1999,4202.4
3974,12/20/1999,4202.4
3975,12/21/1999,4202.5
3976,12/22/1999,4202.4
3977,12/23/1999,4202.4
3978,12/24/1999,4202.4
3979,12/25/1999,4202.5
3980,12/26/1999,4202.5
3981,12/27/1999,4202.5
3982,12/28/1999,4202.5
3983,12/29/1999,4202.5
3984,12/30/1999,4202.5
3985,12/31/1999,4202.5
3986,1/1/2000,4202.5
3987,1/2/2000,4202.5
3988,1/3/2000,4202.5
3989,1/4/2000,4202.4
3990,1/5/2000,4202.5
3991,1/6/2000,4202.5
3992,1/7/2000,4202.5
3993,1/8/2000,4202.5
3994,1/9/2000,4202.5
3995,1/10/2000,4202.5
3996,1/11/2000,4202.5
3997,1/12/2000,4202.5
3998,1/13/2000,4202.5
3999,1/14/2000,4202.5
4000,1/15/2000,4202.5
4001,1/16/2000,4202.5
4002,1/17/2000,4202.6
4003,1/18/2000,4202.6
4004,1/19/2000,4202.6
4005,1/20/2000,4202.6
4006,1/21/2000,4202.6
4007,1/22/2000,4202.6
4008,1/23/2000,4202.6
4009,1/24/2000,4202.7
4010,1/25/2000,4202.7
4011,1/26/2000,4202.8
4012,1/27/2000,4202.8
4013,1/28/2000,4202.8
4014,1/29/2000,4202.7
4015,1/30/2000,4202.7
4016,1/31/2000,4202.8
4017,2/1/2000,4202.8
4018,2/2/2000,4202.8
4019,2/3/2000,4202.8
4020,2/4/2000,4202.8
4021,2/5/2000,4202.8
4022,2/6/2000,4202.8
4023,2/7/2000,4202.8
4024,2/8/2000,4202.8
4025,2/9/2000,4202.8
4026,2/10/2000,4202.8
4027,2/11/2000,4202.8
4028,2/12/2000,4202.8
4029,2/13/2000,4202.8
4030,2/14/2000,4202.8
4031,2/15/2000,4202.9
4032,2/16/2000,4202.9
4033,2/17/2000,4203
4034,2/18/2000,4203
4035,2/19/2000,4203
4036,2/20/2000,4203
4037,2/21/2000,4203
4038,2/22/2000,4203
4039,2/23/2000,4203
4040,2/24/2000,4203.2
4041,2/25/2000,4203.1
4042,2/26/2000,4203.1
4043,2/27/2000,4203.1
4044,2/28/2000,4203.1
4045,2/29/2000,4203.1
4046,3/1/2000,4203.2
4047,3/2/2000,4203.2
4048,3/3/2000,4203.2
4049,3/4/2000,4203.2
4050,3/5/2000,4203.1
4051,3/6/2000,4203.2
4052,3/7/2000,4203.2
4053,3/8/2000,4203.2
4054,3/9/2000,4203.2
4055,3/10/2000,4203.2
4056,3/11/2000,4203.2
4057,3/12/2000,4203.2
4058,3/13/2000,4203.2
4059,3/14/2000,4203.2
4060,3/15/2000,4203.4
4061,3/16/2000,4203.3
4062,3/17/2000,4203.4
4063,3/18/2000,4203.3
4064,3/19/2000,4203.4
4065,3/20/2000,4203.6
4066,3/21/2000,4203.4
4067,3/22/2000,4203.3
4068,3/23/2000,4203.3
4069,3/24/2000,4203.3
4070,3/25/2000,4203.3
4071,3/26/2000,4203.3
4072,3/27/2000,4203.3
4073,3/28/2000,4203.4
4074,3/29/2000,4203.4
4075,3/30/2000,4203.5
4076,3/31/2000,4203.5
4077,4/1/2000,4203.4
4078,4/2/2000,4203.3
4079,4/3/2000,4203.4
4080,4/4/2000,4203.3
4081,4/5/2000,4203.3
4082,4/6/2000,4203.3
4083,4/7/2000,4203.4
4084,4/8/2000,4203.3
4085,4/9/2000,4203.4
4086,4/10/2000,4203.4
4087,4/11/2000,4203.3
4088,4/12/2000,4203.3
4089,4/13/2000,4203.3
4090,4/14/2000,4203.4
4091,4/15/2000,4203.4
4092,4/16/2000,4203.3
4093,4/17/2000,4203.3
4094,4/18/2000,4203.2
4095,4/19/2000,4203.3
4096,4/20/2000,4203.3
4097,4/21/2000,4203.3
4098,4/22/2000,4203.3
4099,4/23/2000,4203.4
4100,4/24/2000,4203.4
4101,4/25/2000,4203.3
4102,4/26/2000,4203.3
4103,4/27/2000,4203.3
4104,4/28/2000,4203.4
4105,4/29/2000,4203.4
4106,4/30/2000,4203.3
4107,5/1/2000,4203.3
4108,5/2/2000,4203.3
4109,5/3/2000,4203.3
4110,5/4/2000,4203.3
4111,5/5/2000,4203.4
4112,5/6/2000,4203.3
4113,5/7/2000,4203.3
4114,5/8/2000,4203.2
4115,5/9/2000,4203.2
4116,5/10/2000,4203.3
4117,5/11/2000,4203.3
4118,5/12/2000,4203.2
4119,5/13/2000,4203.2
4120,5/14/2000,4203.2
4121,5/15/2000,4203.1
4122,5/16/2000,4203
4123,5/17/2000,4203.1
4124,5/18/2000,4203.1
4125,5/19/2000,4203.1
4126,5/20/2000,4203.1
4127,5/21/2000,4203.1
4128,5/22/2000,4203.1
4129,5/23/2000,4203.1
4130,5/24/2000,4203.1
4131,5/25/2000,4203.1
4132,5/26/2000,4203.1
4133,5/27/2000,4203.1
4134,5/28/2000,4203.1
4135,5/29/2000,4203.1
4136,5/30/2000,4203.1
4137,5/31/2000,4203.2
4138,6/1/2000,4203.1
4139,6/2/2000,4203
4140,6/3/2000,4203
4141,6/4/2000,4203
4142,6/5/2000,4203
4143,6/6/2000,4203
4144,6/7/2000,4202.9
4145,6/8/2000,4202.7
4146,6/9/2000,4202.9
4147,6/10/2000,4202.8
4148,6/11/2000,4202.9
4149,6/12/2000,4202.9
4150,6/13/2000,4202.8
4151,6/14/2000,4202.8
4152,6/15/2000,4202.9
4153,6/16/2000,4202.9
4154,6/17/2000,4202.7
4155,6/18/2000,4202.6
4156,6/19/2000,4202.7
4157,6/20/2000,4202.7
4158,6/21/2000,4202.6
4159,6/22/2000,4202.6
4160,6/23/2000,4202.6
4161,6/24/2000,4202.6
4162,6/25/2000,4202.5
4163,6/26/2000,4202.5
4164,6/27/2000,4202.5
4165,6/28/2000,4202.5
4166,6/29/2000,4202.5
4167,6/30/2000,4202.4
4168,7/1/2000,4202.4
4169,7/2/2000,4202.4
4170,7/3/2000,4202.3
4171,7/4/2000,4202.4
4172,7/5/2000,4202.3
4173,7/6/2000,4202.3
4174,7/7/2000,4202.3
4175,7/8/2000,4202.2
4176,7/9/2000,4202.2
4177,7/10/2000,4202.2
4178,7/11/2000,4202.2
4179,7/12/2000,4202.2
4180,7/13/2000,4202.2
4181,7/14/2000,4202.2
4182,7/15/2000,4202.2
4183,7/16/2000,4202.1
4184,7/17/2000,4202.2
4185,7/18/2000,4202.2
4186,7/19/2000,4202.1
4187,7/20/2000,4202.1
4188,7/21/2000,4202.1
4189,7/22/2000,4202
4190,7/23/2000,4202
4191,7/24/2000,4202
4192,7/25/2000,4202
4193,7/26/2000,4201.9
4194,7/27/2000,4202
4195,7/28/2000,4201.9
4196,7/29/2000,4201.9
4197,7/30/2000,4201.9
4198,7/31/2000,4201.9
4199,8/1/2000,4201.9
4200,8/2/2000,4201.9
4201,8/3/2000,4201.8
4202,8/4/2000,4201.8
4203,8/5/2000,4201.8
4204,8/6/2000,4201.8
4205,8/7/2000,4201.8
4206,8/8/2000,4201.7
4207,8/9/2000,4201.7
4208,8/10/2000,4201.7
4209,8/11/2000,4201.7
4210,8/12/2000,4201.7
4211,8/13/2000,4201.6
4212,8/14/2000,4201.6
4213,8/15/2000,4201.5
4214,8/16/2000,4201.5
4215,8/17/2000,4201.5
4216,8/18/2000,4201.4
4217,8/19/2000,4201.4
4218,8/20/2000,4201.5
4219,8/21/2000,4201.5
4220,8/22/2000,4201.4
4221,8/23/2000,4201.4
4222,8/24/2000,4201.4
4223,8/25/2000,4201.4
4224,8/26/2000,4201.3
4225,8/27/2000,4201.3
4226,8/28/2000,4201.3
4227,8/29/2000,4201.3
4228,8/30/2000,4201.3
4229,8/31/2000,4201.4
4230,9/1/2000,4201.4
4231,9/2/2000,4201.3
4232,9/3/2000,4201.4
4233,9/4/2000,4201.3
4234,9/5/2000,4201.4
4235,9/6/2000,4201.4
4236,9/7/2000,4201.3
4237,9/8/2000,4201.3
4238,9/9/2000,4201.3
4239,9/10/2000,4201.3
4240,9/11/2000,4201.3
4241,9/12/2000,4201.3
4242,9/13/2000,4201.3
4243,9/14/2000,4201.3
4244,9/15/2000,4201.2
4245,9/16/2000,4201.2
4246,9/17/2000,4201.3
4247,9/18/2000,4201.2
4248,9/19/2000,4201.3
4249,9/20/2000,4201.3
4250,9/21/2000,4201.2
4251,9/22/2000,4201.2
4252,9/23/2000,4201.3
4253,9/24/2000,4201.2
4254,9/25/2000,4201.2
4255,9/26/2000,4201.2
4256,9/27/2000,4201.1
4257,9/28/2000,4201.1
4258,9/29/2000,4201.1
4259,9/30/2000,4201.1
4260,10/1/2000,4201.1
4261,10/2/2000,4201.1
4262,10/3/2000,4201.2
4263,10/4/2000,4201.1
4264,10/5/2000,4201.1
4265,10/6/2000,4201.1
4266,10/7/2000,4201.1
4267,10/8/2000,4201.1
4268,10/9/2000,4201
4269,10/10/2000,4200.9
4270,10/11/2000,4200.9
4271,10/12/2000,4201
4272,10/13/2000,4201
4273,10/14/2000,4201
4274,10/15/2000,4201
4275,10/16/2000,4201
4276,10/17/2000,4201
4277,10/18/2000,4201
4278,10/19/2000,4201
4279,10/20/2000,4201
4280,10/21/2000,4201.1
4281,10/22/2000,4201.2
4282,10/23/2000,4201
4283,10/24/2000,4201
4284,10/25/2000,4201
4285,10/26/2000,4200.9
4286,10/27/2000,4201
4287,10/28/2000,4201
4288,10/29/2000,4201
4289,10/30/2000,4201.1
4290,10/31/2000,4201.3
4291,11/1/2000,4201.2
4292,11/2/2000,4201.1
4293,11/3/2000,4201.1
4294,11/4/2000,4201.1
4295,11/5/2000,4201.2
4296,11/6/2000,4201.1
4297,11/7/2000,4201.1
4298,11/8/2000,4201
4299,11/9/2000,4201.1
4300,11/10/2000,4201.1
4301,11/11/2000,4201.1
4302,11/12/2000,4201.1
4303,11/13/2000,4201
4304,11/14/2000,4201.1
4305,11/15/2000,4201.1
4306,11/16/2000,4201.1
4307,11/17/2000,4201.1
4308,11/18/2000,4201
4309,11/19/2000,4201.1
4310,11/20/2000,4201.1
4311,11/21/2000,4201.1
4312,11/22/2000,4201.1
4313,11/23/2000,4201.1
4314,11/24/2000,4201
4315,11/25/2000,4201
4316,11/26/2000,4201
4317,11/27/2000,4201
4318,11/28/2000,4201.1
4319,11/29/2000,4201.1
4320,11/30/2000,4201.1
4321,12/1/2000,4201.1
4322,12/2/2000,4201.1
4323,12/3/2000,4201.1
4324,12/4/2000,4201.1
4325,12/5/2000,4201.1
4326,12/6/2000,4201.1
4327,12/7/2000,4201.1
4328,12/8/2000,4201.1
4329,12/9/2000,4201.1
4330,12/10/2000,4201.2
4331,12/11/2000,4201.1
4332,12/12/2000,4201.1
4333,12/13/2000,4201.1
4334,12/14/2000,4201.1
4335,12/15/2000,4201.2
4336,12/16/2000,4201.1
4337,12/17/2000,4201.3
4338,12/18/2000,4201.1
4339,12/19/2000,4201.1
4340,12/20/2000,4201.1
4341,12/21/2000,4201.1
4342,12/22/2000,4201.1
4343,12/23/2000,4201.1
4344,12/24/2000,4201.2
4345,12/25/2000,4201.2
4346,12/26/2000,4201.2
4347,12/27/2000,4201.2
4348,12/28/2000,4201.2
4349,12/29/2000,4201.2
4350,12/30/2000,4201.2
4351,12/31/2000,4201.2
4352,1/1/2001,4201.2
4353,1/2/2001,4201.2
4354,1/3/2001,4201.2
4355,1/4/2001,4201.2
4356,1/5/2001,4201.2
4357,1/6/2001,4201.2
4358,1/7/2001,4201.2
4359,1/8/2001,4201.2
4360,1/9/2001,4201.2
4361,1/10/2001,4201.2
4362,1/11/2001,4201.1
4363,1/12/2001,4201.2
4364,1/13/2001,4201.2
4365,1/14/2001,4201.2
4366,1/15/2001,4201.3
4367,1/16/2001,4201.3
4368,1/17/2001,4201.3
4369,1/18/2001,4201.2
4370,1/19/2001,4201.2
4371,1/20/2001,4201.2
4372,1/21/2001,4201.2
4373,1/22/2001,4201.2
4374,1/23/2001,4201.2
4375,1/24/2001,4201.2
4376,1/25/2001,4201.2
4377,1/26/2001,4201.2
4378,1/27/2001,4201.3
4379,1/28/2001,4201.3
4380,1/29/2001,4201.2
4381,1/30/2001,4201.3
4382,1/31/2001,4201.2
4383,2/1/2001,4201.2
4384,2/2/2001,4201.2
4385,2/3/2001,4201.2
4386,2/4/2001,4201.2
4387,2/5/2001,4201.2
4388,2/6/2001,4201.3
4389,2/7/2001,4201.4
4390,2/8/2001,4201.4
4391,2/9/2001,4201.3
4392,2/10/2001,4201.3
4393,2/11/2001,4201.3
4394,2/12/2001,4201.3
4395,2/13/2001,4201.3
4396,2/14/2001,4201.4
4397,2/15/2001,4201.3
4398,2/16/2001,4201.3
4399,2/17/2001,4201.3
4400,2/18/2001,4201.3
4401,2/19/2001,4201.3
4402,2/20/2001,4201.3
4403,2/21/2001,4201.3
4404,2/22/2001,4201.3
4405,2/23/2001,4201.4
4406,2/24/2001,4201.4
4407,2/25/2001,4201.4
4408,2/26/2001,4201.4
4409,2/27/2001,4201.4
4410,2/28/2001,4201.4
4411,3/1/2001,4201.4
4412,3/2/2001,4201.4
4413,3/3/2001,4201.4
4414,3/4/2001,4201.4
4415,3/5/2001,4201.4
4416,3/6/2001,4201.4
4417,3/7/2001,4201.4
4418,3/8/2001,4201.4
4419,3/9/2001,4201.5
4420,3/10/2001,4201.5
4421,3/11/2001,4201.6
4422,3/12/2001,4201.5
4423,3/13/2001,4201.4
4424,3/14/2001,4201.6
4425,3/15/2001,4201.4
4426,3/16/2001,4201.5
4427,3/17/2001,4201.5
4428,3/18/2001,4201.4
4429,3/19/2001,4201.4
4430,3/20/2001,4201.5
4431,3/21/2001,4201.5
4432,3/22/2001,4201.5
4433,3/23/2001,4201.5
4434,3/24/2001,4201.5
4435,3/25/2001,4201.5
4436,3/26/2001,4201.5
4437,3/27/2001,4201.5
4438,3/28/2001,4201.5
4439,3/29/2001,4201.5
4440,3/30/2001,4201.5
4441,3/31/2001,4201.5
4442,4/1/2001,4201.5
4443,4/2/2001,4201.5
4444,4/3/2001,4201.5
4445,4/4/2001,4201.5
4446,4/5/2001,4201.5
4447,4/6/2001,4201.4
4448,4/7/2001,4201.3
4449,4/8/2001,4201.5
4450,4/9/2001,4201.6
4451,4/10/2001,4201.7
4452,4/11/2001,4201.5
4453,4/12/2001,4201.6
4454,4/13/2001,4201.5
4455,4/14/2001,4201.5
4456,4/15/2001,4201.5
4457,4/16/2001,4201.5
4458,4/17/2001,4201.5
4459,4/18/2001,4201.4
4460,4/19/2001,4201.5
4461,4/20/2001,4201.5
4462,4/21/2001,4201.5
4463,4/22/2001,4201.7
4464,4/23/2001,4201.5
4465,4/24/2001,4201.5
4466,4/25/2001,4201.5
4467,4/26/2001,4201.5
4468,4/27/2001,4201.4
4469,4/28/2001,4201.4
4470,4/29/2001,4201.5
4471,4/30/2001,4201.4
4472,5/1/2001,4201.6
4473,5/2/2001,4201.6
4474,5/3/2001,4201.6
4475,5/4/2001,4201.4
4476,5/5/2001,4201.4
4477,5/6/2001,4201.4
4478,5/7/2001,4201.4
4479,5/8/2001,4201.3
4480,5/9/2001,4201.4
4481,5/10/2001,4201.3
4482,5/11/2001,4201.3
4483,5/12/2001,4201.3
4484,5/13/2001,4201.2
4485,5/14/2001,4201.3
4486,5/15/2001,4201.3
4487,5/16/2001,4201.3
4488,5/17/2001,4201.3
4489,5/18/2001,4201.3
4490,5/19/2001,4201.3
4491,5/20/2001,4201.5
4492,5/21/2001,4201.3
4493,5/22/2001,4201.2
4494,5/23/2001,4201.2
4495,5/24/2001,4201.2
4496,5/25/2001,4201.2
4497,5/26/2001,4201.2
4498,5/27/2001,4201.2
4499,5/28/2001,4201.2
4500,5/29/2001,4201.2
4501,5/30/2001,4201.2
4502,5/31/2001,4201.1
4503,6/1/2001,4201.1
4504,6/2/2001,4201.1
4505,6/3/2001,4201.2
4506,6/4/2001,4201.1
4507,6/5/2001,4201
4508,6/6/2001,4201.1
4509,6/7/2001,4201
4510,6/8/2001,4201
4511,6/9/2001,4201
4512,6/10/2001,4200.9
4513,6/11/2001,4201
4514,6/12/2001,4201.1
4515,6/13/2001,4201
4516,6/14/2001,4201
4517,6/15/2001,4200.9
4518,6/16/2001,4200.9
4519,6/17/2001,4200.9
4520,6/18/2001,4201
4521,6/19/2001,4200.9
4522,6/20/2001,4200.9
4523,6/21/2001,4200.9
4524,6/22/2001,4200.8
4525,6/23/2001,4200.8
4526,6/24/2001,4200.7
4527,6/25/2001,4200.8
4528,6/26/2001,4200.7
4529,6/27/2001,4200.7
4530,6/28/2001,4200.7
4531,6/29/2001,4200.7
4532,6/30/2001,4200.7
4533,7/1/2001,4200.7
4534,7/2/2001,4200.7
4535,7/3/2001,4200.6
4536,7/4/2001,4200.6
4537,7/5/2001,4200.6
4538,7/6/2001,4200.6
4539,7/7/2001,4200.6
4540,7/8/2001,4200.6
4541,7/9/2001,4200.6
4542,7/10/2001,4200.5
4543,7/11/2001,4200.5
4544,7/12/2001,4200.5
4545,7/13/2001,4200.5
4546,7/14/2001,4200.4
4547,7/15/2001,4200.4
4548,7/16/2001,4200.3
4549,7/17/2001,4200.3
4550,7/18/2001,4200.4
4551,7/19/2001,4200.3
4552,7/20/2001,4200.2
4553,7/21/2001,4200.2
4554,7/22/2001,4200.3
4555,7/23/2001,4200.3
4556,7/24/2001,4200.2
4557,7/25/2001,4200.2
4558,7/26/2001,4200.2
4559,7/27/2001,4200.2
4560,7/28/2001,4200.2
4561,7/29/2001,4200.2
4562,7/30/2001,4200.2
4563,7/31/2001,4200.1
4564,8/1/2001,4200.1
4565,8/2/2001,4200
4566,8/3/2001,4200
4567,8/4/2001,4200
4568,8/5/2001,4200
4569,8/6/2001,4200
4570,8/7/2001,4200
4571,8/8/2001,4200
4572,8/9/2001,4200
4573,8/10/2001,4199.9
4574,8/11/2001,4199.9
4575,8/12/2001,4199.9
4576,8/13/2001,4199.9
4577,8/14/2001,4199.8
4578,8/15/2001,4199.9
4579,8/16/2001,4199.8
4580,8/17/2001,4199.8
4581,8/18/2001,4199.8
4582,8/19/2001,4199.8
4583,8/20/2001,4199.7
4584,8/21/2001,4199.5
4585,8/22/2001,4199.6
4586,8/23/2001,4199.7
4587,8/24/2001,4199.7
4588,8/25/2001,4199.7
4589,8/26/2001,4199.6
4590,8/27/2001,4199.6
4591,8/28/2001,4199.6
4592,8/29/2001,4199.6
4593,8/30/2001,4199.6
4594,8/31/2001,4199.6
4595,9/1/2001,4199.5
4596,9/2/2001,4199.5
4597,9/3/2001,4199.5
4598,9/4/2001,4199.5
4599,9/5/2001,4199.4
4600,9/6/2001,4199.6
4601,9/7/2001,4199.5
4602,9/8/2001,4199.5
4603,9/9/2001,4199.4
4604,9/10/2001,4199.4
4605,9/11/2001,4199.4
4606,9/12/2001,4199.4
4607,9/13/2001,4199.4
4608,9/14/2001,4199.4
4609,9/15/2001,4199.3
4610,9/16/2001,4199.4
4611,9/17/2001,4199.3
4612,9/18/2001,4199.3
4613,9/19/2001,4199.3
4614,9/20/2001,4199.3
4615,9/21/2001,4199.2
4616,9/22/2001,4199.2
4617,9/23/2001,4199.2
4618,9/24/2001,4199.2
4619,9/25/2001,4199.2
4620,9/26/2001,4199.2
4621,9/27/2001,4199.2
4622,9/28/2001,4199.1
4623,9/29/2001,4199.2
4624,9/30/2001,4199.2
4625,10/1/2001,4199.11
4626,10/2/2001,4199.1
4627,10/3/2001,4199.1
4628,10/4/2001,4199.11
4629,10/5/2001,4199.12
4630,10/6/2001,4199.04
4631,10/7/2001,4199
4632,10/8/2001,4199.03
4633,10/9/2001,4199.14
4634,10/10/2001,4198.98
4635,10/11/2001,4199.11
4636,10/12/2001,4198.96
4637,10/13/2001,4198.97
4638,10/14/2001,4198.92
4639,10/15/2001,4198.93
4640,10/16/2001,4198.9
4641,10/17/2001,4198.91
4642,10/18/2001,4198.91
4643,10/19/2001,4198.86
4644,10/20/2001,4198.87
4645,10/21/2001,4198.85
4646,10/22/2001,4198.85
4647,10/23/2001,4199.11
4648,10/24/2001,4198.86
4649,10/25/2001,4198.8
4650,10/26/2001,4198.8
4651,10/27/2001,4198.8
4652,10/28/2001,4198.8
4653,10/29/2001,4198.8
4654,10/30/2001,4198.76
4655,10/31/2001,4198.83
4656,11/1/2001,4198.81
4657,11/2/2001,4198.8
4658,11/3/2001,4198.8
4659,11/4/2001,4198.8
4660,11/5/2001,4198.8
4661,11/6/2001,4198.8
4662,11/7/2001,4198.88
4663,11/8/2001,4198.84
4664,11/9/2001,4198.8
4665,11/10/2001,4198.8
4666,11/11/2001,4198.8
4667,11/12/2001,4198.8
4668,11/13/2001,4198.83
4669,11/14/2001,4198.8
4670,11/15/2001,4198.8
4671,11/16/2001,4198.8
4672,11/17/2001,4198.83
4673,11/18/2001,4198.83
4674,11/19/2001,4198.8
4675,11/20/2001,4198.81
4676,11/21/2001,4198.81
4677,11/22/2001,4198.86
4678,11/23/2001,4198.96
4679,11/24/2001,4198.76
4680,11/25/2001,4199.06
4681,11/26/2001,4198.98
4682,11/27/2001,4198.99
4683,11/28/2001,4198.89
4684,11/29/2001,4198.91
4685,11/30/2001,4198.95
4686,12/1/2001,4198.93
4687,12/2/2001,4198.86
4688,12/3/2001,4198.96
4689,12/4/2001,4199.04
4690,12/5/2001,4198.87
4691,12/6/2001,4199.03
4692,12/7/2001,4199.12
4693,12/8/2001,4199.05
4694,12/9/2001,4199.09
4695,12/10/2001,4199.13
4696,12/11/2001,4199.1
4697,12/12/2001,4199.09
4698,12/13/2001,4199.03
4699,12/14/2001,4199.12
4700,12/15/2001,4199.19
4701,12/16/2001,4199.11
4702,12/17/2001,4199.13
4703,12/18/2001,4199.13
4704,12/19/2001,4199.13
4705,12/20/2001,4199.16
4706,12/21/2001,4199.16
4707,12/22/2001,4199.13
4708,12/23/2001,4199.16
4709,12/24/2001,4199.17
4710,12/25/2001,4199.12
4711,12/26/2001,4199.14
4712,12/27/2001,4199.15
4713,12/28/2001,4199.14
4714,12/29/2001,4199.14
4715,12/30/2001,4199.16
4716,12/31/2001,4199.16
4717,1/1/2002,4199.18
4718,1/2/2002,4199.17
4719,1/3/2002,4199.18
4720,1/4/2002,4199.18
4721,1/5/2002,4199.18
4722,1/6/2002,4199.18
4723,1/7/2002,4199.19
4724,1/8/2002,4199.19
4725,1/9/2002,4199.2
4726,1/10/2002,4199.2
4727,1/11/2002,4199.2
4728,1/12/2002,4199.19
4729,1/13/2002,4199.22
4730,1/14/2002,4199.2
4731,1/15/2002,4199.23
4732,1/16/2002,4199.22
4733,1/17/2002,4199.2
4734,1/18/2002,4199.25
4735,1/19/2002,4199.19
4736,1/20/2002,4199.2
4737,1/21/2002,4199.16
4738,1/22/2002,4199.29
4739,1/23/2002,4199.21
4740,1/24/2002,4199.2
4741,1/25/2002,4199.23
4742,1/26/2002,4199.21
4743,1/27/2002,4199.22
4744,1/28/2002,4199.35
4745,1/29/2002,4199.32
4746,1/30/2002,4199.31
4747,1/31/2002,4199.29
4748,2/1/2002,4199.28
4749,2/2/2002,4199.29
4750,2/3/2002,4199.29
4751,2/4/2002,4199.29
4752,2/5/2002,4199.29
4753,2/6/2002,4199.28
4754,2/7/2002,4199.28
4755,2/8/2002,4199.38
4756,2/9/2002,4199.3
4757,2/10/2002,4199.29
4758,2/11/2002,4199.29
4759,2/12/2002,4199.3
4760,2/13/2002,4199.3
4761,2/14/2002,4199.31
4762,2/15/2002,4199.3
4763,2/16/2002,4199.3
4764,2/17/2002,4199.3
4765,2/18/2002,4199.31
4766,2/19/2002,4199.3
4767,2/20/2002,4199.32
4768,2/21/2002,4199.34
4769,2/22/2002,4199.35
4770,2/23/2002,4199.38
4771,2/24/2002,4199.44
4772,2/25/2002,4199.49
4773,2/26/2002,4199.38
4774,2/27/2002,4199.38
4775,2/28/2002,4199.5
4776,3/1/2002,4199.53
4777,3/2/2002,4199.42
4778,3/3/2002,4199.4
4779,3/4/2002,4199.4
4780,3/5/2002,4199.4
4781,3/6/2002,4199.36
4782,3/7/2002,4199.35
4783,3/8/2002,4199.66
4784,3/9/2002,4199.4
4785,3/10/2002,4199.4
4786,3/11/2002,4199.4
4787,3/12/2002,4199.38
4788,3/13/2002,4199.46
4789,3/14/2002,4199.56
4790,3/15/2002,4199.47
4791,3/16/2002,4199.44
4792,3/17/2002,4199.51
4793,3/18/2002,4199.53
4794,3/19/2002,4199.43
4795,3/20/2002,4199.46
4796,3/21/2002,4199.5
4797,3/22/2002,4199.5
4798,3/23/2002,4199.48
4799,3/24/2002,4199.54
4800,3/25/2002,4199.54
4801,3/26/2002,4199.54
4802,3/27/2002,4199.55
4803,3/28/2002,4199.56
4804,3/29/2002,4199.58
4805,3/30/2002,4199.57
4806,3/31/2002,4199.56
4807,4/1/2002,4199.56
4808,4/2/2002,4199.6
4809,4/3/2002,4199.58
4810,4/4/2002,4199.59
4811,4/5/2002,4199.58
4812,4/6/2002,4199.58
4813,4/7/2002,4199.58
4814,4/8/2002,4199.55
4815,4/9/2002,4199.52
4816,4/10/2002,4199.59
4817,4/11/2002,4199.53
4818,4/12/2002,4199.55
4819,4/13/2002,4199.51
4820,4/14/2002,4199.57
4821,4/15/2002,4199.75
4822,4/16/2002,4199.57
4823,4/17/2002,4199.57
4824,4/18/2002,4199.61
4825,4/19/2002,4199.64
4826,4/20/2002,4199.67
4827,4/21/2002,4199.6
4828,4/22/2002,4199.6
4829,4/23/2002,4199.67
4830,4/24/2002,4199.65
4831,4/25/2002,4199.6
4832,4/26/2002,4199.68
4833,4/27/2002,4199.67
4834,4/28/2002,4199.71
4835,4/29/2002,4199.73
4836,4/30/2002,4199.74
4837,5/1/2002,4199.77
4838,5/2/2002,4199.71
4839,5/3/2002,4199.68
4840,5/4/2002,4199.73
4841,5/5/2002,4199.71
4842,5/6/2002,4199.7
4843,5/7/2002,4199.89
4844,5/8/2002,4199.74
4845,5/9/2002,4199.66
4846,5/10/2002,4199.7
4847,5/11/2002,4199.69
4848,5/12/2002,4199.66
4849,5/13/2002,4199.65
4850,5/14/2002,4199.68
4851,5/15/2002,4199.66
4852,5/16/2002,4199.64
4853,5/17/2002,4199.61
4854,5/18/2002,4199.59
4855,5/19/2002,4199.54
4856,5/20/2002,4199.51
4857,5/21/2002,4199.41
4858,5/22/2002,4199.53
4859,5/23/2002,4199.52
4860,5/24/2002,4199.49
4861,5/25/2002,4199.48
4862,5/26/2002,4199.52
4863,5/27/2002,4199.52
4864,5/28/2002,4199.5
4865,5/29/2002,4199.5
4866,5/30/2002,4199.49
4867,5/31/2002,4199.48
4868,6/1/2002,4199.46
4869,6/2/2002,4199.51
4870,6/3/2002,4199.49
4871,6/4/2002,4199.44
4872,6/5/2002,4199.4
4873,6/6/2002,4199.4
4874,6/7/2002,4199.44
4875,6/8/2002,4199.62
4876,6/9/2002,4199.5
4877,6/10/2002,4199.35
4878,6/11/2002,4199.34
4879,6/12/2002,4199.31
4880,6/13/2002,4199.3
4881,6/14/2002,4199.3
4882,6/15/2002,4199.29
4883,6/16/2002,4199.28
4884,6/17/2002,4199.27
4885,6/18/2002,4199.3
4886,6/19/2002,4199.38
4887,6/20/2002,4199.22
4888,6/21/2002,4199.17
4889,6/22/2002,4199.18
4890,6/23/2002,4199.15
4891,6/24/2002,4199.12
4892,6/25/2002,4199.11
4893,6/26/2002,4199.1
4894,6/27/2002,4199.08
4895,6/28/2002,4199.07
4896,6/29/2002,4199.01
4897,6/30/2002,4199.01
4898,7/1/2002,4199.04
4899,7/2/2002,4199.03
4900,7/3/2002,4198.92
4901,7/4/2002,4198.9
4902,7/5/2002,4198.94
4903,7/6/2002,4198.89
4904,7/7/2002,4198.89
4905,7/8/2002,4198.86
4906,7/9/2002,4198.91
4907,7/10/2002,4198.81
4908,7/11/2002,4198.8
4909,7/12/2002,4198.8
4910,7/13/2002,4198.8
4911,7/14/2002,4198.77
4912,7/15/2002,4198.72
4913,7/16/2002,4198.74
4914,7/17/2002,4198.67
4915,7/18/2002,4198.63
4916,7/19/2002,4198.55
4917,7/20/2002,4198.6
4918,7/21/2002,4198.6
4919,7/22/2002,4198.54
4920,7/23/2002,4198.44
4921,7/24/2002,4198.46
4922,7/25/2002,4198.41
4923,7/26/2002,4198.4
4924,7/27/2002,4198.44
4925,7/28/2002,4198.43
4926,7/29/2002,4198.39
4927,7/30/2002,4198.37
4928,7/31/2002,4198.41
4929,8/1/2002,4198.38
4930,8/2/2002,4198.28
4931,8/3/2002,4198.21
4932,8/4/2002,4198.06
4933,8/5/2002,4198.05
4934,8/6/2002,4198.02
4935,8/7/2002,4198.1
4936,8/8/2002,4198.13
4937,8/9/2002,4198.09
4938,8/10/2002,4198.05
4939,8/11/2002,4198.02
4940,8/12/2002,4198.05
4941,8/13/2002,4198.01
4942,8/14/2002,4198
4943,8/15/2002,4197.99
4944,8/16/2002,4197.97
4945,8/17/2002,4197.96
4946,8/18/2002,4197.94
4947,8/19/2002,4197.93
4948,8/20/2002,4197.86
4949,8/21/2002,4197.91
4950,8/22/2002,4197.88
4951,8/23/2002,4197.87
4952,8/24/2002,4197.84
4953,8/25/2002,4197.8
4954,8/26/2002,4197.82
4955,8/27/2002,4197.82
4956,8/28/2002,4197.76
4957,8/29/2002,4197.73
4958,8/30/2002,4197.71
4959,8/31/2002,4197.7
4960,9/1/2002,4197.7
4961,9/2/2002,4197.7
4962,9/3/2002,4197.66
4963,9/4/2002,4197.6
4964,9/5/2002,4197.57
4965,9/6/2002,4197.5
4966,9/7/2002,4197.59
4967,9/8/2002,4197.62
4968,9/9/2002,4197.6
4969,9/10/2002,4197.6
4970,9/11/2002,4197.58
4971,9/12/2002,4197.59
4972,9/13/2002,4197.59
4973,9/14/2002,4197.6
4974,9/15/2002,4197.58
4975,9/16/2002,4197.62
4976,9/17/2002,4197.68
4977,9/18/2002,4197.66
4978,9/19/2002,4197.57
4979,9/20/2002,4197.5
4980,9/21/2002,4197.58
4981,9/22/2002,4197.59
4982,9/23/2002,4197.55
4983,9/24/2002,4197.56
4984,9/25/2002,4197.5
4985,9/26/2002,4197.58
4986,9/27/2002,4197.5
4987,9/28/2002,4197.5
4988,9/29/2002,4197.5
4989,9/30/2002,4197.5
4990,10/1/2002,4197.5
4991,10/2/2002,4197.5
4992,10/3/2002,4197.6
4993,10/4/2002,4197.6
4994,10/5/2002,4197.6
4995,10/6/2002,4197.7
4996,10/7/2002,4197.7
4997,10/8/2002,4197.38
4998,10/9/2002,4197.36
4999,10/10/2002,4197.33
5000,10/11/2002,4197.39
5001,10/12/2002,4197.34
5002,10/13/2002,4197.3
5003,10/14/2002,4197.3
5004,10/15/2002,4197.29
5005,10/16/2002,4197.28
5006,10/17/2002,4197.3
5007,10/18/2002,4197.3
5008,10/19/2002,4197.4
5009,10/20/2002,4197.4
5010,10/21/2002,4197.4
5011,10/22/2002,4197.4
5012,10/23/2002,4197.34
5013,10/24/2002,4197.33
5014,10/25/2002,4197.34
5015,10/26/2002,4197.34
5016,10/27/2002,4197.3
5017,10/28/2002,4197.3
5018,10/29/2002,4197.3
5019,10/30/2002,4197.33
5020,10/31/2002,4197.39
5021,11/1/2002,4197.31
5022,11/2/2002,4197.3
5023,11/3/2002,4197.2
5024,11/4/2002,4197.2
5025,11/5/2002,4197.22
5026,11/6/2002,4197.24
5027,11/7/2002,4197.2
5028,11/8/2002,4197.28
5029,11/9/2002,4197.34
5030,11/10/2002,4197.3
5031,11/11/2002,4197.3
5032,11/12/2002,4197.29
5033,11/13/2002,4197.31
5034,11/14/2002,4197.36
5035,11/15/2002,4197.35
5036,11/16/2002,4197.32
5037,11/17/2002,4197.34
5038,11/18/2002,4197.34
5039,11/19/2002,4197.32
5040,11/20/2002,4197.31
5041,11/21/2002,4197.32
5042,11/22/2002,4197.34
5043,11/23/2002,4197.34
5044,11/24/2002,4197.37
5045,11/25/2002,4197.53
5046,11/26/2002,4197.38
5047,11/27/2002,4197.34
5048,11/28/2002,4197.33
5049,11/29/2002,4197.23
5050,11/30/2002,4197.22
5051,12/1/2002,4197.24
5052,12/2/2002,4197.24
5053,12/3/2002,4197.23
5054,12/4/2002,4197.24
5055,12/5/2002,4197.26
5056,12/6/2002,4197.27
5057,12/7/2002,4197.29
5058,12/8/2002,4197.26
5059,12/9/2002,4197.25
5060,12/10/2002,4197.26
5061,12/11/2002,4197.24
5062,12/12/2002,4197.23
5063,12/13/2002,4197.24
5064,12/14/2002,4197.26
5065,12/15/2002,4197.3
5066,12/16/2002,4197.3
5067,12/17/2002,4197.3
5068,12/18/2002,4197.3
5069,12/19/2002,4197.26
5070,12/20/2002,4197.28
5071,12/21/2002,4197.28
5072,12/22/2002,4197.34
5073,12/23/2002,4197.4
5074,12/24/2002,4197.33
5075,12/25/2002,4197.31
5076,12/26/2002,4197.29
5077,12/27/2002,4197.33
5078,12/28/2002,4197.31
5079,12/29/2002,4197.28
5080,12/30/2002,4197.3
5081,12/31/2002,4197.33
5082,1/1/2003,4197.37
5083,1/2/2003,4197.35
5084,1/3/2003,4197.44
5085,1/4/2003,4197.42
5086,1/5/2003,4197.51
5087,1/6/2003,4197.51
5088,1/7/2003,4197.48
5089,1/8/2003,4197.47
5090,1/9/2003,4197.4
5091,1/10/2003,4197.42
5092,1/11/2003,4197.48
5093,1/12/2003,4197.49
5094,1/13/2003,4197.5
5095,1/14/2003,4197.5
5096,1/15/2003,4197.53
5097,1/16/2003,4197.52
5098,1/17/2003,4197.53
5099,1/18/2003,4197.53
5100,1/19/2003,4197.52
5101,1/20/2003,4197.55
5102,1/21/2003,4197.54
5103,1/22/2003,4197.56
5104,1/23/2003,4197.53
5105,1/24/2003,4197.56
5106,1/25/2003,4197.56
5107,1/26/2003,4197.55
5108,1/27/2003,4197.55
5109,1/28/2003,4197.6
5110,1/29/2003,4197.6
5111,1/30/2003,4197.6
5112,1/31/2003,4197.56
5113,2/1/2003,4197.47
5114,2/2/2003,4198.02
5115,2/3/2003,4197.68
5116,2/4/2003,4197.61
5117,2/5/2003,4197.62
5118,2/6/2003,4197.64
5119,2/7/2003,4197.59
5120,2/8/2003,4197.58
5121,2/9/2003,4197.58
5122,2/10/2003,4197.56
5123,2/11/2003,4197.58
5124,2/12/2003,4197.59
5125,2/13/2003,4197.6
5126,2/14/2003,4197.6
5127,2/15/2003,4197.61
5128,2/16/2003,4197.58
5129,2/17/2003,4197.61
5130,2/18/2003,4197.62
5131,2/19/2003,4197.64
5132,2/20/2003,4197.65
5133,2/21/2003,4197.64
5134,2/22/2003,4197.87
5135,2/23/2003,4197.67
5136,2/24/2003,4197.7
5137,2/25/2003,4197.68
5138,2/26/2003,4197.65
5139,2/27/2003,4197.62
5140,2/28/2003,4197.68
5141,3/1/2003,4197.68
5142,3/2/2003,4197.67
5143,3/3/2003,4197.67
5144,3/4/2003,4197.73
5145,3/5/2003,4197.65
5146,3/6/2003,4197.62
5147,3/7/2003,4197.64
5148,3/8/2003,4197.63
5149,3/9/2003,4197.64
5150,3/10/2003,4197.65
5151,3/11/2003,4197.66
5152,3/12/2003,4197.77
5153,3/13/2003,4197.74
5154,3/14/2003,4197.69
5155,3/15/2003,4197.65
5156,3/16/2003,4197.73
5157,3/17/2003,4197.97
5158,3/18/2003,4198.08
5159,3/19/2003,4197.87
5160,3/20/2003,4197.79
5161,3/21/2003,4197.78
5162,3/22/2003,4197.76
5163,3/23/2003,4197.77
5164,3/24/2003,4197.76
5165,3/25/2003,4197.74
5166,3/26/2003,4197.81
5167,3/27/2003,4197.89
5168,3/28/2003,4197.82
5169,3/29/2003,4197.8
5170,3/30/2003,4197.7
5171,3/31/2003,4197.7
5172,4/1/2003,4197.61
5173,4/2/2003,4197.6
5174,4/3/2003,4197.6
5175,4/4/2003,4197.7
5176,4/5/2003,4197.6
5177,4/6/2003,4197.6
5178,4/7/2003,4197.7
5179,4/8/2003,4197.6
5180,4/9/2003,4197.7
5181,4/10/2003,4197.6
5182,4/11/2003,4197.7
5183,4/12/2003,4197.7
5184,4/13/2003,4197.7
5185,4/14/2003,4197.7
5186,4/15/2003,4197.76
5187,4/16/2003,4197.69
5188,4/17/2003,4197.7
5189,4/18/2003,4197.7
5190,4/19/2003,4197.77
5191,4/20/2003,4197.72
5192,4/21/2003,4197.65
5193,4/22/2003,4197.58
5194,4/23/2003,4197.65
5195,4/24/2003,4197.64
5196,4/25/2003,4197.65
5197,4/26/2003,4197.76
5198,4/27/2003,4197.73
5199,4/28/2003,4197.68
5200,4/29/2003,4197.78
5201,4/30/2003,4197.68
5202,5/1/2003,4197.66
5203,5/2/2003,4197.64
5204,5/3/2003,4197.58
5205,5/4/2003,4197.6
5206,5/5/2003,4197.71
5207,5/6/2003,4197.6
5208,5/7/2003,4197.64
5209,5/8/2003,4197.62
5210,5/9/2003,4197.65
5211,5/10/2003,4197.67
5212,5/11/2003,4197.66
5213,5/12/2003,4197.67
5214,5/13/2003,4197.74
5215,5/14/2003,4197.67
5216,5/15/2003,4197.66
5217,5/16/2003,4197.69
5218,5/17/2003,4197.66
5219,5/18/2003,4197.78
5220,5/19/2003,4197.73
5221,5/20/2003,4197.6
5222,5/21/2003,4197.6
5223,5/22/2003,4197.6
5224,5/23/2003,4197.6
5225,5/24/2003,4197.55
5226,5/25/2003,4197.54
5227,5/26/2003,4197.59
5228,5/27/2003,4197.6
5229,5/28/2003,4197.56
5230,5/29/2003,4197.56
5231,5/30/2003,4197.53
5232,5/31/2003,4197.59
5233,6/1/2003,4197.6
5234,6/2/2003,4197.53
5235,6/3/2003,4197.52
5236,6/4/2003,4197.5
5237,6/5/2003,4197.53
5238,6/6/2003,4197.4
5239,6/7/2003,4197.46
5240,6/8/2003,4197.37
5241,6/9/2003,4197.33
5242,6/10/2003,4197.28
5243,6/11/2003,4197.31
5244,6/12/2003,4197.28
5245,6/13/2003,4197.24
5246,6/14/2003,4197.24
5247,6/15/2003,4197.24
5248,6/16/2003,4197.25
5249,6/17/2003,4197.19
5250,6/18/2003,4197.15
5251,6/19/2003,4196.98
5252,6/20/2003,4197.05
5253,6/21/2003,4197.13
5254,6/22/2003,4197.09
5255,6/23/2003,4196.93
5256,6/24/2003,4197.04
5257,6/25/2003,4197.03
5258,6/26/2003,4197.01
5259,6/27/2003,4197
5260,6/28/2003,4197
5261,6/29/2003,4197
5262,6/30/2003,4196.97
5263,7/1/2003,4196.91
5264,7/2/2003,4196.95
5265,7/3/2003,4196.96
5266,7/4/2003,4196.91
5267,7/5/2003,4196.89
5268,7/6/2003,4196.89
5269,7/7/2003,4196.87
5270,7/8/2003,4196.86
5271,7/9/2003,4196.81
5272,7/10/2003,4196.77
5273,7/11/2003,4196.77
5274,7/12/2003,4196.77
5275,7/13/2003,4196.78
5276,7/14/2003,4196.75
5277,7/15/2003,4196.7
5278,7/16/2003,4196.65
5279,7/17/2003,4196.66
5280,7/18/2003,4196.65
5281,7/19/2003,4196.61
5282,7/20/2003,4196.6
5283,7/21/2003,4196.6
5284,7/22/2003,4196.6
5285,7/23/2003,4196.59
5286,7/24/2003,4196.55
5287,7/25/2003,4196.55
5288,7/26/2003,4196.54
5289,7/27/2003,4196.57
5290,7/28/2003,4196.53
5291,7/29/2003,4196.48
5292,7/30/2003,4196.44
5293,7/31/2003,4196.36
5294,8/1/2003,4196.35
5295,8/2/2003,4196.34
5296,8/3/2003,4196.36
5297,8/4/2003,4196.34
5298,8/5/2003,4196.31
5299,8/6/2003,4196.23
5300,8/7/2003,4196.2
5301,8/8/2003,4196.14
5302,8/9/2003,4196.15
5303,8/10/2003,4196.14
5304,8/11/2003,4196.14
5305,8/12/2003,4196.07
5306,8/13/2003,4196.06
5307,8/14/2003,4196.08
5308,8/15/2003,4196.01
5309,8/16/2003,4195.95
5310,8/17/2003,4196.02
5311,8/18/2003,4196.04
5312,8/19/2003,4195.98
5313,8/20/2003,4195.94
5314,8/21/2003,4195.94
5315,8/22/2003,4195.89
5316,8/23/2003,4195.93
5317,8/24/2003,4195.88
5318,8/25/2003,4195.87
5319,8/26/2003,4195.88
5320,8/27/2003,4195.93
5321,8/28/2003,4195.86
5322,8/29/2003,4195.93
5323,8/30/2003,4195.81
5324,8/31/2003,4195.78
5325,9/1/2003,4195.75
5326,9/2/2003,4195.75
5327,9/3/2003,4195.79
5328,9/4/2003,4195.78
5329,9/5/2003,4195.77
5330,9/6/2003,4195.75
5331,9/7/2003,4195.65
5332,9/8/2003,4195.71
5333,9/9/2003,4195.71
5334,9/10/2003,4195.76
5335,9/11/2003,4195.63
5336,9/12/2003,4195.7
5337,9/13/2003,4195.68
5338,9/14/2003,4195.57
5339,9/15/2003,4195.54
5340,9/16/2003,4195.57
5341,9/17/2003,4195.72
5342,9/18/2003,4195.56
5343,9/19/2003,4195.54
5344,9/20/2003,4195.5
5345,9/21/2003,4195.52
5346,9/22/2003,4195.5
5347,9/23/2003,4195.5
5348,9/24/2003,4195.51
5349,9/25/2003,4195.49
5350,9/26/2003,4195.5
5351,9/27/2003,4195.5
5352,9/28/2003,4195.49
5353,9/29/2003,4195.49
5354,9/30/2003,4195.48
5355,10/1/2003,4195.43
5356,10/2/2003,4195.45
5357,10/3/2003,4195.44
5358,10/4/2003,4195.41
5359,10/5/2003,4195.41
5360,10/6/2003,4195.41
5361,10/7/2003,4195.4
5362,10/8/2003,4195.38
5363,10/9/2003,4195.38
5364,10/10/2003,4195.52
5365,10/11/2003,4195.36
5366,10/12/2003,4195.39
5367,10/13/2003,4195.35
5368,10/14/2003,4195.29
5369,10/15/2003,4195.3
5370,10/16/2003,4195.26
5371,10/17/2003,4195.28
5372,10/18/2003,4195.28
5373,10/19/2003,4195.28
5374,10/20/2003,4195.27
5375,10/21/2003,4195.28
5376,10/22/2003,4195.28
5377,10/23/2003,4195.28
5378,10/24/2003,4195.26
5379,10/25/2003,4195.28
5380,10/26/2003,4195.21
5381,10/27/2003,4195.2
5382,10/28/2003,4195.18
5383,10/29/2003,4195.25
5384,10/30/2003,4195.29
5385,10/31/2003,4195.19
5386,11/1/2003,4195.19
5387,11/2/2003,4195.19
5388,11/3/2003,4195.19
5389,11/4/2003,4195.18
5390,11/5/2003,4195.16
5391,11/6/2003,4195.07
5392,11/7/2003,4195.04
5393,11/8/2003,4195.05
5394,11/9/2003,4195.03
5395,11/10/2003,4195.03
5396,11/11/2003,4195.04
5397,11/12/2003,4195.06
5398,11/13/2003,4195.04
5399,11/14/2003,4195.08
5400,11/15/2003,4195.05
5401,11/16/2003,4195.07
5402,11/17/2003,4195.22
5403,11/18/2003,4195.05
5404,11/19/2003,4195.06
5405,11/20/2003,4195.12
5406,11/21/2003,4195.1
5407,11/22/2003,4195.28
5408,11/23/2003,4195.05
5409,11/24/2003,4195.05
5410,11/25/2003,4195.03
5411,11/26/2003,4195.08
5412,11/27/2003,4195.07
5413,11/28/2003,4195.01
5414,11/29/2003,4195.05
5415,11/30/2003,4195.05
5416,12/1/2003,4195.08
5417,12/2/2003,4195.06
5418,12/3/2003,4195.06
5419,12/4/2003,4195.05
5420,12/5/2003,4195.07
5421,12/6/2003,4195.08
5422,12/7/2003,4195.06
5423,12/8/2003,4195.16
5424,12/9/2003,4195.08
5425,12/10/2003,4195.2
5426,12/11/2003,4195.2
5427,12/12/2003,4195.2
5428,12/13/2003,4195.2
5429,12/14/2003,4195.16
5430,12/15/2003,4195.28
5431,12/16/2003,4195.09
5432,12/17/2003,4195.1
5433,12/18/2003,4195.1
5434,12/19/2003,4195.1
5435,12/20/2003,4195.1
5436,12/21/2003,4195.12
5437,12/22/2003,4195.12
5438,12/23/2003,4195.13
5439,12/24/2003,4195.15
5440,12/25/2003,4195.2
5441,12/26/2003,4195.41
5442,12/27/2003,4195.4
5443,12/28/2003,4195.26
5444,12/29/2003,4195.2
5445,12/30/2003,4195.29
5446,12/31/2003,4195.31
5447,1/1/2004,4195.16
5448,1/2/2004,4195.32
5449,1/3/2004,4195.36
5450,1/4/2004,4195.3
5451,1/5/2004,4195.35
5452,1/6/2004,4195.3
5453,1/7/2004,4195.4
5454,1/8/2004,4195.4
5455,1/9/2004,4195.4
5456,1/10/2004,4195.4
5457,1/11/2004,4195.4
5458,1/12/2004,4195.4
5459,1/13/2004,4195.4
5460,1/14/2004,4195.4
5461,1/15/2004,4195.4
5462,1/16/2004,4195.4
5463,1/17/2004,4195.4
5464,1/18/2004,4195.4
5465,1/19/2004,4195.4
5466,1/20/2004,4195.4
5467,1/21/2004,4195.4
5468,1/22/2004,4195.4
5469,1/23/2004,4195.4
5470,1/24/2004,4195.4
5471,1/25/2004,4195.4
5472,1/26/2004,4195.4
5473,1/27/2004,4195.4
5474,1/28/2004,4195.4
5475,1/29/2004,4195.4
5476,1/30/2004,4195.5
5477,1/31/2004,4195.5
5478,2/1/2004,4195.5
5479,2/2/2004,4195.5
5480,2/3/2004,4195.5
5481,2/4/2004,4195.5
5482,2/5/2004,4195.5
5483,2/6/2004,4195.5
5484,2/7/2004,4195.53
5485,2/8/2004,4195.56
5486,2/9/2004,4195.55
5487,2/10/2004,4195.53
5488,2/11/2004,4195.56
5489,2/12/2004,4195.53
5490,2/13/2004,4195.52
5491,2/14/2004,4195.54
5492,2/15/2004,4195.54
5493,2/16/2004,4195.54
5494,2/17/2004,4195.56
5495,2/18/2004,4195.56
5496,2/19/2004,4195.59
5497,2/20/2004,4195.59
5498,2/21/2004,4195.6
5499,2/22/2004,4195.6
5500,2/23/2004,4195.6
5501,2/24/2004,4195.6
5502,2/25/2004,4195.61
5503,2/26/2004,4195.61
5504,2/27/2004,4195.72
5505,2/28/2004,4195.8
5506,2/29/2004,4195.84
5507,3/1/2004,4195.83
5508,3/2/2004,4195.87
5509,3/3/2004,4195.88
5510,3/4/2004,4195.91
5511,3/5/2004,4195.95
5512,3/6/2004,4195.98
5513,3/7/2004,4196
5514,3/8/2004,4196.03
5515,3/9/2004,4196.08
5516,3/10/2004,4196.12
5517,3/11/2004,4196.16
5518,3/12/2004,4196.15
5519,3/13/2004,4196.18
5520,3/14/2004,4196.19
5521,3/15/2004,4196.22
5522,3/16/2004,4196.23
5523,3/17/2004,4196.16
5524,3/18/2004,4196.12
5525,3/19/2004,4196.15
5526,3/20/2004,4196.19
5527,3/21/2004,4196.2
5528,3/22/2004,4196.2
5529,3/23/2004,4196.22
5530,3/24/2004,4196.2
5531,3/25/2004,4196.21
5532,3/26/2004,4196.24
5533,3/27/2004,4196.23
5534,3/28/2004,4196.32
5535,3/29/2004,4196.26
5536,3/30/2004,4196.24
5537,3/31/2004,4196.17
5538,4/1/2004,4196.25
5539,4/2/2004,4196.31
5540,4/3/2004,4196.19
5541,4/4/2004,4196.26
5542,4/5/2004,4196.26
5543,4/6/2004,4196.26
5544,4/7/2004,4196.29
5545,4/8/2004,4196.26
5546,4/9/2004,4196.38
5547,4/10/2004,4196.3
5548,4/11/2004,4196.24
5549,4/12/2004,4196.24
5550,4/13/2004,4196.23
5551,4/14/2004,4196.22
5552,4/15/2004,4196.21
5553,4/16/2004,4196.26
5554,4/17/2004,4196.23
5555,4/18/2004,4196.24
5556,4/19/2004,4196.21
5557,4/20/2004,4196.21
5558,4/21/2004,4196.23
5559,4/22/2004,4196.35
5560,4/23/2004,4196.3
5561,4/24/2004,4196.24
5562,4/25/2004,4196.25
5563,4/26/2004,4196.22
5564,4/27/2004,4196.2
5565,4/28/2004,4196.18
5566,4/29/2004,4196.29
5567,4/30/2004,4196.25
5568,5/1/2004,4196.18
5569,5/2/2004,4196.18
5570,5/3/2004,4196.17
5571,5/4/2004,4196.16
5572,5/5/2004,4196.14
5573,5/6/2004,4196.08
5574,5/7/2004,4196.11
5575,5/8/2004,4196.09
5576,5/9/2004,4196.14
5577,5/10/2004,4196.01
5578,5/11/2004,4196.07
5579,5/12/2004,4196.07
5580,5/13/2004,4196.07
5581,5/14/2004,4196.02
5582,5/15/2004,4196.04
5583,5/16/2004,4196.04
5584,5/17/2004,4196.03
5585,5/18/2004,4195.98
5586,5/19/2004,4196.02
5587,5/20/2004,4195.98
5588,5/21/2004,4195.97
5589,5/22/2004,4195.95
5590,5/23/2004,4196.03
5591,5/24/2004,4195.92
5592,5/25/2004,4195.89
5593,5/26/2004,4195.87
5594,5/27/2004,4195.86
5595,5/28/2004,4195.93
5596,5/29/2004,4196
5597,5/30/2004,4195.98
5598,5/31/2004,4195.91
5599,6/1/2004,4195.91
5600,6/2/2004,4195.91
5601,6/3/2004,4195.84
5602,6/4/2004,4195.82
5603,6/5/2004,4195.82
5604,6/6/2004,4195.9
5605,6/7/2004,4195.93
5606,6/8/2004,4195.83
5607,6/9/2004,4195.76
5608,6/10/2004,4195.72
5609,6/11/2004,4195.64
5610,6/12/2004,4195.73
5611,6/13/2004,4195.74
5612,6/14/2004,4195.8
5613,6/15/2004,4195.8
5614,6/16/2004,4195.85
5615,6/17/2004,4195.74
5616,6/18/2004,4195.68
5617,6/19/2004,4195.69
5618,6/20/2004,4195.73
5619,6/21/2004,4195.72
5620,6/22/2004,4195.63
5621,6/23/2004,4195.61
5622,6/24/2004,4195.61
5623,6/25/2004,4195.61
5624,6/26/2004,4195.52
5625,6/27/2004,4195.51
5626,6/28/2004,4195.46
5627,6/29/2004,4195.44
5628,6/30/2004,4195.42
5629,7/1/2004,4195.43
5630,7/2/2004,4195.48
5631,7/3/2004,4195.44
5632,7/4/2004,4195.43
5633,7/5/2004,4195.41
5634,7/6/2004,4195.38
5635,7/7/2004,4195.34
5636,7/8/2004,4195.38
5637,7/9/2004,4195.33
5638,7/10/2004,4195.3
5639,7/11/2004,4195.28
5640,7/12/2004,4195.28
5641,7/13/2004,4195.22
5642,7/14/2004,4195.21
5643,7/15/2004,4195.22
5644,7/16/2004,4195.2
5645,7/17/2004,4195.15
5646,7/18/2004,4195.18
5647,7/19/2004,4195.21
5648,7/20/2004,4195.19
5649,7/21/2004,4195.16
5650,7/22/2004,4195.19
5651,7/23/2004,4195.1
5652,7/24/2004,4195.09
5653,7/25/2004,4195.1
5654,7/26/2004,4195.06
5655,7/27/2004,4195.07
5656,7/28/2004,4195
5657,7/29/2004,4194.98
5658,7/30/2004,4194.99
5659,7/31/2004,4194.95
5660,8/1/2004,4194.91
5661,8/2/2004,4194.87
5662,8/3/2004,4194.83
5663,8/4/2004,4194.82
5664,8/5/2004,4194.78
5665,8/6/2004,4194.76
5666,8/7/2004,4194.83
5667,8/8/2004,4194.81
5668,8/9/2004,4194.77
5669,8/10/2004,4194.77
5670,8/11/2004,4194.75
5671,8/12/2004,4194.72
5672,8/13/2004,4194.69
5673,8/14/2004,4194.7
5674,8/15/2004,4194.67
5675,8/16/2004,4194.64
5676,8/17/2004,4194.61
5677,8/18/2004,4194.6
5678,8/19/2004,4194.61
5679,8/20/2004,4194.59
5680,8/21/2004,4194.58
5681,8/22/2004,4194.54
5682,8/23/2004,4194.54
5683,8/24/2004,4194.5
5684,8/25/2004,4194.5
5685,8/26/2004,4194.4
5686,8/27/2004,4194.48
5687,8/28/2004,4194.42
5688,8/29/2004,4194.41
5689,8/30/2004,4194.4
5690,8/31/2004,4194.4
5691,9/1/2004,4194.38
5692,9/2/2004,4194.47
5693,9/3/2004,4194.6
5694,9/4/2004,4194.5
5695,9/5/2004,4194.4
5696,9/6/2004,4194.4
5697,9/7/2004,4194.4
5698,9/8/2004,4194.4
5699,9/9/2004,4194.4
5700,9/10/2004,4194.38
5701,9/11/2004,4194.38
5702,9/12/2004,4194.36
5703,9/13/2004,4194.44
5704,9/14/2004,4194.45
5705,9/15/2004,4194.31
5706,9/16/2004,4194.29
5707,9/17/2004,4194.26
5708,9/18/2004,4194.06
5709,9/19/2004,4194.33
5710,9/20/2004,4194.27
5711,9/21/2004,4194.26
5712,9/22/2004,4194.17
5713,9/23/2004,4194.12
5714,9/24/2004,4194.15
5715,9/25/2004,4194.15
5716,9/26/2004,4194.14
5717,9/27/2004,4194.11
5718,9/28/2004,4194.1
5719,9/29/2004,4194.12
5720,9/30/2004,4194.15
5721,10/1/2004,4194.12
5722,10/2/2004,4194.1
5723,10/3/2004,4194.1
5724,10/4/2004,4194.1
5725,10/5/2004,4194.1
5726,10/6/2004,4194.1
5727,10/7/2004,4194.1
5728,10/8/2004,4194
5729,10/9/2004,4194
5730,10/10/2004,4194.2
5731,10/11/2004,4194
5732,10/12/2004,4194
5733,10/13/2004,4194
5734,10/14/2004,4194
5735,10/15/2004,4194
5736,10/16/2004,4194
5737,10/17/2004,4194
5738,10/18/2004,4194
5739,10/19/2004,4194
5740,10/20/2004,4194
5741,10/21/2004,4194
5742,10/22/2004,4194
5743,10/23/2004,4194.1
5744,10/24/2004,4194.1
5745,10/25/2004,4194.1
5746,10/26/2004,4194.1
5747,10/27/2004,4194.1
5748,10/28/2004,4194.08
5749,10/29/2004,4194.09
5750,10/30/2004,4194.11
5751,10/31/2004,4194.27
5752,11/1/2004,4194.22
5753,11/2/2004,4194.17
5754,11/3/2004,4194.18
5755,11/4/2004,4194.19
5756,11/5/2004,4194.2
5757,11/6/2004,4194.2
5758,11/7/2004,4194.2
5759,11/8/2004,4194.23
5760,11/9/2004,4194.22
5761,11/10/2004,4194.22
5762,11/11/2004,4194.24
5763,11/12/2004,4194.29
5764,11/13/2004,4194.3
5765,11/14/2004,4194.3
5766,11/15/2004,4194.3
5767,11/16/2004,4194.31
5768,11/17/2004,4194.31
5769,11/18/2004,4194.31
5770,11/19/2004,4194.36
5771,11/20/2004,4194.36
5772,11/21/2004,4194.37
5773,11/22/2004,4194.34
5774,11/23/2004,4194.34
5775,11/24/2004,4194.3
5776,11/25/2004,4194.32
5777,11/26/2004,4194.43
5778,11/27/2004,4194.41
5779,11/28/2004,4194.69
5780,11/29/2004,4194.47
5781,11/30/2004,4194.32
5782,12/1/2004,4194.33
5783,12/2/2004,4194.33
5784,12/3/2004,4194.31
5785,12/4/2004,4194.31
5786,12/5/2004,4194.32
5787,12/6/2004,4194.33
5788,12/7/2004,4194.27
5789,12/8/2004,4194.29
5790,12/9/2004,4194.35
5791,12/10/2004,4194.36
5792,12/11/2004,4194.38
5793,12/12/2004,4194.39
5794,12/13/2004,4194.4
5795,12/14/2004,4194.4
5796,12/15/2004,4194.4
5797,12/16/2004,4194.41
5798,12/17/2004,4194.41
5799,12/18/2004,4194.42
5800,12/19/2004,4194.45
5801,12/20/2004,4194.49
5802,12/21/2004,4194.5
5803,12/22/2004,4194.5
5804,12/23/2004,4194.63
5805,12/24/2004,4194.5
5806,12/25/2004,4194.5
5807,12/26/2004,4194.51
5808,12/27/2004,4194.54
5809,12/28/2004,4194.52
5810,12/29/2004,4194.43
5811,12/30/2004,4194.41
5812,12/31/2004,4194.4
5813,1/1/2005,4194.49
5814,1/2/2005,4194.56
5815,1/3/2005,4194.57
5816,1/4/2005,4194.58
5817,1/5/2005,4194.5
5818,1/6/2005,4194.5
5819,1/7/2005,4194.5
5820,1/8/2005,4194.5
5821,1/9/2005,4194.6
5822,1/10/2005,4194.6
5823,1/11/2005,4194.7
5824,1/12/2005,4194.7
5825,1/13/2005,4194.8
5826,1/14/2005,4194.8
5827,1/15/2005,4194.8
5828,1/16/2005,4194.8
5829,1/17/2005,4194.9
5830,1/18/2005,4194.9
5831,1/19/2005,4194.9
5832,1/20/2005,4194.9
5833,1/21/2005,4195
5834,1/22/2005,4195
5835,1/23/2005,4195
5836,1/24/2005,4195.1
5837,1/25/2005,4195.08
5838,1/26/2005,4195.02
5839,1/27/2005,4195.07
5840,1/28/2005,4195.1
5841,1/29/2005,4195.18
5842,1/30/2005,4195.37
5843,1/31/2005,4195.3
5844,2/1/2005,4195.28
5845,2/2/2005,4195.25
5846,2/3/2005,4195.2
5847,2/4/2005,4195.19
5848,2/5/2005,4195.21
5849,2/6/2005,4195.22
5850,2/7/2005,4195.29
5851,2/8/2005,4195.3
5852,2/9/2005,4195.24
5853,2/10/2005,4195.26
5854,2/11/2005,4195.23
5855,2/12/2005,4195.3
5856,2/13/2005,4195.31
5857,2/14/2005,4195.39
5858,2/15/2005,4195.45
5859,2/16/2005,4195.41
5860,2/17/2005,4195.4
5861,2/18/2005,4195.4
5862,2/19/2005,4195.39
5863,2/20/2005,4195.4
5864,2/21/2005,4195.41
5865,2/22/2005,4195.45
5866,2/23/2005,4195.52
5867,2/24/2005,4195.51
5868,2/25/2005,4195.5
5869,2/26/2005,4195.5
5870,2/27/2005,4195.5
5871,2/28/2005,4195.5
5872,3/1/2005,4195.52
5873,3/2/2005,4195.51
5874,3/3/2005,4195.54
5875,3/4/2005,4195.55
5876,3/5/2005,4195.58
5877,3/6/2005,4195.56
5878,3/7/2005,4195.51
5879,3/8/2005,4195.51
5880,3/9/2005,4195.5
5881,3/10/2005,4195.54
5882,3/11/2005,4195.56
5883,3/12/2005,4195.55
5884,3/13/2005,4195.76
5885,3/14/2005,4195.67
5886,3/15/2005,4195.51
5887,3/16/2005,4195.49
5888,3/17/2005,4195.57
5889,3/18/2005,4195.44
5890,3/19/2005,4195.46
5891,3/20/2005,4195.49
5892,3/21/2005,4195.53
5893,3/22/2005,4195.47
5894,3/23/2005,4195.5
5895,3/24/2005,4195.59
5896,3/25/2005,4195.83
5897,3/26/2005,4195.78
5898,3/27/2005,4195.65
5899,3/28/2005,4195.7
5900,3/29/2005,4195.75
5901,3/30/2005,4195.94
5902,3/31/2005,4195.81
5903,4/1/2005,4195.77
5904,4/2/2005,4195.8
5905,4/3/2005,4195.78
5906,4/4/2005,4195.86
5907,4/5/2005,4195.89
5908,4/6/2005,4195.84
5909,4/7/2005,4195.84
5910,4/8/2005,4195.89
5911,4/9/2005,4196.02
5912,4/10/2005,4196.15
5913,4/11/2005,4195.92
5914,4/12/2005,4195.87
5915,4/13/2005,4195.8
5916,4/14/2005,4195.98
5917,4/15/2005,4195.92
5918,4/16/2005,4195.9
5919,4/17/2005,4195.91
5920,4/18/2005,4196.02
5921,4/19/2005,4195.99
5922,4/20/2005,4195.91
5923,4/21/2005,4195.98
5924,4/22/2005,4196.01
5925,4/23/2005,4196.02
5926,4/24/2005,4196.03
5927,4/25/2005,4196.08
5928,4/26/2005,4196.08
5929,4/27/2005,4196.06
5930,4/28/2005,4196.14
5931,4/29/2005,4196.15
5932,4/30/2005,4196.16
5933,5/1/2005,4196.22
5934,5/2/2005,4196.21
5935,5/3/2005,4196.22
5936,5/4/2005,4196.24
5937,5/5/2005,4196.24
5938,5/6/2005,4196.21
5939,5/7/2005,4196.23
5940,5/8/2005,4196.32
5941,5/9/2005,4196.33
5942,5/10/2005,4196.51
5943,5/11/2005,4196.58
5944,5/12/2005,4196.69
5945,5/13/2005,4196.75
5946,5/14/2005,4196.8
5947,5/15/2005,4196.81
5948,5/16/2005,4196.91
5949,5/17/2005,4196.96
5950,5/18/2005,4196.95
5951,5/19/2005,4197
5952,5/20/2005,4197.05
5953,5/21/2005,4197.24
5954,5/22/2005,4197.16
5955,5/23/2005,4197.2
5956,5/24/2005,4197.31
5957,5/25/2005,4197.37
5958,5/26/2005,4197.31
5959,5/27/2005,4197.31
5960,5/28/2005,4197.28
5961,5/29/2005,4197.24
5962,5/30/2005,4197.4
5963,5/31/2005,4197.27
5964,6/1/2005,4197.34
5965,6/2/2005,4197.38
5966,6/3/2005,4197.4
5967,6/4/2005,4197.3
5968,6/5/2005,4197.22
5969,6/6/2005,4197.37
5970,6/7/2005,4197.41
5971,6/8/2005,4197.35
5972,6/9/2005,4197.38
5973,6/10/2005,4197.4
5974,6/11/2005,4197.36
5975,6/12/2005,4197.38
5976,6/13/2005,4197.4
5977,6/14/2005,4197.38
5978,6/15/2005,4197.39
5979,6/16/2005,4197.35
5980,6/17/2005,4197.28
5981,6/18/2005,4197.45
5982,6/19/2005,4197.35
5983,6/20/2005,4197.32
5984,6/21/2005,4197.33
5985,6/22/2005,4197.27
5986,6/23/2005,4197.3
5987,6/24/2005,4197.32
5988,6/25/2005,4197.22
5989,6/26/2005,4197.27
5990,6/27/2005,4197.32
5991,6/28/2005,4197.36
5992,6/29/2005,4197.32
5993,6/30/2005,4197.29
5994,7/1/2005,4197.3
5995,7/2/2005,4197.28
5996,7/3/2005,4197.33
5997,7/4/2005,4197.27
5998,7/5/2005,4197.24
5999,7/6/2005,4197.21
6000,7/7/2005,4197.2
6001,7/8/2005,4197.16
6002,7/9/2005,4197.14
6003,7/10/2005,4197.15
6004,7/11/2005,4197.16
6005,7/12/2005,4197.1
6006,7/13/2005,4197.09
6007,7/14/2005,4197.1
6008,7/15/2005,4197.07
6009,7/16/2005,4197.02
6010,7/17/2005,4197.06
6011,7/18/2005,4196.98
6012,7/19/2005,4196.93
6013,7/20/2005,4196.92
6014,7/21/2005,4196.92
6015,7/22/2005,4196.88
6016,7/23/2005,4196.87
6017,7/24/2005,4196.82
6018,7/25/2005,4196.82
6019,7/26/2005,4196.84
6020,7/27/2005,4196.76
6021,7/28/2005,4196.72
6022,7/29/2005,4196.7
6023,7/30/2005,4196.72
6024,7/31/2005,4196.67
6025,8/1/2005,4196.6
6026,8/2/2005,4196.63
6027,8/3/2005,4196.57
6028,8/4/2005,4196.59
6029,8/5/2005,4196.58
6030,8/6/2005,4196.56
6031,8/7/2005,4196.56
6032,8/8/2005,4196.53
6033,8/9/2005,4196.51
6034,8/10/2005,4196.46
6035,8/11/2005,4196.47
6036,8/12/2005,4196.46
6037,8/13/2005,4196.45
6038,8/14/2005,4196.39
6039,8/15/2005,4196.34
6040,8/16/2005,4196.29
6041,8/17/2005,4196.28
6042,8/18/2005,4196.32
6043,8/19/2005,4196.28
6044,8/20/2005,4196.25
6045,8/21/2005,4196.24
6046,8/22/2005,4196.22
6047,8/23/2005,4196.17
6048,8/24/2005,4196.15
6049,8/25/2005,4196.17
6050,8/26/2005,4196.13
6051,8/27/2005,4196.1
6052,8/28/2005,4196.1
6053,8/29/2005,4196.07
6054,8/30/2005,4196.12
6055,8/31/2005,4196.03
6056,9/1/2005,4196.01
6057,9/2/2005,4195.99
6058,9/3/2005,4195.9
6059,9/4/2005,4195.88
6060,9/5/2005,4195.94
6061,9/6/2005,4195.92
6062,9/7/2005,4195.91
6063,9/8/2005,4195.9
6064,9/9/2005,4195.78
6065,9/10/2005,4195.92
6066,9/11/2005,4195.88
6067,9/12/2005,4195.84
6068,9/13/2005,4195.77
6069,9/14/2005,4195.78
6070,9/15/2005,4195.74
6071,9/16/2005,4195.71
6072,9/17/2005,4195.72
6073,9/18/2005,4195.73
6074,9/19/2005,4195.67
6075,9/20/2005,4195.67
6076,9/21/2005,4195.65
6077,9/22/2005,4195.65
6078,9/23/2005,4195.64
6079,9/24/2005,4195.78
6080,9/25/2005,4195.67
6081,9/26/2005,4195.6
6082,9/27/2005,4195.6
6083,9/28/2005,4195.63
6084,9/29/2005,4195.59
6085,9/30/2005,4195.58
6086,10/1/2005,4195.57
6087,10/2/2005,4195.6
6088,10/3/2005,4195.66
6089,10/4/2005,4195.67
6090,10/5/2005,4195.52
6091,10/6/2005,4195.52
6092,10/7/2005,4195.5
6093,10/8/2005,4195.57
6094,10/9/2005,4195.6
6095,10/10/2005,4195.59
6096,10/11/2005,4195.48
6097,10/12/2005,4195.49
6098,10/13/2005,4195.46
6099,10/14/2005,4195.46
6100,10/15/2005,4195.43
6101,10/16/2005,4195.44
6102,10/17/2005,4195.46
6103,10/18/2005,4195.47
6104,10/19/2005,4195.42
6105,10/20/2005,4195.47
6106,10/21/2005,4195.47
6107,10/22/2005,4195.46
6108,10/23/2005,4195.46
6109,10/24/2005,4195.47
6110,10/25/2005,4195.46
6111,10/26/2005,4195.46
6112,10/27/2005,4195.46
6113,10/28/2005,4195.46
6114,10/29/2005,4195.44
6115,10/30/2005,4195.5
6116,10/31/2005,4195.48
6117,11/1/2005,4195.48
6118,11/2/2005,4195.45
6119,11/3/2005,4195.49
6120,11/4/2005,4195.5
6121,11/5/2005,4195.51
6122,11/6/2005,4195.42
6123,11/7/2005,4195.44
6124,11/8/2005,4195.48
6125,11/9/2005,4195.49
6126,11/10/2005,4195.48
6127,11/11/2005,4195.46
6128,11/12/2005,4195.53
6129,11/13/2005,4195.47
6130,11/14/2005,4195.71
6131,11/15/2005,4195.52
6132,11/16/2005,4195.44
6133,11/17/2005,4195.45
6134,11/18/2005,4195.46
6135,11/19/2005,4195.48
6136,11/20/2005,4195.48
6137,11/21/2005,4195.48
6138,11/22/2005,4195.49
6139,11/23/2005,4195.49
6140,11/24/2005,4195.5
6141,11/25/2005,4195.5
6142,11/26/2005,4195.69
6143,11/27/2005,4195.56
6144,11/28/2005,4195.5
6145,11/29/2005,4195.49
6146,11/30/2005,4195.56
6147,12/1/2005,4195.5
6148,12/2/2005,4195.48
6149,12/3/2005,4195.58
6150,12/4/2005,4195.65
6151,12/5/2005,4195.49
6152,12/6/2005,4195.61
6153,12/7/2005,4195.54
6154,12/8/2005,4195.49
6155,12/9/2005,4195.45
6156,12/10/2005,4195.44
6157,12/11/2005,4195.5
6158,12/12/2005,4195.5
6159,12/13/2005,4195.51
6160,12/14/2005,4195.51
6161,12/15/2005,4195.5
6162,12/16/2005,4195.53
6163,12/17/2005,4195.44
6164,12/18/2005,4195.52
6165,12/19/2005,4195.54
6166,12/20/2005,4195.55
6167,12/21/2005,4195.56
6168,12/22/2005,4195.57
6169,12/23/2005,4195.57
6170,12/24/2005,4195.58
6171,12/25/2005,4195.6
6172,12/26/2005,4195.63
6173,12/27/2005,4195.64
6174,12/28/2005,4195.64
6175,12/29/2005,4195.74
6176,12/30/2005,4195.69
6177,12/31/2005,4195.66
6178,1/1/2006,4195.78
6179,1/2/2006,4195.76
6180,1/3/2006,4195.77
6181,1/4/2006,4195.88
6182,1/5/2006,4195.89
6183,1/6/2006,4195.9
6184,1/7/2006,4195.94
6185,1/8/2006,4196
6186,1/9/2006,4195.98
6187,1/10/2006,4196
6188,1/11/2006,4196.03
6189,1/12/2006,4196.08
6190,1/13/2006,4196.08
6191,1/14/2006,4196.07
6192,1/15/2006,4196.17
6193,1/16/2006,4196.13
6194,1/17/2006,4196.08
6195,1/18/2006,4196.13
6196,1/19/2006,4196.23
6197,1/20/2006,4196.14
6198,1/21/2006,4196.13
6199,1/22/2006,4196.19
6200,1/23/2006,4196.18
6201,1/24/2006,4196.18
6202,1/25/2006,4196.2
6203,1/26/2006,4196.19
6204,1/27/2006,4196.19
6205,1/28/2006,4196.21
6206,1/29/2006,4196.22
6207,1/30/2006,4196.21
6208,1/31/2006,4196.3
6209,2/1/2006,4196.28
6210,2/2/2006,4196.31
6211,2/3/2006,4196.33
6212,2/4/2006,4196.42
6213,2/5/2006,4196.44
6214,2/6/2006,4196.37
6215,2/7/2006,4196.4
6216,2/8/2006,4196.4
6217,2/9/2006,4196.4
6218,2/10/2006,4196.58
6219,2/11/2006,4196.47
6220,2/12/2006,4196.41
6221,2/13/2006,4196.41
6222,2/14/2006,4196.46
6223,2/15/2006,4196.59
6224,2/16/2006,4196.51
6225,2/17/2006,4196.49
6226,2/18/2006,4196.5
6227,2/19/2006,4196.5
6228,2/20/2006,4196.48
6229,2/21/2006,4196.43
6230,2/22/2006,4196.47
6231,2/23/2006,4196.46
6232,2/24/2006,4196.49
6233,2/25/2006,4196.5
6234,2/26/2006,4196.51
6235,2/27/2006,4196.52
6236,2/28/2006,4196.44
6237,3/1/2006,4196.58
6238,3/2/2006,4196.59
6239,3/3/2006,4196.57
6240,3/4/2006,4196.59
6241,3/5/2006,4196.6
6242,3/6/2006,4196.58
6243,3/7/2006,4196.66
6244,3/8/2006,4196.77
6245,3/9/2006,4196.68
6246,3/10/2006,4196.7
6247,3/11/2006,4196.64
6248,3/12/2006,4196.71
6249,3/13/2006,4196.69
6250,3/14/2006,4196.64
6251,3/15/2006,4196.79
6252,3/16/2006,4196.72
6253,3/17/2006,4196.78
6254,3/18/2006,4196.8
6255,3/19/2006,4196.9
6256,3/20/2006,4196.82
6257,3/21/2006,4196.85
6258,3/22/2006,4196.91
6259,3/23/2006,4196.9
6260,3/24/2006,4196.91
6261,3/25/2006,4196.85
6262,3/26/2006,4197.07
6263,3/27/2006,4196.94
6264,3/28/2006,4196.91
6265,3/29/2006,4196.95
6266,3/30/2006,4197.04
6267,3/31/2006,4197.04
6268,4/1/2006,4197.07
6269,4/2/2006,4197.04
6270,4/3/2006,4197.08
6271,4/4/2006,4197.05
6272,4/5/2006,4196.92
6273,4/6/2006,4197.21
6274,4/7/2006,4197.21
6275,4/8/2006,4197.27
6276,4/9/2006,4197.33
6277,4/10/2006,4197.38
6278,4/11/2006,4197.36
6279,4/12/2006,4197.4
6280,4/13/2006,4197.4
6281,4/14/2006,4197.45
6282,4/15/2006,4197.51
6283,4/16/2006,4197.43
6284,4/17/2006,4197.77
6285,4/18/2006,4197.69
6286,4/19/2006,4197.63
6287,4/20/2006,4197.65
6288,4/21/2006,4197.7
6289,4/22/2006,4197.75
6290,4/23/2006,4197.8
6291,4/24/2006,4197.75
6292,4/25/2006,4197.81
6293,4/26/2006,4197.84
6294,4/27/2006,4197.9
6295,4/28/2006,4198.04
6296,4/29/2006,4197.94
6297,4/30/2006,4197.93
6298,5/1/2006,4197.96
6299,5/2/2006,4198.02
6300,5/3/2006,4198.02
6301,5/4/2006,4197.96
6302,5/5/2006,4198.01
6303,5/6/2006,4198
6304,5/7/2006,4198.02
6305,5/8/2006,4198.12
6306,5/9/2006,4198.15
6307,5/10/2006,4198.09
6308,5/11/2006,4198.11
6309,5/12/2006,4198.1
6310,5/13/2006,4198.14
6311,5/14/2006,4198.14
6312,5/15/2006,4198.13
6313,5/16/2006,4198.12
6314,5/17/2006,4198.1
6315,5/18/2006,4198.12
6316,5/19/2006,4198.15
6317,5/20/2006,4198.06
6318,5/21/2006,4198.05
6319,5/22/2006,4198
6320,5/23/2006,4197.99
6321,5/24/2006,4197.99
6322,5/25/2006,4198.02
6323,5/26/2006,4198.1
6324,5/27/2006,4198.3
6325,5/28/2006,4198.04
6326,5/29/2006,4197.98
6327,5/30/2006,4198.04
6328,5/31/2006,4198.03
6329,6/1/2006,4198.02
6330,6/2/2006,4198.02
6331,6/3/2006,4198.06
6332,6/4/2006,4198.03
6333,6/5/2006,4198.09
6334,6/6/2006,4198.03
6335,6/7/2006,4197.98
6336,6/8/2006,4197.94
6337,6/9/2006,4197.91
6338,6/10/2006,4198
6339,6/11/2006,4198
6340,6/12/2006,4197.99
6341,6/13/2006,4197.95
6342,6/14/2006,4198.08
6343,6/15/2006,4198.01
6344,6/16/2006,4198.02
6345,6/17/2006,4197.93
6346,6/18/2006,4197.97
6347,6/19/2006,4197.95
6348,6/20/2006,4198.02
6349,6/21/2006,4197.92
6350,6/22/2006,4197.92
6351,6/23/2006,4197.84
6352,6/24/2006,4197.84
6353,6/25/2006,4197.83
6354,6/26/2006,4197.82
6355,6/27/2006,4197.82
6356,6/28/2006,4197.8
6357,6/29/2006,4197.8
6358,6/30/2006,4197.82
6359,7/1/2006,4197.76
6360,7/2/2006,4197.72
6361,7/3/2006,4197.71
6362,7/4/2006,4197.63
6363,7/5/2006,4197.66
6364,7/6/2006,4197.64
6365,7/7/2006,4197.59
6366,7/8/2006,4197.62
6367,7/9/2006,4197.59
6368,7/10/2006,4197.52
6369,7/11/2006,4197.45
6370,7/12/2006,4197.42
6371,7/13/2006,4197.48
6372,7/14/2006,4197.44
6373,7/15/2006,4197.41
6374,7/16/2006,4197.41
6375,7/17/2006,4197.4
6376,7/18/2006,4197.34
6377,7/19/2006,4197.3
6378,7/20/2006,4197.34
6379,7/21/2006,4197.32
6380,7/22/2006,4197.31
6381,7/23/2006,4197.3
6382,7/24/2006,4197.32
6383,7/25/2006,4197.26
6384,7/26/2006,4197.23
6385,7/27/2006,4197.23
6386,7/28/2006,4197.19
6387,7/29/2006,4197.16
6388,7/30/2006,4197.12
6389,7/31/2006,4197.12
6390,8/1/2006,4197.11
6391,8/2/2006,4197.09
6392,8/3/2006,4197.03
6393,8/4/2006,4197.04
6394,8/5/2006,4197.03
6395,8/6/2006,4196.99
6396,8/7/2006,4196.89
6397,8/8/2006,4196.89
6398,8/9/2006,4196.95
6399,8/10/2006,4196.88
6400,8/11/2006,4196.89
6401,8/12/2006,4196.84
6402,8/13/2006,4196.92
6403,8/14/2006,4196.81
6404,8/15/2006,4196.77
6405,8/16/2006,4196.72
6406,8/17/2006,4196.77
6407,8/18/2006,4196.81
6408,8/19/2006,4196.73
6409,8/20/2006,4196.71
6410,8/21/2006,4196.68
6411,8/22/2006,4196.65
6412,8/23/2006,4196.63
6413,8/24/2006,4196.68
6414,8/25/2006,4196.65
6415,8/26/2006,4196.71
6416,8/27/2006,4196.6
6417,8/28/2006,4196.6
6418,8/29/2006,4196.57
6419,8/30/2006,4196.54
6420,8/31/2006,4196.66
6421,9/1/2006,4196.52
6422,9/2/2006,4196.49
6423,9/3/2006,4196.46
6424,9/4/2006,4196.43
6425,9/5/2006,4196.43
6426,9/6/2006,4196.44
6427,9/7/2006,4196.43
6428,9/8/2006,4196.4
6429,9/9/2006,4196.33
6430,9/10/2006,4196.34
6431,9/11/2006,4196.36
6432,9/12/2006,4196.36
6433,9/13/2006,4196.32
6434,9/14/2006,4196.27
6435,9/15/2006,4196.38
6436,9/16/2006,4196.48
6437,9/17/2006,4196.41
6438,9/18/2006,4196.37
6439,9/19/2006,4196.38
6440,9/20/2006,4196.52
6441,9/21/2006,4196.38
6442,9/22/2006,4196.61
6443,9/23/2006,4196.44
6444,9/24/2006,4196.4
6445,9/25/2006,4196.4
6446,9/26/2006,4196.4
6447,9/27/2006,4196.39
6448,9/28/2006,4196.38
6449,9/29/2006,4196.37
6450,9/30/2006,4196.37
6451,10/1/2006,4196.36
6452,10/2/2006,4196.4
6453,10/3/2006,4196.38
6454,10/4/2006,4196.28
6455,10/5/2006,4196.27
6456,10/6/2006,4196.33
6457,10/7/2006,4196.36
6458,10/8/2006,4196.44
6459,10/9/2006,4196.49
6460,10/10/2006,4196.46
6461,10/11/2006,4196.42
6462,10/12/2006,4196.41
6463,10/13/2006,4196.42
6464,10/14/2006,4196.43
6465,10/15/2006,4196.44
6466,10/16/2006,4196.5
6467,10/17/2006,4196.63
6468,10/18/2006,4196.54
6469,10/19/2006,4196.4
6470,10/20/2006,4196.54
6471,10/21/2006,4196.5
6472,10/22/2006,4196.42
6473,10/23/2006,4196.42
6474,10/24/2006,4196.42
6475,10/25/2006,4196.6
6476,10/26/2006,4196.49
6477,10/27/2006,4196.42
6478,10/28/2006,4196.42
6479,10/29/2006,4196.41
6480,10/30/2006,4196.48
6481,10/31/2006,4196.45
6482,11/1/2006,4196.42
6483,11/2/2006,4196.4
6484,11/3/2006,4196.41
6485,11/4/2006,4196.42
6486,11/5/2006,4196.41
6487,11/6/2006,4196.41
6488,11/7/2006,4196.4
6489,11/8/2006,4196.44
6490,11/9/2006,4196.5
6491,11/10/2006,4196.5
6492,11/11/2006,4196.46
6493,11/12/2006,4196.5
6494,11/13/2006,4196.38
6495,11/14/2006,4196.62
6496,11/15/2006,4196.48
6497,11/16/2006,4196.5
6498,11/17/2006,4196.5
6499,11/18/2006,4196.51
6500,11/19/2006,4196.53
6501,11/20/2006,4196.54
6502,11/21/2006,4196.55
6503,11/22/2006,4196.54
6504,11/23/2006,4196.57
6505,11/24/2006,4196.56
6506,11/25/2006,4196.57
6507,11/26/2006,4196.59
6508,11/27/2006,4196.5
6509,11/28/2006,4196.63
6510,11/29/2006,4196.67
6511,11/30/2006,4196.53
6512,12/1/2006,4196.56
6513,12/2/2006,4196.59
6514,12/3/2006,4196.55
6515,12/4/2006,4196.57
6516,12/5/2006,4196.56
6517,12/6/2006,4196.58
6518,12/7/2006,4196.59
6519,12/8/2006,4196.6
6520,12/9/2006,4196.6
6521,12/10/2006,4196.61
6522,12/11/2006,4196.62
6523,12/12/2006,4196.62
6524,12/13/2006,4196.65
6525,12/14/2006,4196.65
6526,12/15/2006,4196.73
6527,12/16/2006,4196.73
6528,12/17/2006,4196.7
6529,12/18/2006,4196.75
6530,12/19/2006,4196.73
6531,12/20/2006,4196.7
6532,12/21/2006,4196.71
6533,12/22/2006,4196.72
6534,12/23/2006,4196.72
6535,12/24/2006,4196.72
6536,12/25/2006,4196.72
6537,12/26/2006,4196.72
6538,12/27/2006,4196.76
6539,12/28/2006,4196.95
6540,12/29/2006,4196.89
6541,12/30/2006,4196.8
6542,12/31/2006,4196.8
6543,1/1/2007,4196.81
6544,1/2/2007,4196.79
6545,1/3/2007,4196.79
6546,1/4/2007,4196.8
6547,1/5/2007,4196.96
6548,1/6/2007,4196.83
6549,1/7/2007,4196.88
6550,1/8/2007,4196.84
6551,1/9/2007,4196.82
6552,1/10/2007,4196.85
6553,1/11/2007,4196.92
6554,1/12/2007,4197.02
6555,1/13/2007,4196.87
6556,1/14/2007,4196.84
6557,1/15/2007,4196.81
6558,1/16/2007,4196.81
6559,1/17/2007,4196.83
6560,1/18/2007,4196.81
6561,1/19/2007,4196.82
6562,1/20/2007,4196.83
6563,1/21/2007,4196.87
6564,1/22/2007,4196.84
6565,1/23/2007,4196.8
6566,1/24/2007,4196.8
6567,1/25/2007,4196.8
6568,1/26/2007,4196.82
6569,1/27/2007,4196.84
6570,1/28/2007,4196.82
6571,1/29/2007,4196.81
6572,1/30/2007,4196.81
6573,1/31/2007,4196.86
6574,2/1/2007,4196.82
6575,2/2/2007,4196.84
6576,2/3/2007,4196.82
6577,2/4/2007,4196.82
6578,2/5/2007,4196.81
6579,2/6/2007,4196.82
6580,2/7/2007,4196.84
6581,2/8/2007,4196.86
6582,2/9/2007,4196.86
6583,2/10/2007,4196.86
6584,2/11/2007,4196.88
6585,2/12/2007,4196.92
6586,2/13/2007,4196.95
6587,2/14/2007,4196.99
6588,2/15/2007,4196.97
6589,2/16/2007,4197
6590,2/17/2007,4197
6591,2/18/2007,4197.03
6592,2/19/2007,4197.14
6593,2/20/2007,4197.08
6594,2/21/2007,4197.1
6595,2/22/2007,4197.08
6596,2/23/2007,4197.19
6597,2/24/2007,4197.2
6598,2/25/2007,4197.14
6599,2/26/2007,4197.18
6600,2/27/2007,4197.23
6601,2/28/2007,4197.22
6602,3/1/2007,4197.24
6603,3/2/2007,4197.33
6604,3/3/2007,4197.24
6605,3/4/2007,4197.26
6606,3/5/2007,4197.28
6607,3/6/2007,4197.3
6608,3/7/2007,4197.31
6609,3/8/2007,4197.32
6610,3/9/2007,4197.32
6611,3/10/2007,4197.37
6612,3/11/2007,4197.37
6613,3/12/2007,4197.4
6614,3/13/2007,4197.39
6615,3/14/2007,4197.41
6616,3/15/2007,4197.42
6617,3/16/2007,4197.41
6618,3/17/2007,4197.41
6619,3/18/2007,4197.41
6620,3/19/2007,4197.44
6621,3/20/2007,4197.45
6622,3/21/2007,4197.6
6623,3/22/2007,4197.56
6624,3/23/2007,4197.53
6625,3/24/2007,4197.52
6626,3/25/2007,4197.47
6627,3/26/2007,4197.48
6628,3/27/2007,4197.22
6629,3/28/2007,4197.6
6630,3/29/2007,4197.84
6631,3/30/2007,4197.54
6632,3/31/2007,4197.54
6633,4/1/2007,4197.56
6634,4/2/2007,4197.63
6635,4/3/2007,4197.62
6636,4/4/2007,4197.58
6637,4/5/2007,4197.6
6638,4/6/2007,4197.6
6639,4/7/2007,4197.62
6640,4/8/2007,4197.67
6641,4/9/2007,4197.62
6642,4/10/2007,4197.93
6643,4/11/2007,4197.74
6644,4/12/2007,4197.62
6645,4/13/2007,4197.74
6646,4/14/2007,4197.57
6647,4/15/2007,4197.6
6648,4/16/2007,4197.67
6649,4/17/2007,4197.55
6650,4/18/2007,4197.56
6651,4/19/2007,4197.55
6652,4/20/2007,4197.55
6653,4/21/2007,4197.49
6654,4/22/2007,4197.44
6655,4/23/2007,4197.55
6656,4/24/2007,4197.57
6657,4/25/2007,4197.52
6658,4/26/2007,4197.56
6659,4/27/2007,4197.52
6660,4/28/2007,4197.5
6661,4/29/2007,4197.51
6662,4/30/2007,4197.52
6663,5/1/2007,4197.5
6664,5/2/2007,4197.42
6665,5/3/2007,4197.6
6666,5/4/2007,4197.53
6667,5/5/2007,4197.77
6668,5/6/2007,4197.5
6669,5/7/2007,4197.45
6670,5/8/2007,4197.42
6671,5/9/2007,4197.42
6672,5/10/2007,4197.43
6673,5/11/2007,4197.42
6674,5/12/2007,4197.41
6675,5/13/2007,4197.4
6676,5/14/2007,4197.5
6677,5/15/2007,4197.4
6678,5/16/2007,4197.39
6679,5/17/2007,4197.35
6680,5/18/2007,4197.35
6681,5/19/2007,4197.35
6682,5/20/2007,4197.36
6683,5/21/2007,4197.42
6684,5/22/2007,4197.41
6685,5/23/2007,4197.36
6686,5/24/2007,4197.24
6687,5/25/2007,4197.22
6688,5/26/2007,4197.27
6689,5/27/2007,4197.22
6690,5/28/2007,4197.26
6691,5/29/2007,4197.25
6692,5/30/2007,4197.18
6693,5/31/2007,4197.16
6694,6/1/2007,4197.14
6695,6/2/2007,4197.12
6696,6/3/2007,4197.12
6697,6/4/2007,4197.12
6698,6/5/2007,4197.08
6699,6/6/2007,4197.35
6700,6/7/2007,4197.26
6701,6/8/2007,4197.11
6702,6/9/2007,4197.1
6703,6/10/2007,4197.09
6704,6/11/2007,4197.18
6705,6/12/2007,4197.11
6706,6/13/2007,4197.07
6707,6/14/2007,4197.06
6708,6/15/2007,4197.06
6709,6/16/2007,4197.03
6710,6/17/2007,4197.1
6711,6/18/2007,4197.01
6712,6/19/2007,4196.98
6713,6/20/2007,4196.95
6714,6/21/2007,4196.94
6715,6/22/2007,4196.92
6716,6/23/2007,4196.9
6717,6/24/2007,4196.91
6718,6/25/2007,4196.95
6719,6/26/2007,4196.89
6720,6/27/2007,4196.82
6721,6/28/2007,4196.79
6722,6/29/2007,4196.78
6723,6/30/2007,4196.77
6724,7/1/2007,4196.77
6725,7/2/2007,4196.75
6726,7/3/2007,4196.77
6727,7/4/2007,4196.71
6728,7/5/2007,4196.68
6729,7/6/2007,4196.64
6730,7/7/2007,4196.66
6731,7/8/2007,4196.65
6732,7/9/2007,4196.6
6733,7/10/2007,4196.6
6734,7/11/2007,4196.58
6735,7/12/2007,4196.53
6736,7/13/2007,4196.51
6737,7/14/2007,4196.48
6738,7/15/2007,4196.47
6739,7/16/2007,4196.43
6740,7/17/2007,4196.46
6741,7/18/2007,4196.37
6742,7/19/2007,4196.36
6743,7/20/2007,4196.38
6744,7/21/2007,4196.32
6745,7/22/2007,4196.32
6746,7/23/2007,4196.29
6747,7/24/2007,4196.24
6748,7/25/2007,4196.25
6749,7/26/2007,4196.24
6750,7/27/2007,4196.21
6751,7/28/2007,4196.24
6752,7/29/2007,4196.2
6753,7/30/2007,4196.19
6754,7/31/2007,4196.18
6755,8/1/2007,4196.15
6756,8/2/2007,4196.1
6757,8/3/2007,4196.11
6758,8/4/2007,4196.09
6759,8/5/2007,4196.07
6760,8/6/2007,4196.08
6761,8/7/2007,4195.97
6762,8/8/2007,4196.05
6763,8/9/2007,4195.95
6764,8/10/2007,4195.86
6765,8/11/2007,4195.92
6766,8/12/2007,4195.85
6767,8/13/2007,4195.86
6768,8/14/2007,4195.84
6769,8/15/2007,4195.83
6770,8/16/2007,4195.82
6771,8/17/2007,4195.85
6772,8/18/2007,4195.74
6773,8/19/2007,4195.77
6774,8/20/2007,4195.8
6775,8/21/2007,4195.76
6776,8/22/2007,4195.79
6777,8/23/2007,4195.74
6778,8/24/2007,4195.7
6779,8/25/2007,4195.63
6780,8/26/2007,4195.61
6781,8/27/2007,4195.57
6782,8/28/2007,4195.6
6783,8/29/2007,4195.6
6784,8/30/2007,4195.6
6785,8/31/2007,4195.58
6786,9/1/2007,4195.56
6787,9/2/2007,4195.48
6788,9/3/2007,4195.49
6789,9/4/2007,4195.57
6790,9/5/2007,4195.58
6791,9/6/2007,4195.5
6792,9/7/2007,4195.44
6793,9/8/2007,4195.46
6794,9/9/2007,4195.51
6795,9/10/2007,4195.45
6796,9/11/2007,4195.4
6797,9/12/2007,4195.39
6798,9/13/2007,4195.38
6799,9/14/2007,4195.32
6800,9/15/2007,4195.34
6801,9/16/2007,4195.31
6802,9/17/2007,4195.34
6803,9/18/2007,4195.3
6804,9/19/2007,4195.2
6805,9/20/2007,4195.22
6806,9/21/2007,4195.22
6807,9/22/2007,4195.14
6808,9/23/2007,4195.1
6809,9/24/2007,4195.19
6810,9/25/2007,4195.17
6811,9/26/2007,4195.15
6812,9/27/2007,4195.15
6813,9/28/2007,4195.03
6814,9/29/2007,4195.24
6815,9/30/2007,4195.11
6816,10/1/2007,4195.26
6817,10/2/2007,4195.13
6818,10/3/2007,4195.14
6819,10/4/2007,4195.14
6820,10/5/2007,4195.22
6821,10/6/2007,4195.19
6822,10/7/2007,4195.15
6823,10/8/2007,4195.14
6824,10/9/2007,4195.16
6825,10/10/2007,4195.16
6826,10/11/2007,4195.2
6827,10/12/2007,4195.13
6828,10/13/2007,4195.17
6829,10/14/2007,4195.13
6830,10/15/2007,4195.12
6831,10/16/2007,4195.16
6832,10/17/2007,4195.24
6833,10/18/2007,4195.16
6834,10/19/2007,4195.1
6835,10/20/2007,4195.29
6836,10/21/2007,4195.2
6837,10/22/2007,4195.1
6838,10/23/2007,4195.11
6839,10/24/2007,4195.11
6840,10/25/2007,4195.12
6841,10/26/2007,4195.12
6842,10/27/2007,4195.1
6843,10/28/2007,4195.11
6844,10/29/2007,4195.12
6845,10/30/2007,4195.18
6846,10/31/2007,4195.16
6847,11/1/2007,4195.11
6848,11/2/2007,4195.12
6849,11/3/2007,4195.1
6850,11/4/2007,4195.1
6851,11/5/2007,4195.1
6852,11/6/2007,4195.1
6853,11/7/2007,4195.1
6854,11/8/2007,4195.1
6855,11/9/2007,4195.1
6856,11/10/2007,4195.11
6857,11/11/2007,4195.15
6858,11/12/2007,4195.12
6859,11/13/2007,4195.15
6860,11/14/2007,4195.15
6861,11/15/2007,4195.1
6862,11/16/2007,4195.09
6863,11/17/2007,4195.1
6864,11/18/2007,4195.1
6865,11/19/2007,4195.14
6866,11/20/2007,4195.19
6867,11/21/2007,4195.12
6868,11/22/2007,4195.1
6869,11/23/2007,4195.16
6870,11/24/2007,4195.06
6871,11/25/2007,4195.05
6872,11/26/2007,4195.07
6873,11/27/2007,4195.11
6874,11/28/2007,4195.07
6875,11/29/2007,4195.05
6876,11/30/2007,4195.05
6877,12/1/2007,4195.04
6878,12/2/2007,4194.99
6879,12/3/2007,4195.04
6880,12/4/2007,4195.04
6881,12/5/2007,4195.05
6882,12/6/2007,4195.07
6883,12/7/2007,4195.12
6884,12/8/2007,4195.17
6885,12/9/2007,4195.19
6886,12/10/2007,4195.25
6887,12/11/2007,4195.27
6888,12/12/2007,4195.18
6889,12/13/2007,4195.2
6890,12/14/2007,4195.19
6891,12/15/2007,4195.14
6892,12/16/2007,4195.18
6893,12/17/2007,4195.18
6894,12/18/2007,4195.18
6895,12/19/2007,4195.18
6896,12/20/2007,4195.22
6897,12/21/2007,4195.36
6898,12/22/2007,4195.24
6899,12/23/2007,4195.23
6900,12/24/2007,4195.35
6901,12/25/2007,4195.34
6902,12/26/2007,4195.25
6903,12/27/2007,4195.26
6904,12/28/2007,4195.2
6905,12/29/2007,4195.23
6906,12/30/2007,4195.34
6907,12/31/2007,4195.29
6908,1/1/2008,4195.24
6909,1/2/2008,4195.26
6910,1/3/2008,4195.24
6911,1/4/2008,4195.14
6912,1/5/2008,4195.17
6913,1/6/2008,4195.31
6914,1/7/2008,4195.28
6915,1/8/2008,4195.27
6916,1/9/2008,4195.35
6917,1/10/2008,4195.32
6918,1/11/2008,4195.33
6919,1/12/2008,4195.33
6920,1/13/2008,4195.33
6921,1/14/2008,4195.32
6922,1/15/2008,4195.46
6923,1/16/2008,4195.36
6924,1/17/2008,4195.32
6925,1/18/2008,4195.31
6926,1/19/2008,4195.35
6927,1/20/2008,4195.36
6928,1/21/2008,4195.41
6929,1/22/2008,4195.39
6930,1/23/2008,4195.4
6931,1/24/2008,4195.4
6932,1/25/2008,4195.4
6933,1/26/2008,4195.4
6934,1/27/2008,4195.23
6935,1/28/2008,4195.34
6936,1/29/2008,4195.35
6937,1/30/2008,4195.46
6938,1/31/2008,4195.33
6939,2/1/2008,4195.39
6940,2/2/2008,4195.37
6941,2/3/2008,4195.33
6942,2/4/2008,4195.44
6943,2/5/2008,4195.41
6944,2/6/2008,4195.42
6945,2/7/2008,4195.48
6946,2/8/2008,4195.41
6947,2/9/2008,4195.4
6948,2/10/2008,4195.41
6949,2/11/2008,4195.43
6950,2/12/2008,4195.42
6951,2/13/2008,4195.59
6952,2/14/2008,4195.71
6953,2/15/2008,4195.49
6954,2/16/2008,4195.48
6955,2/17/2008,4195.49
6956,2/18/2008,4195.5
6957,2/19/2008,4195.49
6958,2/20/2008,4195.5
6959,2/21/2008,4195.5
6960,2/22/2008,4195.53
6961,2/23/2008,4195.54
6962,2/24/2008,4195.52
6963,2/25/2008,4195.58
6964,2/26/2008,4195.59
6965,2/27/2008,4195.6
6966,2/28/2008,4195.61
6967,2/29/2008,4195.62
6968,3/1/2008,4195.77
6969,3/2/2008,4195.87
6970,3/3/2008,4195.71
6971,3/4/2008,4195.87
6972,3/5/2008,4195.8
6973,3/6/2008,4195.79
6974,3/7/2008,4195.77
6975,3/8/2008,4195.84
6976,3/9/2008,4195.85
6977,3/10/2008,4195.86
6978,3/11/2008,4195.86
6979,3/12/2008,4195.89
6980,3/13/2008,4195.9
6981,3/14/2008,4195.97
6982,3/15/2008,4195.97
6983,3/16/2008,4196.2
6984,3/17/2008,4196.05
6985,3/18/2008,4195.93
6986,3/19/2008,4195.95
6987,3/20/2008,4196.02
6988,3/21/2008,4196.03
6989,3/22/2008,4196.06
6990,3/23/2008,4196
6991,3/24/2008,4196.01
6992,3/25/2008,4196.02
6993,3/26/2008,4196.11
6994,3/27/2008,4196.13
6995,3/28/2008,4196.02
6996,3/29/2008,4196.12
6997,3/30/2008,4196.02
6998,3/31/2008,4196.13
6999,4/1/2008,4196
7000,4/2/2008,4196
7001,4/3/2008,4196.06
7002,4/4/2008,4196.03
7003,4/5/2008,4196.1
7004,4/6/2008,4196.03
7005,4/7/2008,4196.06
7006,4/8/2008,4196.02
7007,4/9/2008,4196.15
7008,4/10/2008,4196.09
7009,4/11/2008,4196.09
7010,4/12/2008,4196
7011,4/13/2008,4196
7012,4/14/2008,4195.93
7013,4/15/2008,4196.08
7014,4/16/2008,4196.04
7015,4/17/2008,4195.95
7016,4/18/2008,4195.96
7017,4/19/2008,4195.87
7018,4/20/2008,4196.1
7019,4/21/2008,4195.92
7020,4/22/2008,4195.92
7021,4/23/2008,4195.98
7022,4/24/2008,4196.06
7023,4/25/2008,4195.98
7024,4/26/2008,4195.97
7025,4/27/2008,4195.94
7026,4/28/2008,4195.92
7027,4/29/2008,4195.94
7028,4/30/2008,4196.09
7029,5/1/2008,4196.03
7030,5/2/2008,4195.9
7031,5/3/2008,4195.9
7032,5/4/2008,4195.9
7033,5/5/2008,4195.9
7034,5/6/2008,4195.9
7035,5/7/2008,4195.96
7036,5/8/2008,4195.94
7037,5/9/2008,4195.99
7038,5/10/2008,4195.93
7039,5/11/2008,4195.9
7040,5/12/2008,4196.02
7041,5/13/2008,4195.94
7042,5/14/2008,4195.9
7043,5/15/2008,4196.01
7044,5/16/2008,4195.87
7045,5/17/2008,4195.88
7046,5/18/2008,4195.86
7047,5/19/2008,4195.88
7048,5/20/2008,4195.9
7049,5/21/2008,4196.03
7050,5/22/2008,4196.04
7051,5/23/2008,4195.89
7052,5/24/2008,4195.84
7053,5/25/2008,4195.87
7054,5/26/2008,4195.87
7055,5/27/2008,4195.92
7056,5/28/2008,4195.96
7057,5/29/2008,4195.95
7058,5/30/2008,4195.94
7059,5/31/2008,4195.93
7060,6/1/2008,4196.02
7061,6/2/2008,4195.96
7062,6/3/2008,4196
7063,6/4/2008,4196.06
7064,6/5/2008,4196.11
7065,6/6/2008,4195.95
7066,6/7/2008,4195.96
7067,6/8/2008,4195.95
7068,6/9/2008,4195.89
7069,6/10/2008,4196.04
7070,6/11/2008,4195.98
7071,6/12/2008,4195.9
7072,6/13/2008,4195.89
7073,6/14/2008,4195.85
7074,6/15/2008,4195.89
7075,6/16/2008,4195.88
7076,6/17/2008,4195.88
7077,6/18/2008,4195.9
7078,6/19/2008,4195.9
7079,6/20/2008,4195.86
7080,6/21/2008,4195.83
7081,6/22/2008,4195.89
7082,6/23/2008,4195.84
7083,6/24/2008,4195.83
7084,6/25/2008,4195.82
7085,6/26/2008,4195.82
7086,6/27/2008,4195.81
7087,6/28/2008,4195.78
7088,6/29/2008,4195.75
7089,6/30/2008,4195.71
7090,7/1/2008,4195.72
7091,7/2/2008,4195.71
7092,7/3/2008,4195.64
7093,7/4/2008,4195.6
7094,7/5/2008,4195.63
7095,7/6/2008,4195.61
7096,7/7/2008,4195.59
7097,7/8/2008,4195.59
7098,7/9/2008,4195.53
7099,7/10/2008,4195.49
7100,7/11/2008,4195.54
7101,7/12/2008,4195.47
7102,7/13/2008,4195.41
7103,7/14/2008,4195.4
7104,7/15/2008,4195.4
7105,7/16/2008,4195.33
7106,7/17/2008,4195.33
7107,7/18/2008,4195.34
7108,7/19/2008,4195.34
7109,7/20/2008,4195.27
7110,7/21/2008,4195.26
7111,7/22/2008,4195.29
7112,7/23/2008,4195.27
7113,7/24/2008,4195.24
7114,7/25/2008,4195.22
7115,7/26/2008,4195.16
7116,7/27/2008,4195.07
7117,7/28/2008,4195.12
7118,7/29/2008,4195.12
7119,7/30/2008,4195.06
7120,7/31/2008,4195.08
7121,8/1/2008,4195.04
7122,8/2/2008,4195.04
7123,8/3/2008,4195.03
7124,8/4/2008,4194.99
7125,8/5/2008,4194.98
7126,8/6/2008,4194.92
7127,8/7/2008,4194.88
7128,8/8/2008,4194.88
7129,8/9/2008,4194.84
7130,8/10/2008,4194.87
7131,8/11/2008,4194.88
7132,8/12/2008,4194.8
7133,8/13/2008,4194.78
7134,8/14/2008,4194.78
7135,8/15/2008,4194.79
7136,8/16/2008,4194.65
7137,8/17/2008,4194.64
7138,8/18/2008,4194.61
7139,8/19/2008,4194.63
7140,8/20/2008,4194.61
7141,8/21/2008,4194.61
7142,8/22/2008,4194.63
7143,8/23/2008,4194.54
7144,8/24/2008,4194.53
7145,8/25/2008,4194.46
7146,8/26/2008,4194.54
7147,8/27/2008,4194.44
7148,8/28/2008,4194.46
7149,8/29/2008,4194.41
7150,8/30/2008,4194.38
7151,8/31/2008,4194.29
7152,9/1/2008,4194.47
7153,9/2/2008,4194.38
7154,9/3/2008,4194.38
7155,9/4/2008,4194.38
7156,9/5/2008,4194.37
7157,9/6/2008,4194.33
7158,9/7/2008,4194.32
7159,9/8/2008,4194.34
7160,9/9/2008,4194.27
7161,9/10/2008,4194.26
7162,9/11/2008,4194.32
7163,9/12/2008,4194.23
7164,9/13/2008,4194.24
7165,9/14/2008,4194.24
7166,9/15/2008,4194.21
7167,9/16/2008,4194.22
7168,9/17/2008,4194.18
7169,9/18/2008,4194.2
7170,9/19/2008,4194.16
7171,9/20/2008,4194.17
7172,9/21/2008,4194.2
7173,9/22/2008,4194.2
7174,9/23/2008,4194.14
7175,9/24/2008,4194.13
7176,9/25/2008,4194.11
7177,9/26/2008,4194.12
7178,9/27/2008,4194.1
7179,9/28/2008,4194.1
7180,9/29/2008,4194.1
7181,9/30/2008,4194.1
7182,10/1/2008,4194.08
7183,10/2/2008,4194.12
7184,10/3/2008,4194.03
7185,10/4/2008,4193.99
7186,10/5/2008,4194.08
7187,10/6/2008,4194.07
7188,10/7/2008,4194.05
7189,10/8/2008,4194.08
7190,10/9/2008,4194.16
7191,10/10/2008,4194.13
7192,10/11/2008,4194.12
7193,10/12/2008,4194.03
7194,10/13/2008,4194
7195,10/14/2008,4193.99
7196,10/15/2008,4193.99
7197,10/16/2008,4193.99
7198,10/17/2008,4193.99
7199,10/18/2008,4193.99
7200,10/19/2008,4193.98
7201,10/20/2008,4193.98
7202,10/21/2008,4194.11
7203,10/22/2008,4194
7204,10/23/2008,4193.95
7205,10/24/2008,4193.92
7206,10/25/2008,4193.94
7207,10/26/2008,4193.94
7208,10/27/2008,4193.93
7209,10/28/2008,4193.93
7210,10/29/2008,4193.94
7211,10/30/2008,4193.95
7212,10/31/2008,4193.91
7213,11/1/2008,4193.93
7214,11/2/2008,4193.89
7215,11/3/2008,4193.95
7216,11/4/2008,4194.09
7217,11/5/2008,4194.07
7218,11/6/2008,4193.94
7219,11/7/2008,4193.92
7220,11/8/2008,4193.95
7221,11/9/2008,4193.98
7222,11/10/2008,4194
7223,11/11/2008,4194.02
7224,11/12/2008,4193.99
7225,11/13/2008,4194.07
7226,11/14/2008,4194.14
7227,11/15/2008,4194.03
7228,11/16/2008,4194.03
7229,11/17/2008,4194.04
7230,11/18/2008,4194.06
7231,11/19/2008,4194.07
7232,11/20/2008,4194.07
7233,11/21/2008,4194.09
7234,11/22/2008,4194.06
7235,11/23/2008,4194.08
7236,11/24/2008,4194.05
7237,11/25/2008,4194.06
7238,11/26/2008,4194.05
7239,11/27/2008,4194.06
7240,11/28/2008,4194.08
7241,11/29/2008,4194.05
7242,11/30/2008,4194.08
7243,12/1/2008,4194.06
7244,12/2/2008,4194.17
7245,12/3/2008,4194.11
7246,12/4/2008,4194.1
7247,12/5/2008,4194.08
7248,12/6/2008,4194.09
7249,12/7/2008,4194.08
7250,12/8/2008,4194.19
7251,12/9/2008,4194.13
7252,12/10/2008,4194.07
7253,12/11/2008,4194.09
7254,12/12/2008,4194.08
7255,12/13/2008,4194.18
7256,12/14/2008,4194.04
7257,12/15/2008,4193.98
7258,12/16/2008,4194.05
7259,12/17/2008,4194.04
7260,12/18/2008,4194.04
7261,12/19/2008,4194
7262,12/20/2008,4194.03
7263,12/21/2008,4194.02
7264,12/22/2008,4194.1
7265,12/23/2008,4194.07
7266,12/24/2008,4194
7267,12/25/2008,4193.89
7268,12/26/2008,4194.11
7269,12/27/2008,4194.06
7270,12/28/2008,4194.08
7271,12/29/2008,4194.08
7272,12/30/2008,4194.08
7273,12/31/2008,4194.08
7274,1/1/2009,4194.07
7275,1/2/2009,4194.06
7276,1/3/2009,4194.2
7277,1/4/2009,4194.1
7278,1/5/2009,4194.11
7279,1/6/2009,4194.11
7280,1/7/2009,4194.14
7281,1/8/2009,4194.16
7282,1/9/2009,4194.18
7283,1/10/2009,4194.16
7284,1/11/2009,4194.16
7285,1/12/2009,4194.18
7286,1/13/2009,4194.19
7287,1/14/2009,4194.2
7288,1/15/2009,4194.19
7289,1/16/2009,4194.2
7290,1/17/2009,4194.2
7291,1/18/2009,4194.2
7292,1/19/2009,4194.2
7293,1/20/2009,4194.2
7294,1/21/2009,4194.2
7295,1/22/2009,4194.22
7296,1/23/2009,4194.25
7297,1/24/2009,4194.26
7298,1/25/2009,4194.32
7299,1/26/2009,4194.53
7300,1/27/2009,4194.42
7301,1/28/2009,4194.4
7302,1/29/2009,4194.4
7303,1/30/2009,4194.4
7304,1/31/2009,4194.4
7305,2/1/2009,4194.41
7306,2/2/2009,4194.41
7307,2/3/2009,4194.41
7308,2/4/2009,4194.44
7309,2/5/2009,4194.46
7310,2/6/2009,4194.46
7311,2/7/2009,4194.5
7312,2/8/2009,4194.5
7313,2/9/2009,4194.55
7314,2/10/2009,4194.65
7315,2/11/2009,4194.6
7316,2/12/2009,4194.61
7317,2/13/2009,4194.61
7318,2/14/2009,4194.66
7319,2/15/2009,4194.66
7320,2/16/2009,4194.64
7321,2/17/2009,4194.68
7322,2/18/2009,4194.7
7323,2/19/2009,4194.72
7324,2/20/2009,4194.73
7325,2/21/2009,4194.75
7326,2/22/2009,4194.77
7327,2/23/2009,4194.78
7328,2/24/2009,4194.79
7329,2/25/2009,4194.8
7330,2/26/2009,4194.87
7331,2/27/2009,4194.86
7332,2/28/2009,4194.84
7333,3/1/2009,4194.86
7334,3/2/2009,4194.85
7335,3/3/2009,4194.79
7336,3/4/2009,4194.87
7337,3/5/2009,4194.87
7338,3/6/2009,4194.95
7339,3/7/2009,4195.01
7340,3/8/2009,4194.97
7341,3/9/2009,4195.11
7342,3/10/2009,4195.03
7343,3/11/2009,4195.03
7344,3/12/2009,4195.07
7345,3/13/2009,4195.1
7346,3/14/2009,4195.07
7347,3/15/2009,4195.08
7348,3/16/2009,4195.06
7349,3/17/2009,4195.09
7350,3/18/2009,4195.1
7351,3/19/2009,4195.1
7352,3/20/2009,4195.12
7353,3/21/2009,4195.06
7354,3/22/2009,4195.21
7355,3/23/2009,4195.2
7356,3/24/2009,4195.18
7357,3/25/2009,4195.13
7358,3/26/2009,4195.43
7359,3/27/2009,4195.16
7360,3/28/2009,4195.12
7361,3/29/2009,4195.32
7362,3/30/2009,4195.26
7363,3/31/2009,4195.14
7364,4/1/2009,4195.37
7365,4/2/2009,4195.14
7366,4/3/2009,4195.31
7367,4/4/2009,4195.39
7368,4/5/2009,4195.2
7369,4/6/2009,4195.2
7370,4/7/2009,4195.2
7371,4/8/2009,4195.14
7372,4/9/2009,4195.2
7373,4/10/2009,4195.18
7374,4/11/2009,4195.24
7375,4/12/2009,4195.24
7376,4/13/2009,4195.21
7377,4/14/2009,4195.26
7378,4/15/2009,4195.17
7379,4/16/2009,4195.35
7380,4/17/2009,4195.39
7381,4/18/2009,4195.4
7382,4/19/2009,4195.4
7383,4/20/2009,4195.41
7384,4/21/2009,4195.4
7385,4/22/2009,4195.42
7386,4/23/2009,4195.44
7387,4/24/2009,4195.59
7388,4/25/2009,4195.56
7389,4/26/2009,4195.6
7390,4/27/2009,4195.5
7391,4/28/2009,4195.56
7392,4/29/2009,4195.54
7393,4/30/2009,4195.58
7394,5/1/2009,4195.61
7395,5/2/2009,4195.61
7396,5/3/2009,4195.65
7397,5/4/2009,4195.64
7398,5/5/2009,4195.63
7399,5/6/2009,4195.69
7400,5/7/2009,4195.77
7401,5/8/2009,4195.81
7402,5/9/2009,4195.77
7403,5/10/2009,4195.74
7404,5/11/2009,4195.71
7405,5/12/2009,4195.81
7406,5/13/2009,4195.82
7407,5/14/2009,4195.75
7408,5/15/2009,4195.76
7409,5/16/2009,4195.74
7410,5/17/2009,4195.75
7411,5/18/2009,4195.74
7412,5/19/2009,4195.74
7413,5/20/2009,4195.78
7414,5/21/2009,4195.8
7415,5/22/2009,4195.75
7416,5/23/2009,4195.72
7417,5/24/2009,4195.68
7418,5/25/2009,4195.74
7419,5/26/2009,4195.75
7420,5/27/2009,4195.74
7421,5/28/2009,4195.74
7422,5/29/2009,4195.72
7423,5/30/2009,4195.71
7424,5/31/2009,4195.74
7425,6/1/2009,4195.74
7426,6/2/2009,4195.77
7427,6/3/2009,4195.74
7428,6/4/2009,4195.74
7429,6/5/2009,4195.84
7430,6/6/2009,4195.76
7431,6/7/2009,4195.8
7432,6/8/2009,4195.74
7433,6/9/2009,4195.75
7434,6/10/2009,4195.74
7435,6/11/2009,4195.8
7436,6/12/2009,4195.81
7437,6/13/2009,4195.82
7438,6/14/2009,4195.78
7439,6/15/2009,4195.86
7440,6/16/2009,4195.87
7441,6/17/2009,4195.94
7442,6/18/2009,4195.91
7443,6/19/2009,4195.89
7444,6/20/2009,4195.99
7445,6/21/2009,4195.98
7446,6/22/2009,4196.02
7447,6/23/2009,4196.03
7448,6/24/2009,4196.01
7449,6/25/2009,4196
7450,6/26/2009,4195.84
7451,6/27/2009,4196.02
7452,6/28/2009,4196.03
7453,6/29/2009,4196.04
7454,6/30/2009,4196.03
7455,7/1/2009,4196.06
7456,7/2/2009,4196
7457,7/3/2009,4196.06
7458,7/4/2009,4196.1
7459,7/5/2009,4196.04
7460,7/6/2009,4196.07
7461,7/7/2009,4196.05
7462,7/8/2009,4196.09
7463,7/9/2009,4196.04
7464,7/10/2009,4195.99
7465,7/11/2009,4195.95
7466,7/12/2009,4195.91
7467,7/13/2009,4195.97
7468,7/14/2009,4195.92
7469,7/15/2009,4195.85
7470,7/16/2009,4195.81
7471,7/17/2009,4195.81
7472,7/18/2009,4195.81
7473,7/19/2009,4195.81
7474,7/20/2009,4195.77
7475,7/21/2009,4195.75
7476,7/22/2009,4195.72
7477,7/23/2009,4195.7
7478,7/24/2009,4195.7
7479,7/25/2009,4195.62
7480,7/26/2009,4195.62
7481,7/27/2009,4195.65
7482,7/28/2009,4195.62
7483,7/29/2009,4195.59
7484,7/30/2009,4195.54
7485,7/31/2009,4195.48
7486,8/1/2009,4195.46
7487,8/2/2009,4195.43
7488,8/3/2009,4195.41
7489,8/4/2009,4195.39
7490,8/5/2009,4195.33
7491,8/6/2009,4195.28
7492,8/7/2009,4195.3
7493,8/8/2009,4195.32
7494,8/9/2009,4195.21
7495,8/10/2009,4195.19
7496,8/11/2009,4195.17
7497,8/12/2009,4195.17
7498,8/13/2009,4195.11
7499,8/14/2009,4195.18
7500,8/15/2009,4195.19
7501,8/16/2009,4195.06
7502,8/17/2009,4195.06
7503,8/18/2009,4195.04
7504,8/19/2009,4195
7505,8/20/2009,4195
7506,8/21/2009,4195
7507,8/22/2009,4194.98
7508,8/23/2009,4194.93
7509,8/24/2009,4194.98
7510,8/25/2009,4194.95
7511,8/26/2009,4194.95
7512,8/27/2009,4194.93
7513,8/28/2009,4194.92
7514,8/29/2009,4194.93
7515,8/30/2009,4194.93
7516,8/31/2009,4194.92
7517,9/1/2009,4194.88
7518,9/2/2009,4194.89
7519,9/3/2009,4194.86
7520,9/4/2009,4194.85
7521,9/5/2009,4194.84
7522,9/6/2009,4194.78
7523,9/7/2009,4194.83
7524,9/8/2009,4194.84
7525,9/9/2009,4194.75
7526,9/10/2009,4194.74
7527,9/11/2009,4194.73
7528,9/12/2009,4194.7
7529,9/13/2009,4194.59
7530,9/14/2009,4194.62
7531,9/15/2009,4194.66
7532,9/16/2009,4194.65
7533,9/17/2009,4194.64
7534,9/18/2009,4194.64
7535,9/19/2009,4194.65
7536,9/20/2009,4194.69
7537,9/21/2009,4194.76
7538,9/22/2009,4194.56
7539,9/23/2009,4194.55
7540,9/24/2009,4194.53
7541,9/25/2009,4194.54
7542,9/26/2009,4194.51
7543,9/27/2009,4194.51
7544,9/28/2009,4194.5
7545,9/29/2009,4194.36
7546,9/30/2009,4194.91
7547,10/1/2009,4194.48
7548,10/2/2009,4194.43
7549,10/3/2009,4194.39
7550,10/4/2009,4194.37
7551,10/5/2009,4194.42
7552,10/6/2009,4194.4
7553,10/7/2009,4194.38
7554,10/8/2009,4194.39
7555,10/9/2009,4194.4
7556,10/10/2009,4194.39
7557,10/11/2009,4194.37
7558,10/12/2009,4194.33
7559,10/13/2009,4194.17
7560,10/14/2009,4194.28
7561,10/15/2009,4194.33
7562,10/16/2009,4194.34
7563,10/17/2009,4194.33
7564,10/18/2009,4194.36
7565,10/19/2009,4194.4
7566,10/20/2009,4194.45
7567,10/21/2009,4194.44
7568,10/22/2009,4194.4
7569,10/23/2009,4194.39
7570,10/24/2009,4194.43
7571,10/25/2009,4194.45
7572,10/26/2009,4194.36
7573,10/27/2009,4194.52
7574,10/28/2009,4194.79
7575,10/29/2009,4194.49
7576,10/30/2009,4194.33
7577,10/31/2009,4194.35
7578,11/1/2009,4194.35
7579,11/2/2009,4194.36
7580,11/3/2009,4194.35
7581,11/4/2009,4194.35
7582,11/5/2009,4194.35
7583,11/6/2009,4194.36
7584,11/7/2009,4194.37
7585,11/8/2009,4194.38
7586,11/9/2009,4194.36
7587,11/10/2009,4194.37
7588,11/11/2009,4194.36
7589,11/12/2009,4194.37
7590,11/13/2009,4194.39
7591,11/14/2009,4194.45
7592,11/15/2009,4194.36
7593,11/16/2009,4194.32
7594,11/17/2009,4194.36
7595,11/18/2009,4194.36
7596,11/19/2009,4194.36
7597,11/20/2009,4194.33
7598,11/21/2009,4194.45
7599,11/22/2009,4194.44
7600,11/23/2009,4194.38
7601,11/24/2009,4194.36
7602,11/25/2009,4194.38
7603,11/26/2009,4194.38
7604,11/27/2009,4194.38
7605,11/28/2009,4194.45
7606,11/29/2009,4194.43
7607,11/30/2009,4194.4
7608,12/1/2009,4194.4
7609,12/2/2009,4194.42
7610,12/3/2009,4194.41
7611,12/4/2009,4194.34
7612,12/5/2009,4194.41
7613,12/6/2009,4194.35
7614,12/7/2009,4194.33
7615,12/8/2009,4194.46
7616,12/9/2009,4194.32
7617,12/10/2009,4194.32
7618,12/11/2009,4194.31
7619,12/12/2009,4194.33
7620,12/13/2009,4194.37
7621,12/14/2009,4194.39
7622,12/15/2009,4194.39
7623,12/16/2009,4194.39
7624,12/17/2009,4194.39
7625,12/18/2009,4194.39
7626,12/19/2009,4194.4
7627,12/20/2009,4194.4
7628,12/21/2009,4194.4
7629,12/22/2009,4194.42
7630,12/23/2009,4194.49
7631,12/24/2009,4194.42
7632,12/25/2009,4194.41
7633,12/26/2009,4194.42
7634,12/27/2009,4194.4
7635,12/28/2009,4194.4
7636,12/29/2009,4194.41
7637,12/30/2009,4194.44
7638,12/31/2009,4194.43
7639,1/1/2010,4194.44
7640,1/2/2010,4194.46
7641,1/3/2010,4194.46
7642,1/4/2010,4194.47
7643,1/5/2010,4194.48
7644,1/6/2010,4194.49
7645,1/7/2010,4194.5
7646,1/8/2010,4194.48
7647,1/9/2010,4194.49
7648,1/10/2010,4194.48
7649,1/11/2010,4194.48
7650,1/12/2010,4194.48
7651,1/13/2010,4194.5
7652,1/14/2010,4194.5
7653,1/15/2010,4194.49
7654,1/16/2010,4194.5
7655,1/17/2010,4194.52
7656,1/18/2010,4194.52
7657,1/19/2010,4194.5
7658,1/20/2010,4194.54
7659,1/21/2010,4194.54
7660,1/22/2010,4194.43
7661,1/23/2010,4194.59
7662,1/24/2010,4194.6
7663,1/25/2010,4194.59
7664,1/26/2010,4194.6
7665,1/27/2010,4194.6
7666,1/28/2010,4194.61
7667,1/29/2010,4194.62
7668,1/30/2010,4194.61
7669,1/31/2010,4194.61
7670,2/1/2010,4194.63
7671,2/2/2010,4194.66
7672,2/3/2010,4194.67
7673,2/4/2010,4194.68
7674,2/5/2010,4194.7
7675,2/6/2010,4194.74
7676,2/7/2010,4194.79
7677,2/8/2010,4194.78
7678,2/9/2010,4194.76
7679,2/10/2010,4194.78
7680,2/11/2010,4194.78
7681,2/12/2010,4194.78
7682,2/13/2010,4194.8
7683,2/14/2010,4194.81
7684,2/15/2010,4194.82
7685,2/16/2010,4194.86
7686,2/17/2010,4194.87
7687,2/18/2010,4194.88
7688,2/19/2010,4194.9
7689,2/20/2010,4194.92
7690,2/21/2010,4194.92
7691,2/22/2010,4194.98
7692,2/23/2010,4194.92
7693,2/24/2010,4194.92
7694,2/25/2010,4194.96
7695,2/26/2010,4194.95
7696,2/27/2010,4194.99
7697,2/28/2010,4195.04
7698,3/1/2010,4195.03
7699,3/2/2010,4195.02
7700,3/3/2010,4195.02
7701,3/4/2010,4195.06
7702,3/5/2010,4195.06
7703,3/6/2010,4195.1
7704,3/7/2010,4195.12
7705,3/8/2010,4195.16
7706,3/9/2010,4195.27
7707,3/10/2010,4195.31
7708,3/11/2010,4195.22
7709,3/12/2010,4195.2
7710,3/13/2010,4195.48
7711,3/14/2010,4195.54
7712,3/15/2010,4195.34
7713,3/16/2010,4195.3
7714,3/17/2010,4195.3
7715,3/18/2010,4195.43
7716,3/19/2010,4195.49
7717,3/20/2010,4195.34
7718,3/21/2010,4195.33
7719,3/22/2010,4195.39
7720,3/23/2010,4195.48
7721,3/24/2010,4195.4
7722,3/25/2010,4195.39
7723,3/26/2010,4195.43
7724,3/27/2010,4195.37
7725,3/28/2010,4195.3
7726,3/29/2010,4195.29
7727,3/30/2010,4195.24
7728,3/31/2010,4195.36
7729,4/1/2010,4195.38
7730,4/2/2010,4195.31
7731,4/3/2010,4195.36
7732,4/4/2010,4195.28
7733,4/5/2010,4195.35
7734,4/6/2010,4195.51
7735,4/7/2010,4195.37
7736,4/8/2010,4195.31
7737,4/9/2010,4195.47
7738,4/10/2010,4195.34
7739,4/11/2010,4195.27
7740,4/12/2010,4195.3
7741,4/13/2010,4195.28
7742,4/14/2010,4195.3
7743,4/15/2010,4195.32
7744,4/16/2010,4195.33
7745,4/17/2010,4195.33
7746,4/18/2010,4195.34
7747,4/19/2010,4195.33
7748,4/20/2010,4195.29
7749,4/21/2010,4195.45
7750,4/22/2010,4195.38
7751,4/23/2010,4195.51
7752,4/24/2010,4195.41
7753,4/25/2010,4195.51
7754,4/26/2010,4195.44
7755,4/27/2010,4195.24
7756,4/28/2010,4195.5
7757,4/29/2010,4195.56
7758,4/30/2010,4195.39
7759,5/1/2010,4195.39
7760,5/2/2010,4195.51
7761,5/3/2010,4195.36
7762,5/4/2010,4195.52
7763,5/5/2010,4195.45
7764,5/6/2010,4195.52
7765,5/7/2010,4195.41
7766,5/8/2010,4195.39
7767,5/9/2010,4195.43
7768,5/10/2010,4195.5
7769,5/11/2010,4195.46
7770,5/12/2010,4195.53
7771,5/13/2010,4195.44
7772,5/14/2010,4195.43
7773,5/15/2010,4195.41
7774,5/16/2010,4195.41
7775,5/17/2010,4195.39
7776,5/18/2010,4195.39
7777,5/19/2010,4195.41
7778,5/20/2010,4195.44
7779,5/21/2010,4195.49
7780,5/22/2010,4195.5
7781,5/23/2010,4195.52
7782,5/24/2010,4195.46
7783,5/25/2010,4195.42
7784,5/26/2010,4195.42
7785,5/27/2010,4195.37
7786,5/28/2010,4195.55
7787,5/29/2010,4195.49
7788,5/30/2010,4195.44
7789,5/31/2010,4195.44
7790,6/1/2010,4195.5
7791,6/2/2010,4195.46
7792,6/3/2010,4195.51
7793,6/4/2010,4195.52
7794,6/5/2010,4195.5
7795,6/6/2010,4195.52
7796,6/7/2010,4195.7
7797,6/8/2010,4195.54
7798,6/9/2010,4195.55
7799,6/10/2010,4195.6
7800,6/11/2010,4195.69
7801,6/12/2010,4195.62
7802,6/13/2010,4195.62
7803,6/14/2010,4195.62
7804,6/15/2010,4195.62
7805,6/16/2010,4195.78
7806,6/17/2010,4195.64
7807,6/18/2010,4195.68
7808,6/19/2010,4195.61
7809,6/20/2010,4195.6
7810,6/21/2010,4195.71
7811,6/22/2010,4195.68
7812,6/23/2010,4195.62
7813,6/24/2010,4195.61
7814,6/25/2010,4195.63
7815,6/26/2010,4195.68
7816,6/27/2010,4195.62
7817,6/28/2010,4195.6
7818,6/29/2010,4195.53
7819,6/30/2010,4195.43
7820,7/1/2010,4195.49
7821,7/2/2010,4195.48
7822,7/3/2010,4195.57
7823,7/4/2010,4195.5
7824,7/5/2010,4195.4
7825,7/6/2010,4195.48
7826,7/7/2010,4195.43
7827,7/8/2010,4195.34
7828,7/9/2010,4195.29
7829,7/10/2010,4195.28
7830,7/11/2010,4195.29
7831,7/12/2010,4195.26
7832,7/13/2010,4195.25
7833,7/14/2010,4195.31
7834,7/15/2010,4195.21
7835,7/16/2010,4195.19
7836,7/17/2010,4195.17
7837,7/18/2010,4195.15
7838,7/19/2010,4195.15
7839,7/20/2010,4195.15
7840,7/21/2010,4195.03
7841,7/22/2010,4195.08
7842,7/23/2010,4195.04
7843,7/24/2010,4195.04
7844,7/25/2010,4195
7845,7/26/2010,4195.01
7846,7/27/2010,4194.92
7847,7/28/2010,4194.91
7848,7/29/2010,4194.92
7849,7/30/2010,4194.92
7850,7/31/2010,4194.86
7851,8/1/2010,4194.86
7852,8/2/2010,4194.88
7853,8/3/2010,4194.78
7854,8/4/2010,4194.76
7855,8/5/2010,4194.71
7856,8/6/2010,4194.72
7857,8/7/2010,4194.61
7858,8/8/2010,4194.66
7859,8/9/2010,4194.57
7860,8/10/2010,4194.6
7861,8/11/2010,4194.51
7862,8/12/2010,4194.61
7863,8/13/2010,4194.56
7864,8/14/2010,4194.62
7865,8/15/2010,4194.52
7866,8/16/2010,4194.51
7867,8/17/2010,4194.48
7868,8/18/2010,4194.42
7869,8/19/2010,4194.37
7870,8/20/2010,4194.4
7871,8/21/2010,4194.31
7872,8/22/2010,4194.49
7873,8/23/2010,4194.37
7874,8/24/2010,4194.34
7875,8/25/2010,4194.32
7876,8/26/2010,4194.3
7877,8/27/2010,4194.26
7878,8/28/2010,4194.08
7879,8/29/2010,4194.35
7880,8/30/2010,4194.29
7881,8/31/2010,4194.2
7882,9/1/2010,4194.19
7883,9/2/2010,4194.24
7884,9/3/2010,4194.18
7885,9/4/2010,4194.17
7886,9/5/2010,4194.28
7887,9/6/2010,4194.15
7888,9/7/2010,4194.08
7889,9/8/2010,4193.93
7890,9/9/2010,4194.1
7891,9/10/2010,4194.05
7892,9/11/2010,4193.98
7893,9/12/2010,4193.99
7894,9/13/2010,4193.98
7895,9/14/2010,4193.97
7896,9/15/2010,4193.97
7897,9/16/2010,4193.96
7898,9/17/2010,4193.92
7899,9/18/2010,4193.93
7900,9/19/2010,4193.85
7901,9/20/2010,4193.95
7902,9/21/2010,4193.89
7903,9/22/2010,4193.86
7904,9/23/2010,4193.87
7905,9/24/2010,4193.84
7906,9/25/2010,4193.85
7907,9/26/2010,4193.83
7908,9/27/2010,4193.83
7909,9/28/2010,4193.82
7910,9/29/2010,4193.81
7911,9/30/2010,4193.81
7912,10/1/2010,4193.81
7913,10/2/2010,4193.8
7914,10/3/2010,4193.76
7915,10/4/2010,4193.65
7916,10/5/2010,4193.72
7917,10/6/2010,4193.7
7918,10/7/2010,4193.75
7919,10/8/2010,4193.7
7920,10/9/2010,4193.7
7921,10/10/2010,4193.69
7922,10/11/2010,4193.69
7923,10/12/2010,4193.72
7924,10/13/2010,4193.7
7925,10/14/2010,4193.69
7926,10/15/2010,4193.68
7927,10/16/2010,4193.67
7928,10/17/2010,4193.65
7929,10/18/2010,4193.66
7930,10/19/2010,4193.67
7931,10/20/2010,4193.63
7932,10/21/2010,4193.62
7933,10/22/2010,4193.62
7934,10/23/2010,4193.62
7935,10/24/2010,4193.48
7936,10/25/2010,4193.92
7937,10/26/2010,4193.77
7938,10/27/2010,4193.67
7939,10/28/2010,4193.64
7940,10/29/2010,4193.67
7941,10/30/2010,4193.67
7942,10/31/2010,4193.65
7943,11/1/2010,4193.68
7944,11/2/2010,4193.69
7945,11/3/2010,4193.68
7946,11/4/2010,4193.69
7947,11/5/2010,4193.7
7948,11/6/2010,4193.69
7949,11/7/2010,4193.64
7950,11/8/2010,4193.79
7951,11/9/2010,4193.77
7952,11/10/2010,4193.75
7953,11/11/2010,4193.83
7954,11/12/2010,4193.74
7955,11/13/2010,4193.78
7956,11/14/2010,4193.73
7957,11/15/2010,4193.8
7958,11/16/2010,4193.94
7959,11/17/2010,4193.73
7960,11/18/2010,4193.76
7961,11/19/2010,4193.71
7962,11/20/2010,4193.7
7963,11/21/2010,4193.7
7964,11/22/2010,4193.66
7965,11/23/2010,4193.55
7966,11/24/2010,4193.87
7967,11/25/2010,4193.74
7968,11/26/2010,4193.74
7969,11/27/2010,4193.76
7970,11/28/2010,4193.81
7971,11/29/2010,4193.88
7972,11/30/2010,4193.78
7973,12/1/2010,4193.8
7974,12/2/2010,4193.8
7975,12/3/2010,4193.82
7976,12/4/2010,4193.81
7977,12/5/2010,4193.8
7978,12/6/2010,4193.83
7979,12/7/2010,4193.86
7980,12/8/2010,4193.87
7981,12/9/2010,4193.89
7982,12/10/2010,4193.93
7983,12/11/2010,4193.94
7984,12/12/2010,4193.96
7985,12/13/2010,4193.98
7986,12/14/2010,4194.01
7987,12/15/2010,4194.15
7988,12/16/2010,4194.08
7989,12/17/2010,4194.05
7990,12/18/2010,4194.09
7991,12/19/2010,4194.07
7992,12/20/2010,4194.18
7993,12/21/2010,4194.19
7994,12/22/2010,4194.24
7995,12/23/2010,4194.34
7996,12/24/2010,4194.36
7997,12/25/2010,4194.4
7998,12/26/2010,4194.41
7999,12/27/2010,4194.42
8000,12/28/2010,4194.43
8001,12/29/2010,4194.49
8002,12/30/2010,4194.71
8003,12/31/2010,4194.62
8004,1/1/2011,4194.52
8005,1/2/2011,4194.54
8006,1/3/2011,4194.57
8007,1/4/2011,4194.56
8008,1/5/2011,4194.56
8009,1/6/2011,4194.59
8010,1/7/2011,4194.58
8011,1/8/2011,4194.59
8012,1/9/2011,4194.6
8013,1/10/2011,4194.57
8014,1/11/2011,4194.58
8015,1/12/2011,4194.6
8016,1/13/2011,4194.61
8017,1/14/2011,4194.61
8018,1/15/2011,4194.6
8019,1/16/2011,4194.59
8020,1/17/2011,4194.61
8021,1/18/2011,4194.61
8022,1/19/2011,4194.75
8023,1/20/2011,4194.68
8024,1/21/2011,4194.68
8025,1/22/2011,4194.74
8026,1/23/2011,4194.7
8027,1/24/2011,4194.71
8028,1/25/2011,4194.74
8029,1/26/2011,4194.76
8030,1/27/2011,4194.78
8031,1/28/2011,4194.79
8032,1/29/2011,4194.8
8033,1/30/2011,4194.81
8034,1/31/2011,4194.89
8035,2/1/2011,4195.08
8036,2/2/2011,4194.87
8037,2/3/2011,4194.86
8038,2/4/2011,4194.85
8039,2/5/2011,4194.87
8040,2/6/2011,4194.87
8041,2/7/2011,4194.95
8042,2/8/2011,4194.94
8043,2/9/2011,4194.91
8044,2/10/2011,4194.9
8045,2/11/2011,4194.9
8046,2/12/2011,4194.9
8047,2/13/2011,4194.92
8048,2/14/2011,4194.94
8049,2/15/2011,4194.92
8050,2/16/2011,4194.92
8051,2/17/2011,4194.93
8052,2/18/2011,4194.96
8053,2/19/2011,4195
8054,2/20/2011,4195.04
8055,2/21/2011,4195.08
8056,2/22/2011,4195.08
8057,2/23/2011,4195.11
8058,2/24/2011,4195.12
8059,2/25/2011,4195.05
8060,2/26/2011,4195.23
8061,2/27/2011,4195.26
8062,2/28/2011,4195.21
8063,3/1/2011,4195.23
8064,3/2/2011,4195.25
8065,3/3/2011,4195.31
8066,3/4/2011,4195.33
8067,3/5/2011,4195.34
8068,3/6/2011,4195.35
8069,3/7/2011,4195.45
8070,3/8/2011,4195.48
8071,3/9/2011,4195.44
8072,3/10/2011,4195.38
8073,3/11/2011,4195.52
8074,3/12/2011,4195.54
8075,3/13/2011,4195.5
8076,3/14/2011,4195.53
8077,3/15/2011,4195.56
8078,3/16/2011,4195.65
8079,3/17/2011,4195.67
8080,3/18/2011,4195.59
8081,3/19/2011,4195.5
8082,3/20/2011,4195.45
8083,3/21/2011,4195.51
8084,3/22/2011,4195.65
8085,3/23/2011,4195.66
8086,3/24/2011,4195.7
8087,3/25/2011,4195.72
8088,3/26/2011,4195.71
8089,3/27/2011,4195.84
8090,3/28/2011,4195.95
8091,3/29/2011,4195.86
8092,3/30/2011,4195.88
8093,3/31/2011,4195.9
8094,4/1/2011,4195.91
8095,4/2/2011,4195.97
8096,4/3/2011,4196.1
8097,4/4/2011,4195.96
8098,4/5/2011,4196.04
8099,4/6/2011,4195.99
8100,4/7/2011,4196.04
8101,4/8/2011,4196.12
8102,4/9/2011,4196.16
8103,4/10/2011,4196.24
8104,4/11/2011,4196.22
8105,4/12/2011,4196.31
8106,4/13/2011,4196.45
8107,4/14/2011,4196.44
8108,4/15/2011,4196.34
8109,4/16/2011,4196.35
8110,4/17/2011,4196.4
8111,4/18/2011,4196.44
8112,4/19/2011,4196.55
8113,4/20/2011,4196.52
8114,4/21/2011,4196.66
8115,4/22/2011,4196.66
8116,4/23/2011,4196.6
8117,4/24/2011,4196.6
8118,4/25/2011,4196.7
8119,4/26/2011,4196.86
8120,4/27/2011,4196.7
8121,4/28/2011,4196.69
8122,4/29/2011,4196.9
8123,4/30/2011,4196.83
8124,5/1/2011,4196.81
8125,5/2/2011,4196.78
8126,5/3/2011,4196.87
8127,5/4/2011,4196.9
8128,5/5/2011,4196.86
8129,5/6/2011,4196.86
8130,5/7/2011,4196.89
8131,5/8/2011,4197.02
8132,5/9/2011,4197.18
8133,5/10/2011,4197.08
8134,5/11/2011,4197.12
8135,5/12/2011,4197.1
8136,5/13/2011,4197.13
8137,5/14/2011,4197.09
8138,5/15/2011,4197.06
8139,5/16/2011,4197.18
8140,5/17/2011,4197.1
8141,5/18/2011,4197.22
8142,5/19/2011,4197.33
8143,5/20/2011,4197.37
8144,5/21/2011,4197.38
8145,5/22/2011,4197.44
8146,5/23/2011,4197.42
8147,5/24/2011,4197.57
8148,5/25/2011,4197.57
8149,5/26/2011,4197.62
8150,5/27/2011,4197.62
8151,5/28/2011,4197.69
8152,5/29/2011,4197.79
8153,5/30/2011,4197.88
8154,5/31/2011,4197.83
8155,6/1/2011,4197.84
8156,6/2/2011,4197.97
8157,6/3/2011,4198.04
8158,6/4/2011,4198.02
8159,6/5/2011,4198.06
8160,6/6/2011,4198.07
8161,6/7/2011,4198.06
8162,6/8/2011,4198.13
8163,6/9/2011,4198.2
8164,6/10/2011,4198.2
8165,6/11/2011,4198.2
8166,6/12/2011,4198.29
8167,6/13/2011,4198.25
8168,6/14/2011,4198.26
8169,6/15/2011,4198.28
8170,6/16/2011,4198.48
8171,6/17/2011,4198.33
8172,6/18/2011,4198.34
8173,6/19/2011,4198.46
8174,6/20/2011,4198.39
8175,6/21/2011,4198.4
8176,6/22/2011,4198.4
8177,6/23/2011,4198.41
8178,6/24/2011,4198.46
8179,6/25/2011,4198.52
8180,6/26/2011,4198.53
8181,6/27/2011,4198.5
8182,6/28/2011,4198.38
8183,6/29/2011,4198.36
8184,6/30/2011,4198.46
8185,7/1/2011,4198.46
8186,7/2/2011,4198.44
8187,7/3/2011,4198.42
8188,7/4/2011,4198.38
8189,7/5/2011,4198.42
8190,7/6/2011,4198.42
8191,7/7/2011,4198.47
8192,7/8/2011,4198.47
8193,7/9/2011,4198.48
8194,7/10/2011,4198.38
8195,7/11/2011,4198.4
8196,7/12/2011,4198.4
8197,7/13/2011,4198.33
8198,7/14/2011,4198.32
8199,7/15/2011,4198.38
8200,7/16/2011,4198.36
8201,7/17/2011,4198.31
8202,7/18/2011,4198.29
8203,7/19/2011,4198.32
8204,7/20/2011,4198.38
8205,7/21/2011,4198.31
8206,7/22/2011,4198.3
8207,7/23/2011,4198.34
8208,7/24/2011,4198.26
8209,7/25/2011,4198.17
8210,7/26/2011,4198.17
8211,7/27/2011,4198.21
8212,7/28/2011,4198.2
8213,7/29/2011,4198.2
8214,7/30/2011,4198.21
8215,7/31/2011,4198.15
8216,8/1/2011,4198.2
8217,8/2/2011,4198.21
8218,8/3/2011,4198.17
8219,8/4/2011,4198.12
8220,8/5/2011,4198.16
8221,8/6/2011,4198.15
8222,8/7/2011,4198.14
8223,8/8/2011,4198.11
8224,8/9/2011,4198.12
8225,8/10/2011,4198.11
8226,8/11/2011,4198.08
8227,8/12/2011,4198.09
8228,8/13/2011,4198.04
8229,8/14/2011,4197.95
8230,8/15/2011,4197.97
8231,8/16/2011,4198.06
8232,8/17/2011,4197.96
8233,8/18/2011,4197.96
8234,8/19/2011,4197.96
8235,8/20/2011,4197.92
8236,8/21/2011,4197.9
8237,8/22/2011,4197.86
8238,8/23/2011,4197.9
8239,8/24/2011,4197.88
8240,8/25/2011,4197.82
8241,8/26/2011,4197.81
8242,8/27/2011,4197.84
8243,8/28/2011,4197.77
8244,8/29/2011,4197.78
8245,8/30/2011,4197.76
8246,8/31/2011,4197.67
8247,9/1/2011,4197.78
8248,9/2/2011,4197.75
8249,9/3/2011,4197.71
8250,9/4/2011,4197.67
8251,9/5/2011,4197.65
8252,9/6/2011,4197.64
8253,9/7/2011,4197.61
8254,9/8/2011,4197.6
8255,9/9/2011,4197.6
8256,9/10/2011,4197.56
8257,9/11/2011,4197.55
8258,9/12/2011,4197.55
8259,9/13/2011,4197.56
8260,9/14/2011,4197.53
8261,9/15/2011,4197.5
8262,9/16/2011,4197.51
8263,9/17/2011,4197.52
8264,9/18/2011,4197.51
8265,9/19/2011,4197.5
8266,9/20/2011,4197.5
8267,9/21/2011,4197.5
8268,9/22/2011,4197.5
8269,9/23/2011,4197.49
8270,9/24/2011,4197.49
8271,9/25/2011,4197.48
8272,9/26/2011,4197.51
8273,9/27/2011,4197.47
8274,9/28/2011,4197.47
8275,9/29/2011,4197.49
8276,9/30/2011,4197.45
8277,10/1/2011,4197.43
8278,10/2/2011,4197.41
8279,10/3/2011,4197.38
8280,10/4/2011,4197.37
8281,10/5/2011,4197.07
8282,10/6/2011,4197.55
8283,10/7/2011,4197.42
8284,10/8/2011,4197.48
8285,10/9/2011,4197.45
8286,10/10/2011,4197.47
8287,10/11/2011,4197.48
8288,10/12/2011,4197.5
8289,10/13/2011,4197.49
8290,10/14/2011,4197.5
8291,10/15/2011,4197.52
8292,10/16/2011,4197.59
8293,10/17/2011,4197.57
8294,10/18/2011,4197.55
8295,10/19/2011,4197.55
8296,10/20/2011,4197.58
8297,10/21/2011,4197.56
8298,10/22/2011,4197.59
8299,10/23/2011,4197.58
8300,10/24/2011,4197.62
8301,10/25/2011,4197.68
8302,10/26/2011,4197.76
8303,10/27/2011,4197.59
8304,10/28/2011,4197.56
8305,10/29/2011,4197.56
8306,10/30/2011,4197.58
8307,10/31/2011,4197.6
8308,11/1/2011,4197.82
8309,11/2/2011,4197.65
8310,11/3/2011,4197.62
8311,11/4/2011,4197.64
8312,11/5/2011,4197.67
8313,11/6/2011,4197.6
8314,11/7/2011,4197.72
8315,11/8/2011,4197.64
8316,11/9/2011,4197.6
8317,11/10/2011,4197.55
8318,11/11/2011,4197.54
8319,11/12/2011,4197.56
8320,11/13/2011,4197.56
8321,11/14/2011,4197.58
8322,11/15/2011,4197.64
8323,11/16/2011,4197.62
8324,11/17/2011,4197.58
8325,11/18/2011,4197.65
8326,11/19/2011,4197.66
8327,11/20/2011,4197.65
8328,11/21/2011,4197.64
8329,11/22/2011,4197.64
8330,11/23/2011,4197.65
8331,11/24/2011,4197.68
8332,11/25/2011,4197.78
8333,11/26/2011,4197.7
8334,11/27/2011,4197.68
8335,11/28/2011,4197.7
8336,11/29/2011,4197.75
8337,11/30/2011,4197.81
8338,12/1/2011,4198.09
8339,12/2/2011,4197.83
8340,12/3/2011,4197.94
8341,12/4/2011,4197.8
8342,12/5/2011,4197.82
8343,12/6/2011,4197.78
8344,12/7/2011,4197.78
8345,12/8/2011,4197.81
8346,12/9/2011,4197.79
8347,12/10/2011,4197.79
8348,12/11/2011,4197.79
8349,12/12/2011,4197.79
8350,12/13/2011,4197.79
8351,12/14/2011,4197.8
8352,12/15/2011,4197.79
8353,12/16/2011,4197.8
8354,12/17/2011,4197.8
8355,12/18/2011,4197.83
8356,12/19/2011,4197.8
8357,12/20/2011,4197.8
8358,12/21/2011,4197.84
8359,12/22/2011,4197.91
8360,12/23/2011,4197.81
8361,12/24/2011,4197.81
8362,12/25/2011,4197.8
8363,12/26/2011,4197.81
8364,12/27/2011,4197.83
8365,12/28/2011,4197.84
8366,12/29/2011,4197.84
8367,12/30/2011,4197.84
8368,12/31/2011,4197.95
8369,1/1/2012,4197.84
8370,1/2/2012,4197.82
8371,1/3/2012,4197.82
8372,1/4/2012,4197.84
8373,1/5/2012,4197.84
8374,1/6/2012,4197.85
8375,1/7/2012,4197.94
8376,1/8/2012,4197.9
8377,1/9/2012,4197.9
8378,1/10/2012,4197.9
8379,1/11/2012,4197.92
8380,1/12/2012,4197.9
8381,1/13/2012,4197.92
8382,1/14/2012,4198
8383,1/15/2012,4197.96
8384,1/16/2012,4198.12
8385,1/17/2012,4197.97
8386,1/18/2012,4197.99
8387,1/19/2012,4198.03
8388,1/20/2012,4198.02
8389,1/21/2012,4198.09
8390,1/22/2012,4198.15
8391,1/23/2012,4198.14
8392,1/24/2012,4198.19
8393,1/25/2012,4198.18
8394,1/26/2012,4198.21
8395,1/27/2012,4198.27
8396,1/28/2012,4198.22
8397,1/29/2012,4198.24
8398,1/30/2012,4198.24
8399,1/31/2012,4198.27
8400,2/1/2012,4198.28
8401,2/2/2012,4198.43
8402,2/3/2012,4198.37
8403,2/4/2012,4198.34
8404,2/5/2012,4198.38
8405,2/6/2012,4198.38
8406,2/7/2012,4198.38
8407,2/8/2012,4198.4
8408,2/9/2012,4198.39
8409,2/10/2012,4198.4
8410,2/11/2012,4198.4
8411,2/12/2012,4198.44
8412,2/13/2012,4198.41
8413,2/14/2012,4198.41
8414,2/15/2012,4198.47
8415,2/16/2012,4198.5
8416,2/17/2012,4198.45
8417,2/18/2012,4198.46
8418,2/19/2012,4198.59
8419,2/20/2012,4198.44
8420,2/21/2012,4198.46
8421,2/22/2012,4198.54
8422,2/23/2012,4198.7
8423,2/24/2012,4198.49
8424,2/25/2012,4198.72
8425,2/26/2012,4198.53
8426,2/27/2012,4198.53
8427,2/28/2012,4198.54
8428,2/29/2012,4198.43
8429,3/1/2012,4198.54
8430,3/2/2012,4198.66
8431,3/3/2012,4198.5
8432,3/4/2012,4198.51
8433,3/5/2012,4198.53
8434,3/6/2012,4198.77
8435,3/7/2012,4198.95
8436,3/8/2012,4198.66
8437,3/9/2012,4198.6
8438,3/10/2012,4198.6
8439,3/11/2012,4198.59
8440,3/12/2012,4198.58
8441,3/13/2012,4198.51
8442,3/14/2012,4198.57
8443,3/15/2012,4198.6
8444,3/16/2012,4198.58
8445,3/17/2012,4198.35
8446,3/18/2012,4198.48
8447,3/19/2012,4198.66
8448,3/20/2012,4198.63
8449,3/21/2012,4198.6
8450,3/22/2012,4198.6
8451,3/23/2012,4198.55
8452,3/24/2012,4198.62
8453,3/25/2012,4198.62
8454,3/26/2012,4198.47
8455,3/27/2012,4198.62
8456,3/28/2012,4198.62
8457,3/29/2012,4198.65
8458,3/30/2012,4198.64
8459,3/31/2012,4198.51
8460,4/1/2012,4198.79
8461,4/2/2012,4198.84
8462,4/3/2012,4198.68
8463,4/4/2012,4198.69
8464,4/5/2012,4198.76
8465,4/6/2012,4198.75
8466,4/7/2012,4198.66
8467,4/8/2012,4198.65
8468,4/9/2012,4198.66
8469,4/10/2012,4198.66
8470,4/11/2012,4198.54
8471,4/12/2012,4198.66
8472,4/13/2012,4198.63
8473,4/14/2012,4198.66
8474,4/15/2012,4198.75
8475,4/16/2012,4198.67
8476,4/17/2012,4198.62
8477,4/18/2012,4198.66
8478,4/19/2012,4198.66
8479,4/20/2012,4198.65
8480,4/21/2012,4198.67
8481,4/22/2012,4198.68
8482,4/23/2012,4198.66
8483,4/24/2012,4198.66
8484,4/25/2012,4198.64
8485,4/26/2012,4198.76
8486,4/27/2012,4198.79
8487,4/28/2012,4198.65
8488,4/29/2012,4198.64
8489,4/30/2012,4198.63
8490,5/1/2012,4198.65
8491,5/2/2012,4198.68
8492,5/3/2012,4198.68
8493,5/4/2012,4198.72
8494,5/5/2012,4198.79
8495,5/6/2012,4198.72
8496,5/7/2012,4198.79
8497,5/8/2012,4198.62
8498,5/9/2012,4198.59
8499,5/10/2012,4198.63
8500,5/11/2012,4198.63
8501,5/12/2012,4198.56
8502,5/13/2012,4198.57
8503,5/14/2012,4198.53
8504,5/15/2012,4198.52
8505,5/16/2012,4198.5
8506,5/17/2012,4198.49
8507,5/18/2012,4198.65
8508,5/19/2012,4198.5
8509,5/20/2012,4198.49
8510,5/21/2012,4198.48
8511,5/22/2012,4198.5
8512,5/23/2012,4198.61
8513,5/24/2012,4198.52
8514,5/25/2012,4198.5
8515,5/26/2012,4198.32
8516,5/27/2012,4198.32
8517,5/28/2012,4198.31
8518,5/29/2012,4198.31
8519,5/30/2012,4198.32
8520,5/31/2012,4198.3
8521,6/1/2012,4198.3
8522,6/2/2012,4198.29
8523,6/3/2012,4198.3
8524,6/4/2012,4198.23
8525,6/5/2012,4198.43
8526,6/6/2012,4198.24
8527,6/7/2012,4198.2
8528,6/8/2012,4198.2
8529,6/9/2012,4198.44
8530,6/10/2012,4198.17
8531,6/11/2012,4198.1
8532,6/12/2012,4198.1
8533,6/13/2012,4198.1
8534,6/14/2012,4198.16
8535,6/15/2012,4198.11
8536,6/16/2012,4198.1
8537,6/17/2012,4198.01
8538,6/18/2012,4198.06
8539,6/19/2012,4198.1
8540,6/20/2012,4198.05
8541,6/21/2012,4197.92
8542,6/22/2012,4197.85
8543,6/23/2012,4197.76
8544,6/24/2012,4197.72
8545,6/25/2012,4197.72
8546,6/26/2012,4197.74
8547,6/27/2012,4197.81
8548,6/28/2012,4197.74
8549,6/29/2012,4197.73
8550,6/30/2012,4197.72
8551,7/1/2012,4197.69
8552,7/2/2012,4197.69
8553,7/3/2012,4197.61
8554,7/4/2012,4197.62
8555,7/5/2012,4197.62
8556,7/6/2012,4197.61
8557,7/7/2012,4197.59
8558,7/8/2012,4197.6
8559,7/9/2012,4197.58
8560,7/10/2012,4197.58
8561,7/11/2012,4197.51
8562,7/12/2012,4197.5
8563,7/13/2012,4197.42
8564,7/14/2012,4197.47
8565,7/15/2012,4197.44
8566,7/16/2012,4197.42
8567,7/17/2012,4197.43
8568,7/18/2012,4197.4
8569,7/19/2012,4197.38
8570,7/20/2012,4197.38
8571,7/21/2012,4197.34
8572,7/22/2012,4197.38
8573,7/23/2012,4197.27
8574,7/24/2012,4197.33
8575,7/25/2012,4197.28
8576,7/26/2012,4197.28
8577,7/27/2012,4197.22
8578,7/28/2012,4197.15
8579,7/29/2012,4197.17
8580,7/30/2012,4197.16
8581,7/31/2012,4197.14
8582,8/1/2012,4197.12
8583,8/2/2012,4197.12
8584,8/3/2012,4197.12
8585,8/4/2012,4197.1
8586,8/5/2012,4197.04
8587,8/6/2012,4197.05
8588,8/7/2012,4197.03
8589,8/8/2012,4197
8590,8/9/2012,4196.98
8591,8/10/2012,4197.01
8592,8/11/2012,4196.93
8593,8/12/2012,4196.92
8594,8/13/2012,4196.9
8595,8/14/2012,4196.86
8596,8/15/2012,4196.85
8597,8/16/2012,4196.87
8598,8/17/2012,4196.85
8599,8/18/2012,4196.83
8600,8/19/2012,4196.84
8601,8/20/2012,4196.82
8602,8/21/2012,4196.78
8603,8/22/2012,4196.74
8604,8/23/2012,4196.72
8605,8/24/2012,4196.72
8606,8/25/2012,4196.71
8607,8/26/2012,4196.65
8608,8/27/2012,4196.65
8609,8/28/2012,4196.68
8610,8/29/2012,4196.62
8611,8/30/2012,4196.64
8612,8/31/2012,4196.56
8613,9/1/2012,4196.61
8614,9/2/2012,4196.65
8615,9/3/2012,4196.61
8616,9/4/2012,4196.6
8617,9/5/2012,4196.59
8618,9/6/2012,4196.6
8619,9/7/2012,4196.57
8620,9/8/2012,4196.56
8621,9/9/2012,4196.53
8622,9/10/2012,4196.45
8623,9/11/2012,4196.5
8624,9/12/2012,4196.51
8625,9/13/2012,4196.46
8626,9/14/2012,4196.41
8627,9/15/2012,4196.41
8628,9/16/2012,4196.41
8629,9/17/2012,4196.44
8630,9/18/2012,4196.4
8631,9/19/2012,4196.39
8632,9/20/2012,4196.38
8633,9/21/2012,4196.36
8634,9/22/2012,4196.33
8635,9/23/2012,4196.33
8636,9/24/2012,4196.42
8637,9/25/2012,4196.26
8638,9/26/2012,4196.31
8639,9/27/2012,4196.29
8640,9/28/2012,4196.28
8641,9/29/2012,4196.28
8642,9/30/2012,4196.26
8643,10/1/2012,4196.26
8644,10/2/2012,4196.24
8645,10/3/2012,4196.31
8646,10/4/2012,4196.24
8647,10/5/2012,4196.27
8648,10/6/2012,4196.22
8649,10/7/2012,4196.16
8650,10/8/2012,4196.11
8651,10/9/2012,4196.12
8652,10/10/2012,4196.1
8653,10/11/2012,4196.1
8654,10/12/2012,4196.07
8655,10/13/2012,4196.04
8656,10/14/2012,4196.07
8657,10/15/2012,4196.07
8658,10/16/2012,4196.17
8659,10/17/2012,4196.17
8660,10/18/2012,4196.05
8661,10/19/2012,4196.06
8662,10/20/2012,4196.03
8663,10/21/2012,4196.03
8664,10/22/2012,4195.99
8665,10/23/2012,4196.12
8666,10/24/2012,4196.11
8667,10/25/2012,4196.12
8668,10/26/2012,4196.1
8669,10/27/2012,4196.1
8670,10/28/2012,4196.13
8671,10/29/2012,4196.12
8672,10/30/2012,4196.15
8673,10/31/2012,4196.13
8674,11/1/2012,4196.12
8675,11/2/2012,4196.14
8676,11/3/2012,4196.12
8677,11/4/2012,4196.13
8678,11/5/2012,4196.12
8679,11/6/2012,4196.11
8680,11/7/2012,4196.11
8681,11/8/2012,4195.94
8682,11/9/2012,4196.1
8683,11/10/2012,4196.23
8684,11/11/2012,4196.28
8685,11/12/2012,4196.12
8686,11/13/2012,4196.14
8687,11/14/2012,4196.16
8688,11/15/2012,4196.16
8689,11/16/2012,4196.17
8690,11/17/2012,4196.15
8691,11/18/2012,4196.17
8692,11/19/2012,4196.17
8693,11/20/2012,4196.19
8694,11/21/2012,4196.22
8695,11/22/2012,4196.23
8696,11/23/2012,4196.2
8697,11/24/2012,4196.2
8698,11/25/2012,4196.21
8699,11/26/2012,4196.2
8700,11/27/2012,4196.19
8701,11/28/2012,4196.2
8702,11/29/2012,4196.19
8703,11/30/2012,4196.14
8704,12/1/2012,4196.18
8705,12/2/2012,4196.14
8706,12/3/2012,4196.21
8707,12/4/2012,4196.22
8708,12/5/2012,4196.23
8709,12/6/2012,4196.24
8710,12/7/2012,4196.25
8711,12/8/2012,4196.37
8712,12/9/2012,4196.27
8713,12/10/2012,4196.22
8714,12/11/2012,4196.22
8715,12/12/2012,4196.22
8716,12/13/2012,4196.26
8717,12/14/2012,4196.31
8718,12/15/2012,4196.33
8719,12/16/2012,4196.26
8720,12/17/2012,4196.22
8721,12/18/2012,4196.41
8722,12/19/2012,4196.44
8723,12/20/2012,4196.26
8724,12/21/2012,4196.29
8725,12/22/2012,4196.3
8726,12/23/2012,4196.28
8727,12/24/2012,4196.39
8728,12/25/2012,4196.31
8729,12/26/2012,4196.32
8730,12/27/2012,4196.41
8731,12/28/2012,4196.36
8732,12/29/2012,4196.36
8733,12/30/2012,4196.39
8734,12/31/2012,4196.42
8735,1/1/2013,4196.39
8736,1/2/2013,4196.37
8737,1/3/2013,4196.38
8738,1/4/2013,4196.38
8739,1/5/2013,4196.37
8740,1/6/2013,4196.37
8741,1/7/2013,4196.37
8742,1/8/2013,4196.36
8743,1/9/2013,4196.36
8744,1/10/2013,4196.43
8745,1/11/2013,4196.43
8746,1/12/2013,4196.38
8747,1/13/2013,4196.38
8748,1/14/2013,4196.4
8749,1/15/2013,4196.4
8750,1/16/2013,4196.42
8751,1/17/2013,4196.4
8752,1/18/2013,4196.4
8753,1/19/2013,4196.4
8754,1/20/2013,4196.4
8755,1/21/2013,4196.4
8756,1/22/2013,4196.4
8757,1/23/2013,4196.4
8758,1/24/2013,4196.4
8759,1/25/2013,4196.41
8760,1/26/2013,4196.4
8761,1/27/2013,4196.45
8762,1/28/2013,4196.46
8763,1/29/2013,4196.44
8764,1/30/2013,4196.48
8765,1/31/2013,4196.47
8766,2/1/2013,4196.48
8767,2/2/2013,4196.49
8768,2/3/2013,4196.49
8769,2/4/2013,4196.48
8770,2/5/2013,4196.47
8771,2/6/2013,4196.48
8772,2/7/2013,4196.53
8773,2/8/2013,4196.55
8774,2/9/2013,4196.57
8775,2/10/2013,4196.56
8776,2/11/2013,4196.57
8777,2/12/2013,4196.56
8778,2/13/2013,4196.56
8779,2/14/2013,4196.57
8780,2/15/2013,4196.57
8781,2/16/2013,4196.56
8782,2/17/2013,4196.57
8783,2/18/2013,4196.57
8784,2/19/2013,4196.59
8785,2/20/2013,4196.63
8786,2/21/2013,4196.64
8787,2/22/2013,4196.6
8788,2/23/2013,4196.71
8789,2/24/2013,4196.71
8790,2/25/2013,4196.63
8791,2/26/2013,4196.71
8792,2/27/2013,4196.62
8793,2/28/2013,4196.63
8794,3/1/2013,4196.62
8795,3/2/2013,4196.62
8796,3/3/2013,4196.64
8797,3/4/2013,4196.76
8798,3/5/2013,4196.71
8799,3/6/2013,4196.71
8800,3/7/2013,4196.74
8801,3/8/2013,4196.77
8802,3/9/2013,4196.95
8803,3/10/2013,4196.81
8804,3/11/2013,4196.8
8805,3/12/2013,4196.81
8806,3/13/2013,4196.83
8807,3/14/2013,4196.86
8808,3/15/2013,4196.88
8809,3/16/2013,4196.89
8810,3/17/2013,4197.06
8811,3/18/2013,4196.9
8812,3/19/2013,4196.9
8813,3/20/2013,4196.86
8814,3/21/2013,4197.04
8815,3/22/2013,4197.03
8816,3/23/2013,4196.95
8817,3/24/2013,4196.9
8818,3/25/2013,4196.9
8819,3/26/2013,4196.9
8820,3/27/2013,4196.91
8821,3/28/2013,4196.91
8822,3/29/2013,4196.91
8823,3/30/2013,4196.9
8824,3/31/2013,4196.88
8825,4/1/2013,4196.89
8826,4/2/2013,4196.9
8827,4/3/2013,4196.91
8828,4/4/2013,4196.89
8829,4/5/2013,4196.94
8830,4/6/2013,4196.94
8831,4/7/2013,4196.92
8832,4/8/2013,4197.2
8833,4/9/2013,4197.15
8834,4/10/2013,4196.92
8835,4/11/2013,4196.93
8836,4/12/2013,4196.94
8837,4/13/2013,4197.01
8838,4/14/2013,4197
8839,4/15/2013,4196.91
8840,4/16/2013,4197.01
8841,4/17/2013,4197.05
8842,4/18/2013,4196.92
8843,4/19/2013,4196.84
8844,4/20/2013,4196.92
8845,4/21/2013,4196.88
8846,4/22/2013,4197
8847,4/23/2013,4196.96
8848,4/24/2013,4196.86
8849,4/25/2013,4196.84
8850,4/26/2013,4196.82
8851,4/27/2013,4196.81
8852,4/28/2013,4196.82
8853,4/29/2013,4196.84
8854,4/30/2013,4196.97
8855,5/1/2013,4196.97
8856,5/2/2013,4196.8
8857,5/3/2013,4196.8
8858,5/4/2013,4196.8
8859,5/5/2013,4196.75
8860,5/6/2013,4196.67
8861,5/7/2013,4196.59
8862,5/8/2013,4196.64
8863,5/9/2013,4196.68
8864,5/10/2013,4196.66
8865,5/11/2013,4196.61
8866,5/12/2013,4196.6
8867,5/13/2013,4196.6
8868,5/14/2013,4196.62
8869,5/15/2013,4196.64
8870,5/16/2013,4196.68
8871,5/17/2013,4196.7
8872,5/18/2013,4196.62
8873,5/19/2013,4196.61
8874,5/20/2013,4196.7
8875,5/21/2013,4196.56
8876,5/22/2013,4196.75
8877,5/23/2013,4196.76
8878,5/24/2013,4196.55
8879,5/25/2013,4196.53
8880,5/26/2013,4196.56
8881,5/27/2013,4196.58
8882,5/28/2013,4196.59
8883,5/29/2013,4196.51
8884,5/30/2013,4196.51
8885,5/31/2013,4196.52
8886,6/1/2013,4196.48
8887,6/2/2013,4196.46
8888,6/3/2013,4196.53
8889,6/4/2013,4196.44
8890,6/5/2013,4196.45
8891,6/6/2013,4196.4
8892,6/7/2013,4196.4
8893,6/8/2013,4196.42
8894,6/9/2013,4196.39
8895,6/10/2013,4196.28
8896,6/11/2013,4196.26
8897,6/12/2013,4196.29
8898,6/13/2013,4196.43
8899,6/14/2013,4196.34
8900,6/15/2013,4196.21
8901,6/16/2013,4196.11
8902,6/17/2013,4196.11
8903,6/18/2013,4196.07
8904,6/19/2013,4196.19
8905,6/20/2013,4196.06
8906,6/21/2013,4196.02
8907,6/22/2013,4196.01
8908,6/23/2013,4195.92
8909,6/24/2013,4195.83
8910,6/25/2013,4195.92
8911,6/26/2013,4195.89
8912,6/27/2013,4195.88
8913,6/28/2013,4195.87
8914,6/29/2013,4195.86
8915,6/30/2013,4195.86
8916,7/1/2013,4195.82
8917,7/2/2013,4195.82
8918,7/3/2013,4195.84
8919,7/4/2013,4195.81
8920,7/5/2013,4195.9
8921,7/6/2013,4195.77
8922,7/7/2013,4195.74
8923,7/8/2013,4195.84
8924,7/9/2013,4195.77
8925,7/10/2013,4195.73
8926,7/11/2013,4195.75
8927,7/12/2013,4195.65
8928,7/13/2013,4195.58
8929,7/14/2013,4195.67
8930,7/15/2013,4195.65
8931,7/16/2013,4195.46
8932,7/17/2013,4195.51
8933,7/18/2013,4195.55
8934,7/19/2013,4195.55
8935,7/20/2013,4195.52
8936,7/21/2013,4195.51
8937,7/22/2013,4195.52
8938,7/23/2013,4195.51
8939,7/24/2013,4195.48
8940,7/25/2013,4195.45
8941,7/26/2013,4195.42
8942,7/27/2013,4195.42
8943,7/28/2013,4195.41
8944,7/29/2013,4195.31
8945,7/30/2013,4195.32
8946,7/31/2013,4195.32
8947,8/1/2013,4195.23
8948,8/2/2013,4195.32
8949,8/3/2013,4195.26
8950,8/4/2013,4195.22
8951,8/5/2013,4195.18
8952,8/6/2013,4195.2
8953,8/7/2013,4195.15
8954,8/8/2013,4195.06
8955,8/9/2013,4195.01
8956,8/10/2013,4195
8957,8/11/2013,4195
8958,8/12/2013,4194.95
8959,8/13/2013,4194.97
8960,8/14/2013,4194.96
8961,8/15/2013,4194.96
8962,8/16/2013,4194.93
8963,8/17/2013,4194.86
8964,8/18/2013,4194.91
8965,8/19/2013,4194.88
8966,8/20/2013,4194.87
8967,8/21/2013,4194.88
8968,8/22/2013,4194.88
8969,8/23/2013,4194.67
8970,8/24/2013,4194.77
8971,8/25/2013,4194.75
8972,8/26/2013,4194.73
8973,8/27/2013,4194.73
8974,8/28/2013,4194.75
8975,8/29/2013,4194.74
8976,8/30/2013,4194.73
8977,8/31/2013,4194.72
8978,9/1/2013,4194.71
8979,9/2/2013,4194.72
8980,9/3/2013,4194.74
8981,9/4/2013,4194.7
8982,9/5/2013,4194.7
8983,9/6/2013,4194.71
8984,9/7/2013,4194.65
8985,9/8/2013,4194.62
8986,9/9/2013,4194.66
8987,9/10/2013,4194.65
8988,9/11/2013,4194.6
8989,9/12/2013,4194.57
8990,9/13/2013,4194.61
8991,9/14/2013,4194.65
8992,9/15/2013,4194.67
8993,9/16/2013,4194.65
8994,9/17/2013,4194.51
8995,9/18/2013,4194.7
8996,9/19/2013,4194.63
8997,9/20/2013,4194.57
8998,9/21/2013,4194.43
8999,9/22/2013,4194.58
9000,9/23/2013,4194.54
9001,9/24/2013,4194.41
9002,9/25/2013,4194.54
9003,9/26/2013,4194.44
9004,9/27/2013,4194.44
9005,9/28/2013,4194.37
9006,9/29/2013,4194.35
9007,9/30/2013,4194.37
9008,10/1/2013,4194.39
9009,10/2/2013,4194.4
9010,10/3/2013,4194.54
9011,10/4/2013,4194.41
9012,10/5/2013,4194.3
9013,10/6/2013,4194.31
9014,10/7/2013,4194.32
9015,10/8/2013,4194.36
9016,10/9/2013,4194.33
9017,10/10/2013,4194.32
9018,10/11/2013,4194.32
9019,10/12/2013,4194.32
9020,10/13/2013,4194.46
9021,10/14/2013,4194.43
9022,10/15/2013,4194.37
9023,10/16/2013,4194.29
9024,10/17/2013,4194.3
9025,10/18/2013,4194.32
9026,10/19/2013,4194.29
9027,10/20/2013,4194.3
9028,10/21/2013,4194.29
9029,10/22/2013,4194.29
9030,10/23/2013,4194.3
9031,10/24/2013,4194.3
9032,10/25/2013,4194.3
9033,10/26/2013,4194.3
9034,10/27/2013,4194.26
9035,10/28/2013,4194.13
9036,10/29/2013,4194.26
9037,10/30/2013,4194.32
9038,10/31/2013,4194.3
9039,11/1/2013,4194.29
9040,11/2/2013,4194.27
9041,11/3/2013,4194.38
9042,11/4/2013,4194.27
9043,11/5/2013,4194.24
9044,11/6/2013,4194.21
9045,11/7/2013,4194.23
9046,11/8/2013,4194.24
9047,11/9/2013,4194.23
9048,11/10/2013,4194.23
9049,11/11/2013,4194.24
9050,11/12/2013,4194.24
9051,11/13/2013,4194.24
9052,11/14/2013,4194.25
9053,11/15/2013,4194.36
9054,11/16/2013,4194.26
9055,11/17/2013,4194.22
9056,11/18/2013,4194.26
9057,11/19/2013,4194.26
9058,11/20/2013,4194.28
9059,11/21/2013,4194.41
9060,11/22/2013,4194.27
9061,11/23/2013,4194.24
9062,11/24/2013,4194.28
9063,11/25/2013,4194.26
9064,11/26/2013,4194.26
9065,11/27/2013,4194.26
9066,11/28/2013,4194.27
9067,11/29/2013,4194.27
9068,11/30/2013,4194.26
9069,12/1/2013,4194.24
9070,12/2/2013,4194.25
9071,12/3/2013,4194.35
9072,12/4/2013,4194.4
9073,12/5/2013,4194.23
9074,12/6/2013,4194.23
9075,12/7/2013,4194.34
9076,12/8/2013,4194.33
9077,12/9/2013,4194.28
9078,12/10/2013,4194.25
9079,12/11/2013,4194.27
9080,12/12/2013,4194.28
9081,12/13/2013,4194.26
9082,12/14/2013,4194.25
9083,12/15/2013,4194.25
9084,12/16/2013,4194.25
9085,12/17/2013,4194.26
9086,12/18/2013,4194.26
9087,12/19/2013,4194.36
9088,12/20/2013,4194.37
9089,12/21/2013,4194.37
9090,12/22/2013,4194.37
9091,12/23/2013,4194.36
9092,12/24/2013,4194.38
9093,12/25/2013,4194.38
9094,12/26/2013,4194.39
9095,12/27/2013,4194.4
9096,12/28/2013,4194.39
9097,12/29/2013,4194.4
9098,12/30/2013,4194.4
9099,12/31/2013,4194.4
9100,1/1/2014,4194.39
9101,1/2/2014,4194.4
9102,1/3/2014,4194.41
9103,1/4/2014,4194.46
9104,1/5/2014,4194.41
9105,1/6/2014,4194.42
9106,1/7/2014,4194.41
9107,1/8/2014,4194.42
9108,1/9/2014,4194.44
9109,1/10/2014,4194.43
9110,1/11/2014,4194.42
9111,1/12/2014,4194.5
9112,1/13/2014,4194.45
9113,1/14/2014,4194.46
9114,1/15/2014,4194.47
9115,1/16/2014,4194.48
9116,1/17/2014,4194.49
9117,1/18/2014,4194.49
9118,1/19/2014,4194.49
9119,1/20/2014,4194.48
9120,1/21/2014,4194.5
9121,1/22/2014,4194.5
9122,1/23/2014,4194.5
9123,1/24/2014,4194.49
9124,1/25/2014,4194.5
9125,1/26/2014,4194.49
9126,1/27/2014,4194.5
9127,1/28/2014,4194.51
9128,1/29/2014,4194.54
9129,1/30/2014,4194.48
9130,1/31/2014,4194.56
9131,2/1/2014,4194.56
9132,2/2/2014,4194.51
9133,2/3/2014,4194.56
9134,2/4/2014,4194.58
9135,2/5/2014,4194.56
9136,2/6/2014,4194.56
9137,2/7/2014,4194.55
9138,2/8/2014,4194.55
9139,2/9/2014,4194.59
9140,2/10/2014,4194.61
9141,2/11/2014,4194.6
9142,2/12/2014,4194.61
9143,2/13/2014,4194.66
9144,2/14/2014,4194.69
9145,2/15/2014,4194.71
9146,2/16/2014,4194.77
9147,2/17/2014,4194.74
9148,2/18/2014,4194.76
9149,2/19/2014,4194.96
9150,2/20/2014,4194.81
9151,2/21/2014,4194.8
9152,2/22/2014,4194.8
9153,2/23/2014,4194.81
9154,2/24/2014,4194.85
9155,2/25/2014,4194.88
9156,2/26/2014,4194.9
9157,2/27/2014,4194.92
9158,2/28/2014,4194.91
9159,3/1/2014,4194.87
9160,3/2/2014,4194.96
9161,3/3/2014,4194.99
9162,3/4/2014,4195.06
9163,3/5/2014,4195.03
9164,3/6/2014,4195.07
9165,3/7/2014,4195.13
9166,3/8/2014,4195.12
9167,3/9/2014,4195.12
9168,3/10/2014,4195.22
9169,3/11/2014,4195.26
9170,3/12/2014,4195.17
9171,3/13/2014,4195.17
9172,3/14/2014,4195.26
9173,3/15/2014,4195.23
9174,3/16/2014,4195.16
9175,3/17/2014,4195.57
9176,3/18/2014,4195.22
9177,3/19/2014,4195.13
9178,3/20/2014,4195.15
9179,3/21/2014,4195.21
9180,3/22/2014,4195.19
9181,3/23/2014,4195.13
9182,3/24/2014,4195.13
9183,3/25/2014,4195.13
9184,3/26/2014,4195.15
9185,3/27/2014,4195.18
9186,3/28/2014,4195.1
9187,3/29/2014,4195.08
9188,3/30/2014,4195.28
9189,3/31/2014,4195.13
9190,4/1/2014,4195.13
9191,4/2/2014,4195.16
9192,4/3/2014,4195.15
9193,4/4/2014,4195.14
9194,4/5/2014,4195.18
9195,4/6/2014,4195.16
9196,4/7/2014,4195.15
9197,4/8/2014,4195.15
9198,4/9/2014,4195.15
9199,4/10/2014,4195.15
9200,4/11/2014,4195.14
9201,4/12/2014,4195.18
9202,4/13/2014,4195.42
9203,4/14/2014,4195.18
9204,4/15/2014,4195.16
9205,4/16/2014,4195.14
9206,4/17/2014,4195.1
9207,4/18/2014,4195.1
9208,4/19/2014,4195.1
9209,4/20/2014,4195.1
9210,4/21/2014,4195.1
9211,4/22/2014,4195.16
9212,4/23/2014,4195.19
9213,4/24/2014,4195.02
9214,4/25/2014,4195.06
9215,4/26/2014,4195.17
9216,4/27/2014,4195.2
9217,4/28/2014,4195.23
9218,4/29/2014,4195.17
9219,4/30/2014,4195.16
9220,5/1/2014,4195.07
9221,5/2/2014,4195.08
9222,5/3/2014,4195.06
9223,5/4/2014,4195.08
9224,5/5/2014,4195.11
9225,5/6/2014,4195.14
9226,5/7/2014,4195.12
9227,5/8/2014,4195.11
9228,5/9/2014,4195.16
9229,5/10/2014,4195.23
9230,5/11/2014,4195.38
9231,5/12/2014,4195.14
9232,5/13/2014,4195.12
9233,5/14/2014,4195.1
9234,5/15/2014,4195.1
9235,5/16/2014,4195.1
9236,5/17/2014,4195.1
9237,5/18/2014,4195.13
9238,5/19/2014,4195.19
9239,5/20/2014,4195.09
9240,5/21/2014,4195.09
9241,5/22/2014,4195.11
9242,5/23/2014,4195.03
9243,5/24/2014,4195.01
9244,5/25/2014,4195.04
9245,5/26/2014,4195.01
9246,5/27/2014,4195.01
9247,5/28/2014,4194.94
9248,5/29/2014,4195.1
9249,5/30/2014,4194.97
9250,5/31/2014,4194.98
9251,6/1/2014,4194.99
9252,6/2/2014,4194.94
9253,6/3/2014,4194.9
9254,6/4/2014,4194.92
9255,6/5/2014,4194.9
9256,6/6/2014,4194.88
9257,6/7/2014,4194.89
9258,6/8/2014,4194.92
9259,6/9/2014,4194.79
9260,6/10/2014,4194.81
9261,6/11/2014,4194.82
9262,6/12/2014,4194.75
9263,6/13/2014,4194.84
9264,6/14/2014,4194.76
9265,6/15/2014,4194.68
9266,6/16/2014,4194.63
9267,6/17/2014,4194.67
9268,6/18/2014,4194.62
9269,6/19/2014,4194.62
9270,6/20/2014,4194.6
9271,6/21/2014,4194.62
9272,6/22/2014,4194.61
9273,6/23/2014,4194.62
9274,6/24/2014,4194.6
9275,6/25/2014,4194.6
9276,6/26/2014,4194.62
9277,6/27/2014,4194.54
9278,6/28/2014,4194.54
9279,6/29/2014,4194.54
9280,6/30/2014,4194.57
9281,7/1/2014,4194.5
9282,7/2/2014,4194.46
9283,7/3/2014,4194.44
9284,7/4/2014,4194.43
9285,7/5/2014,4194.4
9286,7/6/2014,4194.41
9287,7/7/2014,4194.4
9288,7/8/2014,4194.4
9289,7/9/2014,4194.32
9290,7/10/2014,4194.28
9291,7/11/2014,4194.32
9292,7/12/2014,4194.32
9293,7/13/2014,4194.31
9294,7/14/2014,4194.36
9295,7/15/2014,4194.24
9296,7/16/2014,4194.26
9297,7/17/2014,4194.2
9298,7/18/2014,4194.18
9299,7/19/2014,4194.18
9300,7/20/2014,4194.14
9301,7/21/2014,4194.14
9302,7/22/2014,4194.14
9303,7/23/2014,4194.08
9304,7/24/2014,4194.08
9305,7/25/2014,4194.07
9306,7/26/2014,4194.02
9307,7/27/2014,4194
9308,7/28/2014,4193.9
9309,7/29/2014,4193.97
9310,7/30/2014,4193.99
9311,7/31/2014,4193.98
9312,8/1/2014,4193.99
9313,8/2/2014,4193.96
9314,8/3/2014,4193.9
9315,8/4/2014,4193.92
9316,8/5/2014,4193.92
9317,8/6/2014,4193.94
9318,8/7/2014,4193.94
9319,8/8/2014,4193.94
9320,8/9/2014,4193.9
9321,8/10/2014,4193.89
9322,8/11/2014,4193.88
9323,8/12/2014,4193.87
9324,8/13/2014,4193.83
9325,8/14/2014,4193.84
9326,8/15/2014,4193.83
9327,8/16/2014,4193.81
9328,8/17/2014,4193.81
9329,8/18/2014,4193.8
9330,8/19/2014,4193.71
9331,8/20/2014,4193.82
9332,8/21/2014,4193.78
9333,8/22/2014,4193.85
9334,8/23/2014,4193.81
9335,8/24/2014,4193.8
9336,8/25/2014,4193.8
9337,8/26/2014,4193.71
9338,8/27/2014,4193.73
9339,8/28/2014,4193.71
9340,8/29/2014,4193.71
9341,8/30/2014,4193.68
9342,8/31/2014,4193.76
9343,9/1/2014,4193.67
9344,9/2/2014,4193.65
9345,9/3/2014,4193.71
9346,9/4/2014,4193.72
9347,9/5/2014,4193.61
9348,9/6/2014,4193.58
9349,9/7/2014,4193.55
9350,9/8/2014,4193.51
9351,9/9/2014,4193.54
9352,9/10/2014,4193.58
9353,9/11/2014,4193.64
9354,9/12/2014,4193.57
9355,9/13/2014,4193.51
9356,9/14/2014,4193.52
9357,9/15/2014,4193.51
9358,9/16/2014,4193.46
9359,9/17/2014,4193.42
9360,9/18/2014,4193.47
9361,9/19/2014,4193.46
9362,9/20/2014,4193.44
9363,9/21/2014,4193.42
9364,9/22/2014,4193.42
9365,9/23/2014,4193.4
9366,9/24/2014,4193.4
9367,9/25/2014,4193.35
9368,9/26/2014,4193.31
9369,9/27/2014,4193.24
9370,9/28/2014,4193.39
9371,9/29/2014,4193.41
9372,9/30/2014,4193.44
9373,10/1/2014,4193.48
9374,10/2/2014,4193.39
9375,10/3/2014,4193.4
9376,10/4/2014,4193.4
9377,10/5/2014,4193.4
9378,10/6/2014,4193.4
9379,10/7/2014,4193.4
9380,10/8/2014,4193.4
9381,10/9/2014,4193.41
9382,10/10/2014,4193.4
9383,10/11/2014,4193.39
9384,10/12/2014,4193.67
9385,10/13/2014,4193.36
9386,10/14/2014,4193.36
9387,10/15/2014,4193.32
9388,10/16/2014,4193.38
9389,10/17/2014,4193.31
9390,10/18/2014,4193.34
9391,10/19/2014,4193.4
9392,10/20/2014,4193.41
9393,10/21/2014,4193.45
9394,10/22/2014,4193.41
9395,10/23/2014,4193.4
9396,10/24/2014,4193.4
9397,10/25/2014,4193.32
9398,10/26/2014,4193.48
9399,10/27/2014,4193.41
9400,10/28/2014,4193.37
9401,10/29/2014,4193.36
9402,10/30/2014,4193.36
9403,10/31/2014,4193.36
9404,11/1/2014,4193.2
9405,11/2/2014,4193.46
9406,11/3/2014,4193.36
9407,11/4/2014,4193.3
9408,11/5/2014,4193.33
9409,11/6/2014,4193.31
9410,11/7/2014,4193.33
9411,11/8/2014,4193.32
9412,11/9/2014,4193.32
9413,11/10/2014,4193.46
9414,11/11/2014,4193.39
9415,11/12/2014,4193.38
9416,11/13/2014,4193.26
9417,11/14/2014,4193.27
9418,11/15/2014,4193.44
9419,11/16/2014,4193.33
9420,11/17/2014,4193.22
9421,11/18/2014,4193.2
9422,11/19/2014,4193.2
9423,11/20/2014,4193.21
9424,11/21/2014,4193.21
9425,11/22/2014,4193.23
9426,11/23/2014,4193.45
9427,11/24/2014,4193.33
9428,11/25/2014,4193.24
9429,11/26/2014,4193.26
9430,11/27/2014,4193.28
9431,11/28/2014,4193.29
9432,11/29/2014,4193.28
9433,11/30/2014,4193.36
9434,12/1/2014,4193.31
9435,12/2/2014,4193.31
9436,12/3/2014,4193.31
9437,12/4/2014,4193.33
9438,12/5/2014,4193.33
9439,12/6/2014,4193.35
9440,12/7/2014,4193.37
9441,12/8/2014,4193.39
9442,12/9/2014,4193.4
9443,12/10/2014,4193.4
9444,12/11/2014,4193.37
9445,12/12/2014,4193.34
9446,12/13/2014,4193.41
9447,12/14/2014,4193.44
9448,12/15/2014,4193.4
9449,12/16/2014,4193.42
9450,12/17/2014,4193.41
9451,12/18/2014,4193.4
9452,12/19/2014,4193.42
9453,12/20/2014,4193.42
9454,12/21/2014,4193.48
9455,12/22/2014,4193.66
9456,12/23/2014,4193.56
9457,12/24/2014,4193.5
9458,12/25/2014,4193.74
9459,12/26/2014,4193.66
9460,12/27/2014,4193.49
9461,12/28/2014,4193.48
9462,12/29/2014,4193.52
9463,12/30/2014,4193.39
9464,12/31/2014,4193.54
9465,1/1/2015,4193.52
9466,1/2/2015,4193.5
9467,1/3/2015,4193.5
9468,1/4/2015,4193.5
9469,1/5/2015,4193.51
9470,1/6/2015,4193.51
9471,1/7/2015,4193.52
9472,1/8/2015,4193.52
9473,1/9/2015,4193.57
9474,1/10/2015,4193.56
9475,1/11/2015,4193.57
9476,1/12/2015,4193.61
9477,1/13/2015,4193.69
9478,1/14/2015,4193.67
9479,1/15/2015,4193.68
9480,1/16/2015,4193.66
9481,1/17/2015,4193.68
9482,1/18/2015,4193.69
9483,1/19/2015,4193.71
9484,1/20/2015,4193.72
9485,1/21/2015,4193.76
9486,1/22/2015,4193.73
9487,1/23/2015,4193.74
9488,1/24/2015,4193.77
9489,1/25/2015,4193.78
9490,1/26/2015,4193.79
9491,1/27/2015,4193.8
9492,1/28/2015,4193.81
9493,1/29/2015,4193.82
9494,1/30/2015,4193.86
9495,1/31/2015,4193.89
9496,2/1/2015,4193.89
9497,2/2/2015,4193.85
9498,2/3/2015,4193.84
9499,2/4/2015,4193.86
9500,2/5/2015,4193.87
9501,2/6/2015,4193.86
9502,2/7/2015,4193.88
9503,2/8/2015,4193.89
9504,2/9/2015,4193.9
9505,2/10/2015,4193.95
9506,2/11/2015,4193.94
9507,2/12/2015,4193.91
9508,2/13/2015,4193.91
9509,2/14/2015,4193.93
9510,2/15/2015,4193.99
9511,2/16/2015,4194.07
9512,2/17/2015,4193.98
9513,2/18/2015,4193.96
9514,2/19/2015,4193.94
9515,2/20/2015,4194.02
9516,2/21/2015,4193.99
9517,2/22/2015,4193.96
9518,2/23/2015,4193.9
9519,2/24/2015,4193.95
9520,2/25/2015,4193.94
9521,2/26/2015,4193.96
9522,2/27/2015,4193.94
9523,2/28/2015,4193.94
9524,3/1/2015,4193.98
9525,3/2/2015,4194
9526,3/3/2015,4194.04
9527,3/4/2015,4193.99
9528,3/5/2015,4193.97
9529,3/6/2015,4193.99
9530,3/7/2015,4194
9531,3/8/2015,4194
9532,3/9/2015,4194.01
9533,3/10/2015,4194
9534,3/11/2015,4194.01
9535,3/12/2015,4194.01
9536,3/13/2015,4194.03
9537,3/14/2015,4194.02
9538,3/15/2015,4194.02
9539,3/16/2015,4194.02
9540,3/17/2015,4194.03
9541,3/18/2015,4194.1
9542,3/19/2015,4194.08
9543,3/20/2015,4194.03
9544,3/21/2015,4194.02
9545,3/22/2015,4194.05
9546,3/23/2015,4194.1
9547,3/24/2015,4194.03
9548,3/25/2015,4194.08
9549,3/26/2015,4194.01
9550,3/27/2015,4194.01
9551,3/28/2015,4194.03
9552,3/29/2015,4194.04
9553,3/30/2015,4194
9554,3/31/2015,4194.02
9555,4/1/2015,4194.12
9556,4/2/2015,4194.12
9557,4/3/2015,4193.98
9558,4/4/2015,4193.96
9559,4/5/2015,4194
9560,4/6/2015,4194.09
9561,4/7/2015,4193.95
9562,4/8/2015,4193.91
9563,4/9/2015,4193.94
9564,4/10/2015,4193.92
9565,4/11/2015,4193.94
9566,4/12/2015,4194.01
9567,4/13/2015,4193.91
9568,4/14/2015,4193.89
9569,4/15/2015,4194.08
9570,4/16/2015,4193.99
9571,4/17/2015,4193.91
9572,4/18/2015,4193.9
9573,4/19/2015,4193.9
9574,4/20/2015,4193.9
9575,4/21/2015,4193.9
9576,4/22/2015,4193.86
9577,4/23/2015,4193.89
9578,4/24/2015,4193.89
9579,4/25/2015,4193.92
9580,4/26/2015,4194.07
9581,4/27/2015,4194.06
9582,4/28/2015,4193.99
9583,4/29/2015,4193.98
9584,4/30/2015,4194.06
9585,5/1/2015,4193.98
9586,5/2/2015,4193.99
9587,5/3/2015,4193.95
9588,5/4/2015,4193.9
9589,5/5/2015,4193.99
9590,5/6/2015,4193.94
9591,5/7/2015,4193.99
9592,5/8/2015,4194.04
9593,5/9/2015,4194
9594,5/10/2015,4194.04
9595,5/11/2015,4193.99
9596,5/12/2015,4193.92
9597,5/13/2015,4194
9598,5/14/2015,4193.86
9599,5/15/2015,4193.92
9600,5/16/2015,4193.95
9601,5/17/2015,4194.03
9602,5/18/2015,4194.1
9603,5/19/2015,4194.1
9604,5/20/2015,4194.11
9605,5/21/2015,4194.1
9606,5/22/2015,4194.12
9607,5/23/2015,4194.19
9608,5/24/2015,4194.21
9609,5/25/2015,4194.22
9610,5/26/2015,4194.24
9611,5/27/2015,4194.31
9612,5/28/2015,4194.27
9613,5/29/2015,4194.3
9614,5/30/2015,4194.31
9615,5/31/2015,4194.35
9616,6/1/2015,4194.32
9617,6/2/2015,4194.35
9618,6/3/2015,4194.43
9619,6/4/2015,4194.35
9620,6/5/2015,4194.33
9621,6/6/2015,4194.3
9622,6/7/2015,4194.29
9623,6/8/2015,4194.33
9624,6/9/2015,4194.34
9625,6/10/2015,4194.33
9626,6/11/2015,4194.31
9627,6/12/2015,4194.3
9628,6/13/2015,4194.33
9629,6/14/2015,4194.32
9630,6/15/2015,4194.27
9631,6/16/2015,4194.3
9632,6/17/2015,4194.29
9633,6/18/2015,4194.26
9634,6/19/2015,4194.25
9635,6/20/2015,4194.27
9636,6/21/2015,4194.23
9637,6/22/2015,4194.22
9638,6/23/2015,4194.18
9639,6/24/2015,4194.16
9640,6/25/2015,4194.14
9641,6/26/2015,4194.14
9642,6/27/2015,4194.11
9643,6/28/2015,4194.1
9644,6/29/2015,4194.09
9645,6/30/2015,4194.16
9646,7/1/2015,4194.06
9647,7/2/2015,4194.04
9648,7/3/2015,4194.01
9649,7/4/2015,4193.95
9650,7/5/2015,4193.99
9651,7/6/2015,4193.96
9652,7/7/2015,4193.91
9653,7/8/2015,4193.92
9654,7/9/2015,4193.85
9655,7/10/2015,4193.79
9656,7/11/2015,4193.77
9657,7/12/2015,4193.79
9658,7/13/2015,4193.79
9659,7/14/2015,4193.79
9660,7/15/2015,4193.76
9661,7/16/2015,4193.74
9662,7/17/2015,4193.77
9663,7/18/2015,4193.78
9664,7/19/2015,4193.65
9665,7/20/2015,4193.6
9666,7/21/2015,4193.6
9667,7/22/2015,4193.58
9668,7/23/2015,4193.6
9669,7/24/2015,4193.6
9670,7/25/2015,4193.58
9671,7/26/2015,4193.53
9672,7/27/2015,4193.58
9673,7/28/2015,4193.52
9674,7/29/2015,4193.43
9675,7/30/2015,4193.4
9676,7/31/2015,4193.4
9677,8/1/2015,4193.39
9678,8/2/2015,4193.34
9679,8/3/2015,4193.28
9680,8/4/2015,4193.36
9681,8/5/2015,4193.41
9682,8/6/2015,4193.31
9683,8/7/2015,4193.25
9684,8/8/2015,4193.33
9685,8/9/2015,4193.3
9686,8/10/2015,4193.29
9687,8/11/2015,4193.28
9688,8/12/2015,4193.28
9689,8/13/2015,4193.26
9690,8/14/2015,4193.26
9691,8/15/2015,4193.29
9692,8/16/2015,4193.25
9693,8/17/2015,4193.22
9694,8/18/2015,4193.2
9695,8/19/2015,4193.15
9696,8/20/2015,4193.13
9697,8/21/2015,4193.12
9698,8/22/2015,4193.16
9699,8/23/2015,4193.1
9700,8/24/2015,4193.08
9701,8/25/2015,4193.04
9702,8/26/2015,4193.02
9703,8/27/2015,4193.04
9704,8/28/2015,4193.01
9705,8/29/2015,4192.98
9706,8/30/2015,4193
9707,8/31/2015,4193.03
9708,9/1/2015,4192.95
9709,9/2/2015,4192.83
9710,9/3/2015,4192.76
9711,9/4/2015,4192.72
9712,9/5/2015,4192.94
9713,9/6/2015,4192.84
9714,9/7/2015,4192.78
9715,9/8/2015,4192.76
9716,9/9/2015,4192.74
9717,9/10/2015,4192.72
9718,9/11/2015,4192.73
9719,9/12/2015,4192.72
9720,9/13/2015,4192.72
9721,9/14/2015,4192.68
9722,9/15/2015,4192.66
9723,9/16/2015,4192.71
9724,9/17/2015,4192.74
9725,9/18/2015,4192.77
9726,9/19/2015,4192.7
9727,9/20/2015,4192.69
9728,9/21/2015,4192.68
9729,9/22/2015,4192.68
9730,9/23/2015,4192.68
9731,9/24/2015,4192.68
9732,9/25/2015,4192.67
9733,9/26/2015,4192.64
9734,9/27/2015,4192.65
9735,9/28/2015,4192.68
9736,9/29/2015,4192.64
9737,9/30/2015,4192.63
9738,10/1/2015,4192.62
9739,10/2/2015,4192.7
9740,10/3/2015,4192.63
9741,10/4/2015,4192.62
9742,10/5/2015,4192.6
9743,10/6/2015,4192.65
9744,10/7/2015,4192.62
9745,10/8/2015,4192.6
9746,10/9/2015,4192.6
9747,10/10/2015,4192.6
9748,10/11/2015,4192.6
9749,10/12/2015,4192.6
9750,10/13/2015,4192.6
9751,10/14/2015,4192.59
9752,10/15/2015,4192.59
9753,10/16/2015,4192.6
9754,10/17/2015,4192.55
9755,10/18/2015,4192.58
9756,10/19/2015,4192.59
9757,10/20/2015,4192.62
9758,10/21/2015,4192.64
9759,10/22/2015,4192.6
9760,10/23/2015,4192.58
9761,10/24/2015,4192.55
9762,10/25/2015,4192.54
9763,10/26/2015,4192.56
9764,10/27/2015,4192.57
9765,10/28/2015,4192.52
9766,10/29/2015,4192.54
9767,10/30/2015,4192.55
9768,10/31/2015,4192.48
9769,11/1/2015,4192.53
9770,11/2/2015,4192.55
9771,11/3/2015,4192.54
9772,11/4/2015,4192.56
9773,11/5/2015,4192.5
9774,11/6/2015,4192.5
9775,11/7/2015,4192.44
9776,11/8/2015,4192.5
9777,11/9/2015,4192.5
9778,11/10/2015,4192.55
9779,11/11/2015,4192.49
9780,11/12/2015,4192.39
9781,11/13/2015,4192.4
9782,11/14/2015,4192.4
9783,11/15/2015,4192.38
9784,11/16/2015,4192.8
9785,11/17/2015,4192.41
9786,11/18/2015,4192.4
9787,11/19/2015,4192.38
9788,11/20/2015,4192.46
9789,11/21/2015,4192.37
9790,11/22/2015,4192.39
9791,11/23/2015,4192.4
9792,11/24/2015,4192.4
9793,11/25/2015,4192.4
9794,11/26/2015,4192.37
9795,11/27/2015,4192.31
9796,11/28/2015,4192.38
9797,11/29/2015,4192.4
9798,11/30/2015,4192.36
9799,12/1/2015,4192.37
9800,12/2/2015,4192.37
9801,12/3/2015,4192.38
9802,12/4/2015,4192.37
9803,12/5/2015,4192.38
9804,12/6/2015,4192.39
9805,12/7/2015,4192.38
9806,12/8/2015,4192.4
9807,12/9/2015,4192.41
9808,12/10/2015,4192.42
9809,12/11/2015,4192.43
9810,12/12/2015,4192.45
9811,12/13/2015,4192.44
9812,12/14/2015,4192.55
9813,12/15/2015,4192.65
9814,12/16/2015,4192.51
9815,12/17/2015,4192.52
9816,12/18/2015,4192.5
9817,12/19/2015,4192.52
9818,12/20/2015,4192.52
9819,12/21/2015,4192.46
9820,12/22/2015,4192.57
9821,12/23/2015,4192.72
9822,12/24/2015,4192.56
9823,12/25/2015,4192.8
9824,12/26/2015,4192.7
9825,12/27/2015,4192.61
9826,12/28/2015,4192.62
9827,12/29/2015,4192.61
9828,12/30/2015,4192.63
9829,12/31/2015,4192.67
9830,1/1/2016,4192.63
9831,1/2/2016,4192.63
9832,1/3/2016,4192.64
9833,1/4/2016,4192.66
9834,1/5/2016,4192.67
9835,1/6/2016,4192.68
9836,1/7/2016,4192.74
9837,1/8/2016,4192.83
9838,1/9/2016,4192.74
9839,1/10/2016,4192.76
9840,1/11/2016,4192.74
9841,1/12/2016,4192.74
9842,1/13/2016,4192.76
9843,1/14/2016,4192.75
9844,1/15/2016,4192.78
9845,1/16/2016,4192.79
9846,1/17/2016,4192.79
9847,1/18/2016,4192.82
9848,1/19/2016,4192.85
9849,1/20/2016,4192.88
9850,1/21/2016,4192.82
9851,1/22/2016,4192.83
9852,1/23/2016,4192.86
9853,1/24/2016,4192.92
9854,1/25/2016,4192.93
9855,1/26/2016,4192.9
9856,1/27/2016,4192.9
9857,1/28/2016,4192.91
9858,1/29/2016,4192.93
9859,1/30/2016,4193.03
9860,1/31/2016,4193.02
9861,2/1/2016,4193.36
9862,2/2/2016,4193.02
9863,2/3/2016,4192.99
9864,2/4/2016,4193
9865,2/5/2016,4193
9866,2/6/2016,4193
9867,2/7/2016,4193.02
9868,2/8/2016,4193.03
9869,2/9/2016,4193.05
9870,2/10/2016,4193.06
9871,2/11/2016,4193.06
9872,2/12/2016,4193.07
9873,2/13/2016,4193.09
9874,2/14/2016,4193.09
9875,2/15/2016,4193.12
9876,2/16/2016,4193.11
9877,2/17/2016,4193.11
9878,2/18/2016,4193.02
9879,2/19/2016,4193.19
9880,2/20/2016,4193.25
9881,2/21/2016,4193.26
9882,2/22/2016,4193.32
9883,2/23/2016,4193.39
9884,2/24/2016,4193.35
9885,2/25/2016,4193.38
9886,2/26/2016,4193.4
9887,2/27/2016,4193.47
9888,2/28/2016,4193.45
9889,2/29/2016,4193.46
9890,3/1/2016,4193.47
9891,3/2/2016,4193.51
9892,3/3/2016,4193.5
9893,3/4/2016,4193.52
9894,3/5/2016,4193.53
9895,3/6/2016,4193.53
9896,3/7/2016,4193.58
9897,3/8/2016,4193.58
9898,3/9/2016,4193.64
9899,3/10/2016,4193.59
9900,3/11/2016,4193.58
9901,3/12/2016,4193.64
9902,3/13/2016,4193.62
9903,3/14/2016,4193.75
9904,3/15/2016,4193.71
9905,3/16/2016,4193.65
9906,3/17/2016,4193.7
9907,3/18/2016,4193.71
9908,3/19/2016,4193.7
9909,3/20/2016,4193.7
9910,3/21/2016,4193.71
9911,3/22/2016,4193.85
9912,3/23/2016,4193.84
9913,3/24/2016,4193.75
9914,3/25/2016,4193.83
9915,3/26/2016,4193.84
9916,3/27/2016,4193.74
9917,3/28/2016,4193.92
9918,3/29/2016,4193.81
9919,3/30/2016,4193.88
9920,3/31/2016,4193.86
9921,4/1/2016,4193.91
9922,4/2/2016,4193.9
9923,4/3/2016,4193.9
9924,4/4/2016,4193.91
9925,4/5/2016,4194
9926,4/6/2016,4193.92
9927,4/7/2016,4193.92
9928,4/8/2016,4193.94
9929,4/9/2016,4193.89
9930,4/10/2016,4193.91
9931,4/11/2016,4193.91
9932,4/12/2016,4193.92
9933,4/13/2016,4194
9934,4/14/2016,4194.05
9935,4/15/2016,4194.16
9936,4/16/2016,4194.32
9937,4/17/2016,4194.11
9938,4/18/2016,4194.01
9939,4/19/2016,4194
9940,4/20/2016,4194.02
9941,4/21/2016,4194.04
9942,4/22/2016,4193.96
9943,4/23/2016,4194.01
9944,4/24/2016,4194.06
9945,4/25/2016,4194.04
9946,4/26/2016,4194.25
9947,4/27/2016,4194.09
9948,4/28/2016,4194.07
9949,4/29/2016,4194.1
9950,4/30/2016,4194.18
9951,5/1/2016,4194.08
9952,5/2/2016,4194.13
9953,5/3/2016,4194.13
9954,5/4/2016,4194.14
9955,5/5/2016,4194.12
9956,5/6/2016,4194.12
9957,5/7/2016,4194.17
9958,5/8/2016,4194.14
9959,5/9/2016,4194.28
9960,5/10/2016,4194.29
9961,5/11/2016,4194.24
9962,5/12/2016,4194.2
9963,5/13/2016,4194.2
9964,5/14/2016,4194.21
9965,5/15/2016,4194.36
9966,5/16/2016,4194.26
9967,5/17/2016,4194.22
9968,5/18/2016,4194.2
9969,5/19/2016,4194.23
9970,5/20/2016,4194.11
9971,5/21/2016,4194.16
9972,5/22/2016,4194.24
9973,5/23/2016,4194.24
9974,5/24/2016,4194.25
9975,5/25/2016,4194.24
9976,5/26/2016,4194.26
9977,5/27/2016,4194.25
9978,5/28/2016,4194.25
9979,5/29/2016,4194.23
9980,5/30/2016,4194.23
9981,5/31/2016,4194.26
9982,6/1/2016,4194.24
9983,6/2/2016,4194.22
9984,6/3/2016,4194.23
9985,6/4/2016,4194.22
9986,6/5/2016,4194.23
9987,6/6/2016,4194.19
9988,6/7/2016,4194.23
9989,6/8/2016,4194.2
9990,6/9/2016,4194.19
9991,6/10/2016,4194.17
9992,6/11/2016,4194.2
9993,6/12/2016,4194.26
9994,6/13/2016,4194.13
9995,6/14/2016,4194.11
9996,6/15/2016,4194.05
9997,6/16/2016,4194.19
9998,6/17/2016,4194.12
9999,6/18/2016,4194.05
10000,6/19/2016,4194.13
10001,6/20/2016,4194.05
10002,6/21/2016,4194.03
10003,6/22/2016,4194.06
10004,6/23/2016,4194.02
10005,6/24/2016,4194.08
10006,6/25/2016,4194.1
10007,6/26/2016,4193.95
10008,6/27/2016,4193.93
10009,6/28/2016,4193.89
10010,6/29/2016,4193.88
10011,6/30/2016,4193.94
10012,7/1/2016,4193.86
10013,7/2/2016,4193.84
10014,7/3/2016,4193.79
10015,7/4/2016,4193.8
10016,7/5/2016,4193.84
10017,7/6/2016,4193.85
10018,7/7/2016,4193.8
10019,7/8/2016,4193.68
10020,7/9/2016,4193.66
10021,7/10/2016,4193.81
10022,7/11/2016,4193.64
10023,7/12/2016,4193.61
10024,7/13/2016,4193.64
10025,7/14/2016,4193.6
10026,7/15/2016,4193.59
10027,7/16/2016,4193.59
10028,7/17/2016,4193.59
10029,7/18/2016,4193.38
10030,7/19/2016,4193.41
10031,7/20/2016,4193.41
10032,7/21/2016,4193.46
10033,7/22/2016,4193.4
10034,7/23/2016,4193.45
10035,7/24/2016,4193.43
10036,7/25/2016,4193.39
10037,7/26/2016,4193.36
10038,7/27/2016,4193.36
10039,7/28/2016,4193.35
10040,7/29/2016,4193.33
10041,7/30/2016,4193.32
10042,7/31/2016,4193.25
10043,8/1/2016,4193.26
10044,8/2/2016,4193.23
10045,8/3/2016,4193.26
10046,8/4/2016,4193.24
10047,8/5/2016,4193.15
10048,8/6/2016,4193.1
10049,8/7/2016,4193.04
10050,8/8/2016,4193.1
10051,8/9/2016,4193.08
10052,8/10/2016,4193.09
10053,8/11/2016,4192.99
10054,8/12/2016,4192.99
10055,8/13/2016,4192.96
10056,8/14/2016,4192.93
10057,8/15/2016,4192.91
10058,8/16/2016,4192.91
10059,8/17/2016,4192.89
10060,8/18/2016,4192.88
10061,8/19/2016,4192.87
10062,8/20/2016,4192.88
10063,8/21/2016,4192.82
10064,8/22/2016,4192.82
10065,8/23/2016,4192.82
10066,8/24/2016,4192.82
10067,8/25/2016,4192.77
10068,8/26/2016,4192.73
10069,8/27/2016,4192.7
10070,8/28/2016,4192.7
10071,8/29/2016,4192.7
10072,8/30/2016,4192.69
10073,8/31/2016,4192.67
10074,9/1/2016,4192.59
10075,9/2/2016,4192.58
10076,9/3/2016,4192.69
10077,9/4/2016,4192.67
10078,9/5/2016,4192.61
10079,9/6/2016,4192.54
10080,9/7/2016,4192.52
10081,9/8/2016,4192.5
10082,9/9/2016,4192.52
10083,9/10/2016,4192.47
10084,9/11/2016,4192.42
10085,9/12/2016,4192.57
10086,9/13/2016,4192.47
10087,9/14/2016,4192.4
10088,9/15/2016,4192.41
10089,9/16/2016,4192.39
10090,9/17/2016,4192.35
10091,9/18/2016,4192.35
10092,9/19/2016,4192.36
10093,9/20/2016,4192.36
10094,9/21/2016,4192.38
10095,9/22/2016,4192.54
10096,9/23/2016,4192.44
10097,9/24/2016,4192.48
10098,9/25/2016,4192.41
10099,9/26/2016,4192.4
10100,9/27/2016,4192.4
10101,9/28/2016,4192.38
10102,9/29/2016,4192.41
10103,9/30/2016,4192.4
10104,10/1/2016,4192.42
10105,10/2/2016,4192.32
10106,10/3/2016,4192.52
10107,10/4/2016,4192.35
10108,10/5/2016,4192.35
10109,10/6/2016,4192.31
10110,10/7/2016,4192.31
10111,10/8/2016,4192.31
10112,10/9/2016,4192.3
10113,10/10/2016,4192.3
10114,10/11/2016,4192.32
10115,10/12/2016,4192.32
10116,10/13/2016,4192.29
10117,10/14/2016,4192.28
10118,10/15/2016,4192.26
10119,10/16/2016,4192.34
10120,10/17/2016,4192.35
10121,10/18/2016,4192.32
10122,10/19/2016,4192.32
10123,10/20/2016,4192.27
10124,10/21/2016,4192.29
10125,10/22/2016,4192.3
10126,10/23/2016,4192.31
10127,10/24/2016,4192.24
10128,10/25/2016,4192.29
10129,10/26/2016,4192.3
10130,10/27/2016,4192.3
10131,10/28/2016,4192.3
10132,10/29/2016,4192.3
10133,10/30/2016,4192.3
10134,10/31/2016,4192.4
10135,11/1/2016,4192.4
10136,11/2/2016,4192.3
10137,11/3/2016,4192.3
10138,11/4/2016,4192.3
10139,11/5/2016,4192.3
10140,11/6/2016,4192.4
10141,11/7/2016,4192.4
10142,11/8/2016,4192.4
10143,11/9/2016,4192.4
10144,11/10/2016,4192.4
10145,11/11/2016,4192.4
10146,11/12/2016,4192.4
10147,11/13/2016,4192.4
10148,11/14/2016,4192.4
10149,11/15/2016,4192.4
10150,11/16/2016,4192.6
10151,11/17/2016,4192.7
10152,11/18/2016,4192.4
10153,11/19/2016,4192.4
10154,11/20/2016,4192.4
10155,11/21/2016,4192.5
10156,11/22/2016,4192.4
10157,11/23/2016,4192.5
10158,11/24/2016,4192.4
10159,11/25/2016,4192.4
10160,11/26/2016,4192.4
10161,11/27/2016,4192.4
10162,11/28/2016,4192.5
10163,11/29/2016,4192.4
10164,11/30/2016,4192.4
10165,12/1/2016,4192.4
10166,12/2/2016,4192.5
10167,12/3/2016,4192.3
10168,12/4/2016,4192.3
10169,12/5/2016,4192.5
10170,12/6/2016,4192.3
10171,12/7/2016,4192.3
10172,12/8/2016,4192.2
10173,12/9/2016,4192.2
10174,12/10/2016,4192.2
10175,12/11/2016,4192.3
10176,12/12/2016,4192.3
10177,12/13/2016,4192.2
10178,12/14/2016,4192.2
10179,12/15/2016,4192.3
10180,12/16/2016,4192.3
10181,12/17/2016,4192.5
10182,12/18/2016,4192.2
10183,12/19/2016,4192.2
10184,12/20/2016,4192.2
10185,12/21/2016,4192.2
10186,12/22/2016,4192.2
10187,12/23/2016,4192.2
10188,12/24/2016,4192.2
10189,12/25/2016,4192.4
10190,12/26/2016,4192.2
10191,12/27/2016,4192.2
10192,12/28/2016,4192.2
10193,12/29/2016,4192.2
10194,12/30/2016,4192.2
10195,12/31/2016,4192.2
10196,1/1/2017,4192.2
10197,1/2/2017,4192.2
10198,1/3/2017,4192.2
10199,1/4/2017,4192.3
10200,1/5/2017,4192.3
10201,1/6/2017,4192.2
10202,1/7/2017,4192.2
10203,1/8/2017,4192.2
10204,1/9/2017,4192.2
10205,1/10/2017,4192.1
10206,1/11/2017,4192.2
10207,1/12/2017,4192.2
10208,1/13/2017,4192.2
10209,1/14/2017,4192.2
10210,1/15/2017,4192.2
10211,1/16/2017,4192.3
10212,1/17/2017,4192.2
10213,1/18/2017,4192.3
10214,1/19/2017,4192.3
10215,1/20/2017,4192.3
10216,1/21/2017,4192.3
10217,1/22/2017,4192.3
10218,1/23/2017,4192.3
10219,1/24/2017,4192.4
10220,1/25/2017,4192.4
10221,1/26/2017,4192.4
10222,1/27/2017,4192.4
10223,1/28/2017,4192.3
10224,1/29/2017,4192.4
10225,1/30/2017,4192.3
10226,1/31/2017,4192.3
10227,2/1/2017,4192.4
10228,2/2/2017,4192.4
10229,2/3/2017,4192.4
10230,2/4/2017,4192.4
10231,2/5/2017,4192.4
10232,2/6/2017,4192.3
10233,2/7/2017,4192.4
10234,2/8/2017,4192.4
10235,2/9/2017,4192.5
10236,2/10/2017,4192.6
10237,2/11/2017,4192.6
10238,2/12/2017,4192.7
10239,2/13/2017,4192.7
10240,2/14/2017,4192.8
10241,2/15/2017,4192.8
10242,2/16/2017,4192.9
10243,2/17/2017,4192.9
10244,2/18/2017,4193
10245,2/19/2017,4193
10246,2/20/2017,4193
10247,2/21/2017,4193
10248,2/22/2017,4193.2
10249,2/23/2017,4193.5
10250,2/24/2017,4193.4
10251,2/25/2017,4193.4
10252,2/26/2017,4193.4
10253,2/27/2017,4193.5
10254,2/28/2017,4193.6
10255,3/1/2017,4193.5
10256,3/2/2017,4193.6
10257,3/3/2017,4193.6
10258,3/4/2017,4193.6
10259,3/5/2017,4193.7
10260,3/6/2017,4193.8
10261,3/7/2017,4193.7
10262,3/8/2017,4193.8
10263,3/9/2017,4193.8
10264,3/10/2017,4193.9
10265,3/11/2017,4193.9
10266,3/12/2017,4193.9
10267,3/13/2017,4193.9
10268,3/14/2017,4194
10269,3/15/2017,4194
10270,3/16/2017,4194
10271,3/17/2017,4194.1
10272,3/18/2017,4194.1
10273,3/19/2017,4194.1
10274,3/20/2017,4194.1
10275,3/21/2017,4194.1
10276,3/22/2017,4194.2
10277,3/23/2017,4194.4
10278,3/24/2017,4194.3
10279,3/25/2017,4194.4
10280,3/26/2017,4194.3
10281,3/27/2017,4194.5
10282,3/28/2017,4194.6
10283,3/29/2017,4194.5
10284,3/30/2017,4194.6
10285,3/31/2017,4194.7
10286,4/1/2017,4194.6
10287,4/2/2017,4194.6
10288,4/3/2017,4194.7
10289,4/4/2017,4194.7
10290,4/5/2017,4194.6
10291,4/6/2017,4194.6
10292,4/7/2017,4194.6
10293,4/8/2017,4194.8
10294,4/9/2017,4194.8
10295,4/10/2017,4194.8
10296,4/11/2017,4194.8
10297,4/12/2017,4194.8
10298,4/13/2017,4194.8
10299,4/14/2017,4194.9
10300,4/15/2017,4194.9
10301,4/16/2017,4194.9
10302,4/17/2017,4194.9
10303,4/18/2017,4195
10304,4/19/2017,4195
10305,4/20/2017,4195
10306,4/21/2017,4195.1
10307,4/22/2017,4195
10308,4/23/2017,4195.1
10309,4/24/2017,4195.1
10310,4/25/2017,4195.2
10311,4/26/2017,4195.2
10312,4/27/2017,4195.5
10313,4/28/2017,4195.4
10314,4/29/2017,4195.3
10315,4/30/2017,4195.3
10316,5/1/2017,4195.3
10317,5/2/2017,4195.3
10318,5/3/2017,4195.3
10319,5/4/2017,4195.3
10320,5/5/2017,4195.3
10321,5/6/2017,4195.1
10322,5/7/2017,4195.3
10323,5/8/2017,4195.4
10324,5/9/2017,4195.4
10325,5/10/2017,4195.4
10326,5/11/2017,4195.3
10327,5/12/2017,4195.3
10328,5/13/2017,4195.4
10329,5/14/2017,4195.3
10330,5/15/2017,4195.3
10331,5/16/2017,4195.3
10332,5/17/2017,4195.3
10333,5/18/2017,4195.3
10334,5/19/2017,4195.4
10335,5/20/2017,4195.4
10336,5/21/2017,4195.4
10337,5/22/2017,4195.4
10338,5/23/2017,4195.4
10339,5/24/2017,4195.4
10340,5/25/2017,4195.5
10341,5/26/2017,4195.5
10342,5/27/2017,4195.4
10343,5/28/2017,4195.4
10344,5/29/2017,4195.4
10345,5/30/2017,4195.4
10346,5/31/2017,4195.4
10347,6/1/2017,4195.4
10348,6/2/2017,4195.4
10349,6/3/2017,4195.4
10350,6/4/2017,4195.3
10351,6/5/2017,4195.4
10352,6/6/2017,4195.4
10353,6/7/2017,4195.3
10354,6/8/2017,4195.2
10355,6/9/2017,4195.5
10356,6/10/2017,4195.4
10357,6/11/2017,4195.2
10358,6/12/2017,4195
10359,6/13/2017,4195.2
10360,6/14/2017,4195.2
10361,6/15/2017,4195.2
10362,6/16/2017,4195.2
10363,6/17/2017,4195.2
10364,6/18/2017,4195.2
10365,6/19/2017,4195.2
10366,6/20/2017,4195.2
10367,6/21/2017,4195.2
10368,6/22/2017,4195.2
10369,6/23/2017,4195.2
10370,6/24/2017,4195.1
10371,6/25/2017,4195.1
10372,6/26/2017,4195.1
10373,6/27/2017,4195.1
10374,6/28/2017,4195.1
10375,6/29/2017,4195.1
10376,6/30/2017,4195.1
10377,7/1/2017,4195
10378,7/2/2017,4195
10379,7/3/2017,4194.9
10380,7/4/2017,4194.9
10381,7/5/2017,4194.9
10382,7/6/2017,4194.9
10383,7/7/2017,4194.9
10384,7/8/2017,4194.8
10385,7/9/2017,4194.9
10386,7/10/2017,4194.8
10387,7/11/2017,4194.8
10388,7/12/2017,4194.8
10389,7/13/2017,4194.7
10390,7/14/2017,4194.7
10391,7/15/2017,4194.7
10392,7/16/2017,4194.7
10393,7/17/2017,4194.6
10394,7/18/2017,4194.6
10395,7/19/2017,4194.5
10396,7/20/2017,4194.5
10397,7/21/2017,4194.6
10398,7/22/2017,4194.5
10399,7/23/2017,4194.5
10400,7/24/2017,4194.5
10401,7/25/2017,4194.4
10402,7/26/2017,4194.4
10403,7/27/2017,4194.4
10404,7/28/2017,4194.4
10405,7/29/2017,4194.4
10406,7/30/2017,4194.4
10407,7/31/2017,4194.4
10408,8/1/2017,4194.3
10409,8/2/2017,4194.3
10410,8/3/2017,4194.3
10411,8/4/2017,4194.2
10412,8/5/2017,4194.2
10413,8/6/2017,4194.2
10414,8/7/2017,4194.2
10415,8/8/2017,4194.2
10416,8/9/2017,4194.2
10417,8/10/2017,4194.1
10418,8/11/2017,4194.1
10419,8/12/2017,4194
10420,8/13/2017,4194
10421,8/14/2017,4194.2
10422,8/15/2017,4194
10423,8/16/2017,4194
10424,8/17/2017,4194
10425,8/18/2017,4194
10426,8/19/2017,4193.9
10427,8/20/2017,4193.9
10428,8/21/2017,4193.9
10429,8/22/2017,4193.9
10430,8/23/2017,4193.9
10431,8/24/2017,4193.8
10432,8/25/2017,4193.8
10433,8/26/2017,4193.8
10434,8/27/2017,4193.8
10435,8/28/2017,4193.8
10436,8/29/2017,4193.8
10437,8/30/2017,4193.8
10438,8/31/2017,4193.8
10439,9/1/2017,4193.7
10440,9/2/2017,4193.7
10441,9/3/2017,4193.7
10442,9/4/2017,4193.7
10443,9/5/2017,4193.7
10444,9/6/2017,4193.7
10445,9/7/2017,4193.7
10446,9/8/2017,4193.6
10447,9/9/2017,4193.6
10448,9/10/2017,4193.6
10449,9/11/2017,4193.6
10450,9/12/2017,4193.6
10451,9/13/2017,4193.6
10452,9/14/2017,4193.5
10453,9/15/2017,4193.6
10454,9/16/2017,4193.5
10455,9/17/2017,4193.5
10456,9/18/2017,4193.5
10457,9/19/2017,4193.5
10458,9/20/2017,4193.5
10459,9/21/2017,4193.6
10460,9/22/2017,4193.5
10461,9/23/2017,4193.5
10462,9/24/2017,4193.5
10463,9/25/2017,4193.5
10464,9/26/2017,4193.5
10465,9/27/2017,4193.5
10466,9/28/2017,4193.5
10467,9/29/2017,4193.5
10468,9/30/2017,4193.5
10469,10/1/2017,4193.6
10470,10/2/2017,4193.5
10471,10/3/2017,4193.5
10472,10/4/2017,4193.5
10473,10/5/2017,4193.5
10474,10/6/2017,4193.5
10475,10/7/2017,4193.5
10476,10/8/2017,4193.7
10477,10/9/2017,4193.5
10478,10/10/2017,4193.5
10479,10/11/2017,4193.5
10480,10/12/2017,4193.5
10481,10/13/2017,4193.5
10482,10/14/2017,4193.6
10483,10/15/2017,4193.4
10484,10/16/2017,4193.5
10485,10/17/2017,4193.5
10486,10/18/2017,4193.5
10487,10/19/2017,4193.5
10488,10/20/2017,4193.6
10489,10/21/2017,4193.4
10490,10/22/2017,4193.4
10491,10/23/2017,4193.4
10492,10/24/2017,4193.5
10493,10/25/2017,4193.4
10494,10/26/2017,4193.5
10495,10/27/2017,4193.5
10496,10/28/2017,4193.5
10497,10/29/2017,4193.5
10498,10/30/2017,4193.5
10499,10/31/2017,4193.5
10500,11/1/2017,4193.5
10501,11/2/2017,4193.4
10502,11/3/2017,4193.4
10503,11/4/2017,4193.5
10504,11/5/2017,4193.5
10505,11/6/2017,4193.5
10506,11/7/2017,4193.5
10507,11/8/2017,4193.5
10508,11/9/2017,4193.5
10509,11/10/2017,4193.5
10510,11/11/2017,4193.5
10511,11/12/2017,4193.5
10512,11/13/2017,4193.5
10513,11/14/2017,4193.5
10514,11/15/2017,4193.6
10515,11/16/2017,4193.5
10516,11/17/2017,4193.8
10517,11/18/2017,4193.6
10518,11/19/2017,4193.6
10519,11/20/2017,4193.6
10520,11/21/2017,4193.6
10521,11/22/2017,4193.6
10522,11/23/2017,4193.7
10523,11/24/2017,4193.7
10524,11/25/2017,4193.7
10525,11/26/2017,4193.7
10526,11/27/2017,4193.7
10527,11/28/2017,4193.7
10528,11/29/2017,4193.7
10529,11/30/2017,4193.7
10530,12/1/2017,4193.7
10531,12/2/2017,4193.7
10532,12/3/2017,4193.9
10533,12/4/2017,4193.7
10534,12/5/2017,4193.7
10535,12/6/2017,4193.7
10536,12/7/2017,4193.7
10537,12/8/2017,4193.7
10538,12/9/2017,4193.7
10539,12/10/2017,4193.7
10540,12/11/2017,4193.7
10541,12/12/2017,4193.7
10542,12/13/2017,4193.7
10543,12/14/2017,4193.7
10544,12/15/2017,4193.7
10545,12/16/2017,4193.8
10546,12/17/2017,4193.8
10547,12/18/2017,4193.8
10548,12/19/2017,4193.8
10549,12/20/2017,4193.9
10550,12/21/2017,4194
10551,12/22/2017,4193.8
10552,12/23/2017,4193.9
10553,12/24/2017,4193.8
10554,12/25/2017,4193.9
10555,12/26/2017,4193.9
10556,12/27/2017,4193.9
10557,12/28/2017,4193.9
10558,12/29/2017,4193.9
10559,12/30/2017,4193.9
10560,12/31/2017,4193.9
10561,1/1/2018,4193.9
10562,1/2/2018,4193.9
10563,1/3/2018,4193.9
10564,1/4/2018,4193.9
10565,1/5/2018,4193.9
10566,1/6/2018,4193.9
10567,1/7/2018,4194
10568,1/8/2018,4194
10569,1/9/2018,4194
10570,1/10/2018,4194
10571,1/11/2018,4194
10572,1/12/2018,4194
10573,1/13/2018,4194
10574,1/14/2018,4194.1
10575,1/15/2018,4194.1
10576,1/16/2018,4194.1
10577,1/17/2018,4194.1
10578,1/18/2018,4194.1
10579,1/19/2018,4194.2
10580,1/20/2018,4194.3
10581,1/21/2018,4194.3
10582,1/22/2018,4194.1
10583,1/23/2018,4194.2
10584,1/24/2018,4194.2
10585,1/25/2018,4194.2
10586,1/26/2018,4194.2
10587,1/27/2018,4194.2
10588,1/28/2018,4194.2
10589,1/29/2018,4194.2
10590,1/30/2018,4194.2
10591,1/31/2018,4194.2
10592,2/1/2018,4194.2
10593,2/2/2018,4194.2
10594,2/3/2018,4194.3
10595,2/4/2018,4194.2
10596,2/5/2018,4194.3
10597,2/6/2018,4194.3
10598,2/7/2018,4194.3
10599,2/8/2018,4194.3
10600,2/9/2018,4194.3
10601,2/10/2018,4194.4
10602,2/11/2018,4194.3
10603,2/12/2018,4194.4
10604,2/13/2018,4194.3
10605,2/14/2018,4194.4
10606,2/15/2018,4194.4
10607,2/16/2018,4194.3
10608,2/17/2018,4194.3
10609,2/18/2018,4194.3
10610,2/19/2018,4194.5
10611,2/20/2018,4194.4
10612,2/21/2018,4194.3
10613,2/22/2018,4194.3
10614,2/23/2018,4194.4
10615,2/24/2018,4194.3
10616,2/25/2018,4194.4
10617,2/26/2018,4194.3
10618,2/27/2018,4194.4
10619,2/28/2018,4194.4
10620,3/1/2018,4194.3
10621,3/2/2018,4194.3
10622,3/3/2018,4194.5
10623,3/4/2018,4194.5
10624,3/5/2018,4194.4
10625,3/6/2018,4194.4
10626,3/7/2018,4194.4
10627,3/8/2018,4194.5
10628,3/9/2018,4194.5
10629,3/10/2018,4194.5
10630,3/11/2018,4194.5
10631,3/12/2018,4194.5
10632,3/13/2018,4194.5
10633,3/14/2018,4194.6
10634,3/15/2018,4194.6
10635,3/16/2018,4194.5
10636,3/17/2018,4194.5
10637,3/18/2018,4194.6
10638,3/19/2018,4194.6
10639,3/20/2018,4194.6
10640,3/21/2018,4194.6
10641,3/22/2018,4194.4
10642,3/23/2018,4194.7
10643,3/24/2018,4194.7
10644,3/25/2018,4194.7
10645,3/26/2018,4194.7
10646,3/27/2018,4194.7
10647,3/28/2018,4194.7
10648,3/29/2018,4194.7
10649,3/30/2018,4194.7
10650,3/31/2018,4194.7
10651,4/1/2018,4194.7
10652,4/2/2018,4194.9
10653,4/3/2018,4194.7
10654,4/4/2018,4194.7
10655,4/5/2018,4194.7
10656,4/6/2018,4194.8
10657,4/7/2018,4194.8
10658,4/8/2018,4194.9
10659,4/9/2018,4194.8
10660,4/10/2018,4194.8
10661,4/11/2018,4194.8
10662,4/12/2018,4195.2
10663,4/13/2018,4195
10664,4/14/2018,4194.8
10665,4/15/2018,4194.8
10666,4/16/2018,4194.9
10667,4/17/2018,4195
10668,4/18/2018,4194.8
10669,4/19/2018,4194.8
10670,4/20/2018,4194.9
10671,4/21/2018,4194.8
10672,4/22/2018,4194.8
10673,4/23/2018,4194.9
10674,4/24/2018,4194.9
10675,4/25/2018,4194.8
10676,4/26/2018,4194.8
10677,4/27/2018,4194.8
10678,4/28/2018,4194.8
10679,4/29/2018,4194.9
10680,4/30/2018,4194.8
10681,5/1/2018,4194.8
10682,5/2/2018,4194.8
10683,5/3/2018,4194.8
10684,5/4/2018,4194.8
10685,5/5/2018,4194.8
10686,5/6/2018,4194.7
10687,5/7/2018,4194.8
10688,5/8/2018,4194.8
10689,5/9/2018,4194.8
10690,5/10/2018,4194.9
10691,5/11/2018,4195
10692,5/12/2018,4194.9
10693,5/13/2018,4194.9
10694,5/14/2018,4194.9
10695,5/15/2018,4194.9
10696,5/16/2018,4194.9
10697,5/17/2018,4194.9
10698,5/18/2018,4194.9
10699,5/19/2018,4194.8
10700,5/20/2018,4194.8
10701,5/21/2018,4194.8
10702,5/22/2018,4194.7
10703,5/23/2018,4194.7
10704,5/24/2018,4194.7
10705,5/25/2018,4194.7
10706,5/26/2018,4194.8
10707,5/27/2018,4194.8
10708,5/28/2018,4194.7
10709,5/29/2018,4194.7
10710,5/30/2018,4194.7
10711,5/31/2018,4194.8
10712,6/1/2018,4194.7
10713,6/2/2018,4194.7
10714,6/3/2018,4194.6
10715,6/4/2018,4194.6
10716,6/5/2018,4194.6
10717,6/6/2018,4194.6
10718,6/7/2018,4194.6
10719,6/8/2018,4194.6
10720,6/9/2018,4194.5
10721,6/10/2018,4194.6
10722,6/11/2018,4194.5
10723,6/12/2018,4194.5
10724,6/13/2018,4194.4
10725,6/14/2018,4194.5
10726,6/15/2018,4194.5
10727,6/16/2018,4194.5
10728,6/17/2018,4194.3
10729,6/18/2018,4194.4
10730,6/19/2018,4194.3
10731,6/20/2018,4194.3
10732,6/21/2018,4194.3
10733,6/22/2018,4194.3
10734,6/23/2018,4194.3
10735,6/24/2018,4194.2
10736,6/25/2018,4194.2
10737,6/26/2018,4194.1
10738,6/27/2018,4194.1
10739,6/28/2018,4194.1
10740,6/29/2018,4194.1
10741,6/30/2018,4194
10742,7/1/2018,4193.9
10743,7/2/2018,4193.9
10744,7/3/2018,4194
10745,7/4/2018,4193.9
10746,7/5/2018,4193.9
10747,7/6/2018,4193.9
10748,7/7/2018,4193.9
10749,7/8/2018,4193.7
10750,7/9/2018,4193.8
10751,7/10/2018,4193.8
10752,7/11/2018,4193.8
10753,7/12/2018,4193.7
10754,7/13/2018,4193.7
10755,7/14/2018,4193.7
10756,7/15/2018,4193.7
10757,7/16/2018,4193.7
10758,7/17/2018,4193.6
10759,7/18/2018,4193.6
10760,7/19/2018,4193.6
10761,7/20/2018,4193.6
10762,7/21/2018,4193.5
10763,7/22/2018,4193.6
10764,7/23/2018,4193.5
10765,7/24/2018,4193.5
10766,7/25/2018,4193.5
10767,7/26/2018,4193.5
10768,7/27/2018,4193.4
10769,7/28/2018,4193.4
10770,7/29/2018,4193.4
10771,7/30/2018,4193.4
10772,7/31/2018,4193.4
10773,8/1/2018,4193.3
10774,8/2/2018,4193.2
10775,8/3/2018,4193.3
10776,8/4/2018,4193.3
10777,8/5/2018,4193.3
10778,8/6/2018,4193.2
10779,8/7/2018,4193.2
10780,8/8/2018,4193.2
10781,8/9/2018,4193.2
10782,8/10/2018,4193.1
10783,8/11/2018,4193.1
10784,8/12/2018,4193.1
10785,8/13/2018,4193.1
10786,8/14/2018,4193.1
10787,8/15/2018,4193
10788,8/16/2018,4193
10789,8/17/2018,4193
10790,8/18/2018,4193
10791,8/19/2018,4193
10792,8/20/2018,4192.9
10793,8/21/2018,4192.9
10794,8/22/2018,4192.8
10795,8/23/2018,4192.8
10796,8/24/2018,4192.8
10797,8/25/2018,4192.8
10798,8/26/2018,4192.8
10799,8/27/2018,4192.9
10800,8/28/2018,4192.8
10801,8/29/2018,4192.7
10802,8/30/2018,4192.7
10803,8/31/2018,4192.8
10804,9/1/2018,4192.7
10805,9/2/2018,4192.7
10806,9/3/2018,4192.7
10807,9/4/2018,4192.6
10808,9/5/2018,4192.6
10809,9/6/2018,4192.6
10810,9/7/2018,4192.6
10811,9/8/2018,4192.6
10812,9/9/2018,4192.6
10813,9/10/2018,4192.5
10814,9/11/2018,4192.5
10815,9/12/2018,4192.5
10816,9/13/2018,4192.5
10817,9/14/2018,4192.5
10818,9/15/2018,4192.4
10819,9/16/2018,4192.4
10820,9/17/2018,4192.4
10821,9/18/2018,4192.4
10822,9/19/2018,4192.4
10823,9/20/2018,4192.3
10824,9/21/2018,4192.3
10825,9/22/2018,4192.3
10826,9/23/2018,4192.3
10827,9/24/2018,4192.3
10828,9/25/2018,4192.2
10829,9/26/2018,4192.2
10830,9/27/2018,4192.2
10831,9/28/2018,4192.2
10832,9/29/2018,4192.1
10833,9/30/2018,4192
10834,10/1/2018,4192.1
10835,10/2/2018,4192.1
10836,10/3/2018,4192.2
10837,10/4/2018,4192.1
10838,10/5/2018,4192.1
10839,10/6/2018,4192.2
10840,10/7/2018,4192.4
10841,10/8/2018,4192.2
10842,10/9/2018,4192.1
10843,10/10/2018,4192.2
10844,10/11/2018,4192.1
10845,10/12/2018,4192.1
10846,10/13/2018,4192.2
10847,10/14/2018,4192.3
10848,10/15/2018,4192.1
10849,10/16/2018,4192.1
10850,10/17/2018,4192.1
10851,10/18/2018,4192
10852,10/19/2018,4192.1
10853,10/20/2018,4192.1
10854,10/21/2018,4192.1
10855,10/22/2018,4192.1
10856,10/23/2018,4192.1
10857,10/24/2018,4192.1
10858,10/25/2018,4192.1
10859,10/26/2018,4192.1
10860,10/27/2018,4192.1
10861,10/28/2018,4192.1
10862,10/29/2018,4192.1
10863,10/30/2018,4192.2
10864,10/31/2018,4192.1
10865,11/1/2018,4192
10866,11/2/2018,4192.1
10867,11/3/2018,4192.1
10868,11/4/2018,4192
10869,11/5/2018,4192.1
10870,11/6/2018,4192
10871,11/7/2018,4192.1
10872,11/8/2018,4192
10873,11/9/2018,4192
10874,11/10/2018,4192
10875,11/11/2018,4192.1
10876,11/12/2018,4192
10877,11/13/2018,4192
10878,11/14/2018,4192
10879,11/15/2018,4192
10880,11/16/2018,4192
10881,11/17/2018,4192
10882,11/18/2018,4192
10883,11/19/2018,4192
10884,11/20/2018,4192
10885,11/21/2018,4192
10886,11/22/2018,4192
10887,11/23/2018,4192
10888,11/24/2018,4192.1
10889,11/25/2018,4192
10890,11/26/2018,4192
10891,11/27/2018,4192
10892,11/28/2018,4192
10893,11/29/2018,4192.1
10894,11/30/2018,4192.2
10895,12/1/2018,4192.1
10896,12/2/2018,4192.2
10897,12/3/2018,4192.1
10898,12/4/2018,4192.1
10899,12/5/2018,4192.1
10900,12/6/2018,4192.1
10901,12/7/2018,4192.1
10902,12/8/2018,4192.1
10903,12/9/2018,4192.1
10904,12/10/2018,4192.1
10905,12/11/2018,4192.1
10906,12/12/2018,4192.3
10907,12/13/2018,4192.2
10908,12/14/2018,4192.2
10909,12/15/2018,4192.2
10910,12/16/2018,4192.2
10911,12/17/2018,4192.2
10912,12/18/2018,4192.2
10913,12/19/2018,4192.2
10914,12/20/2018,4192.2
10915,12/21/2018,4192.3
10916,12/22/2018,4192.3
10917,12/23/2018,4192.2
10918,12/24/2018,4192.3
10919,12/25/2018,4192.3
10920,12/26/2018,4192.4
10921,12/27/2018,4192.4
10922,12/28/2018,4192.4
10923,12/29/2018,4192.3
10924,12/30/2018,4192.3
10925,12/31/2018,4192.4
10926,1/1/2019,4192.4
10927,1/2/2019,4192.3
10928,1/3/2019,4192.3
10929,1/4/2019,4192.3
10930,1/5/2019,4192.3
10931,1/6/2019,4192.3
10932,1/7/2019,4192.3
10933,1/8/2019,4192.4
10934,1/9/2019,4192.4
10935,1/10/2019,4192.4
10936,1/11/2019,4192.3
10937,1/12/2019,4192.3
10938,1/13/2019,4192.3
10939,1/14/2019,4192.4
10940,1/15/2019,4192.4
10941,1/16/2019,4192.4
10942,1/17/2019,4192.4
10943,1/18/2019,4192.4
10944,1/19/2019,4192.5
10945,1/20/2019,4192.5
10946,1/21/2019,4192.6
10947,1/22/2019,4192.6
10948,1/23/2019,4192.5
10949,1/24/2019,4192.5
10950,1/25/2019,4192.6
10951,1/26/2019,4192.6
10952,1/27/2019,4192.6
10953,1/28/2019,4192.6
10954,1/29/2019,4192.6
10955,1/30/2019,4192.6
10956,1/31/2019,4192.6
10957,2/1/2019,4192.7
10958,2/2/2019,4192.7
10959,2/3/2019,4192.7
10960,2/4/2019,4192.5
10961,2/5/2019,4192.5
10962,2/6/2019,4192.7
10963,2/7/2019,4192.8
10964,2/8/2019,4192.8
10965,2/9/2019,4192.7
10966,2/10/2019,4192.7
10967,2/11/2019,4192.8
10968,2/12/2019,4192.9
10969,2/13/2019,4192.9
10970,2/14/2019,4192.6
10971,2/15/2019,4192.9
10972,2/16/2019,4193.1
10973,2/17/2019,4193.1
10974,2/18/2019,4193.1
10975,2/19/2019,4193.2
10976,2/20/2019,4193.1
10977,2/21/2019,4193.1
10978,2/22/2019,4193.2
10979,2/23/2019,4193.1
10980,2/24/2019,4193.1
10981,2/25/2019,4193.1
10982,2/26/2019,4193.2
10983,2/27/2019,4193.2
10984,2/28/2019,4193.2
10985,3/1/2019,4193.3
10986,3/2/2019,4193.3
10987,3/3/2019,4193.3
10988,3/4/2019,4193.3
10989,3/5/2019,4193.3
10990,3/6/2019,4193.3
10991,3/7/2019,4193.3
10992,3/8/2019,4193.5
10993,3/9/2019,4193.4
10994,3/10/2019,4193.5
10995,3/11/2019,4193.5
10996,3/12/2019,4193.5
10997,3/13/2019,4193.7
10998,3/14/2019,4193.6
10999,3/15/2019,4193.6
11000,3/16/2019,4193.6
11001,3/17/2019,4193.6
11002,3/18/2019,4193.6
11003,3/19/2019,4193.6
11004,3/20/2019,4193.6
11005,3/21/2019,4193.6
11006,3/22/2019,4193.6
11007,3/23/2019,4193.6
11008,3/24/2019,4193.7
11009,3/25/2019,4193.7
11010,3/26/2019,4193.7
11011,3/27/2019,4193.7
11012,3/28/2019,4193.8
11013,3/29/2019,4193.8
11014,3/30/2019,4193.8
11015,3/31/2019,4193.8
11016,4/1/2019,4193.8
11017,4/2/2019,4193.8
11018,4/3/2019,4193.9
11019,4/4/2019,4193.9
11020,4/5/2019,4193.9
11021,4/6/2019,4193.9
11022,4/7/2019,4193.9
11023,4/8/2019,4193.9
11024,4/9/2019,4194
11025,4/10/2019,4194.5
11026,4/11/2019,4194.1
11027,4/12/2019,4194
11028,4/13/2019,4194
11029,4/14/2019,4194
11030,4/15/2019,4194.1
11031,4/16/2019,4194.2
11032,4/17/2019,4194.2
11033,4/18/2019,4194.2
11034,4/19/2019,4194.2
11035,4/20/2019,4194.3
11036,4/21/2019,4194.4
11037,4/22/2019,4194.4
11038,4/23/2019,4194.4
11039,4/24/2019,4194.4
11040,4/25/2019,4194.4
11041,4/26/2019,4194.5
11042,4/27/2019,4194.5
11043,4/28/2019,4194.6
11044,4/29/2019,4194.6
11045,4/30/2019,4194.6
11046,5/1/2019,4194.5
11047,5/2/2019,4194.5
11048,5/3/2019,4194.5
11049,5/4/2019,4194.5
11050,5/5/2019,4194.5
11051,5/6/2019,4194.5
11052,5/7/2019,4194.6
11053,5/8/2019,4194.7
11054,5/9/2019,4194.6
11055,5/10/2019,4194.6
11056,5/11/2019,4194.6
11057,5/12/2019,4194.6
11058,5/13/2019,4194.6
11059,5/14/2019,4194.6
11060,5/15/2019,4194.5
11061,5/16/2019,4194.4
11062,5/17/2019,4194.7
11063,5/18/2019,4194.6
11064,5/19/2019,4194.5
11065,5/20/2019,4194.6
11066,5/21/2019,4194.7
11067,5/22/2019,4194.6
11068,5/23/2019,4194.6
11069,5/24/2019,4194.6
11070,5/25/2019,4194.7
11071,5/26/2019,4194.7
11072,5/27/2019,4194.7
11073,5/28/2019,4194.8
11074,5/29/2019,4194.8
11075,5/30/2019,4194.8
11076,5/31/2019,4194.8
11077,6/1/2019,4194.8
11078,6/2/2019,4194.8
11079,6/3/2019,4194.8
11080,6/4/2019,4194.8
11081,6/5/2019,4194.8
11082,6/6/2019,4194.7
11083,6/7/2019,4195.1
11084,6/8/2019,4194.9
11085,6/9/2019,4194.9
11086,6/10/2019,4194.9
11087,6/11/2019,4194.9
11088,6/12/2019,4194.9
11089,6/13/2019,4194.9
11090,6/14/2019,4194.9
11091,6/15/2019,4194.9
11092,6/16/2019,4194.9
11093,6/17/2019,4194.9
11094,6/18/2019,4194.9
11095,6/19/2019,4194.9
11096,6/20/2019,4195
11097,6/21/2019,4195
11098,6/22/2019,4194.9
11099,6/23/2019,4194.8
11100,6/24/2019,4194.8
11101,6/25/2019,4194.8
11102,6/26/2019,4194.7
11103,6/27/2019,4194.6
11104,6/28/2019,4194.7
11105,6/29/2019,4194.7
11106,6/30/2019,4194.6
11107,7/1/2019,4194.7
11108,7/2/2019,4194.7
11109,7/3/2019,4194.8
11110,7/4/2019,4194.7
11111,7/5/2019,4194.6
11112,7/6/2019,4194.6
11113,7/7/2019,4194.5
11114,7/8/2019,4194.6
11115,7/9/2019,4194.5
11116,7/10/2019,4194.5
11117,7/11/2019,4194.5
11118,7/12/2019,4194.5
11119,7/13/2019,4194.4
11120,7/14/2019,4194.4
11121,7/15/2019,4194.4
11122,7/16/2019,4194.5
11123,7/17/2019,4194.4
11124,7/18/2019,4194.4
11125,7/19/2019,4194.4
11126,7/20/2019,4194.4
11127,7/21/2019,4194.3
11128,7/22/2019,4194.3
11129,7/23/2019,4194.3
11130,7/24/2019,4194.3
11131,7/25/2019,4194.2
11132,7/26/2019,4194.1
11133,7/27/2019,4194.2
11134,7/28/2019,4194.1
11135,7/29/2019,4194.1
11136,7/30/2019,4194.1
11137,7/31/2019,4193.9
11138,8/1/2019,4194
11139,8/2/2019,4194
11140,8/3/2019,4193.9
11141,8/4/2019,4194
11142,8/5/2019,4193.9
11143,8/6/2019,4193.9
11144,8/7/2019,4193.9
11145,8/8/2019,4193.9
11146,8/9/2019,4193.9
11147,8/10/2019,4193.8
11148,8/11/2019,4193.9
11149,8/12/2019,4193.8
11150,8/13/2019,4193.8
11151,8/14/2019,4193.8
11152,8/15/2019,4193.8
11153,8/16/2019,4193.8
11154,8/17/2019,4193.7
11155,8/18/2019,4193.7
11156,8/19/2019,4193.7
11157,8/20/2019,4193.7
11158,8/21/2019,4193.6
11159,8/22/2019,4193.7
11160,8/23/2019,4193.6
11161,8/24/2019,4193.6
11162,8/25/2019,4193.6
11163,8/26/2019,4193.6
11164,8/27/2019,4193.5
11165,8/28/2019,4193.5
11166,8/29/2019,4193.5
11167,8/30/2019,4193.5
11168,8/31/2019,4193.5
11169,9/1/2019,4193.5
11170,9/2/2019,4193.4
11171,9/3/2019,4193.4
11172,9/4/2019,4193.4
11173,9/5/2019,4193.3
11174,9/6/2019,4193.4
11175,9/7/2019,4193.4
11176,9/8/2019,4193.4
11177,9/9/2019,4193.3
11178,9/10/2019,4193.3
11179,9/11/2019,4193.4
11180,9/12/2019,4193.3
11181,9/13/2019,4193.3
11182,9/14/2019,4193.3
11183,9/15/2019,4193.2
11184,9/16/2019,4193
11185,9/17/2019,4193.3
11186,9/18/2019,4193.2
11187,9/19/2019,4193.3
11188,9/20/2019,4193.1
11189,9/21/2019,4193.1
11190,9/22/2019,4193.1
11191,9/23/2019,4193.1
11192,9/24/2019,4193.1
11193,9/25/2019,4193.1
11194,9/26/2019,4193.1
11195,9/27/2019,4193.1
11196,9/28/2019,4193.2
11197,9/29/2019,4193.3
11198,9/30/2019,4193.2
11199,10/1/2019,4193.3
11200,10/2/2019,4193.2
11201,10/3/2019,4193.2
11202,10/4/2019,4193.4
11203,10/5/2019,4193.2
11204,10/6/2019,4193.2
11205,10/7/2019,4193.2
11206,10/8/2019,4193.2
11207,10/9/2019,4193.4
11208,10/10/2019,4193.3
11209,10/11/2019,4193.2
11210,10/12/2019,4193.2
11211,10/13/2019,4193.2
11212,10/14/2019,4193.2
11213,10/15/2019,4193.2
11214,10/16/2019,4193.2
11215,10/17/2019,4193.3
11216,10/18/2019,4193.2
11217,10/19/2019,4193.3
11218,10/20/2019,4193.3
11219,10/21/2019,4193.2
11220,10/22/2019,4193.2
11221,10/23/2019,4193.3
11222,10/24/2019,4193.2
11223,10/25/2019,4193.2
11224,10/26/2019,4193.3
11225,10/27/2019,4193.4
11226,10/28/2019,4193.2
11227,10/29/2019,4193.3
11228,10/30/2019,4193.2
11229,10/31/2019,4193.2
11230,11/1/2019,4193.2
11231,11/2/2019,4193.2
11232,11/3/2019,4193.2
11233,11/4/2019,4193.2
11234,11/5/2019,4193.2
11235,11/6/2019,4193.2
11236,11/7/2019,4193.2
11237,11/8/2019,4193.2
11238,11/9/2019,4193.2
11239,11/10/2019,4193.2
11240,11/11/2019,4193.3
11241,11/12/2019,4193.3
11242,11/13/2019,4193.3
11243,11/14/2019,4193.3
11244,11/15/2019,4193.3
11245,11/16/2019,4193.3
11246,11/17/2019,4193.3
11247,11/18/2019,4193.3
11248,11/19/2019,4193.3
11249,11/20/2019,4193.3
11250,11/21/2019,4193.3
11251,11/22/2019,4193.3
11252,11/23/2019,4193.3
11253,11/24/2019,4193.3
11254,11/25/2019,4193.6
11255,11/26/2019,4193.3
11256,11/27/2019,4193.2
11257,11/28/2019,4193.3
11258,11/29/2019,4193.4
11259,11/30/2019,4193.4
11260,12/1/2019,4193.4
11261,12/2/2019,4193.4
11262,12/3/2019,4193.4
11263,12/4/2019,4193.4
11264,12/5/2019,4193.5
11265,12/6/2019,4193.5
11266,12/7/2019,4193.5
11267,12/8/2019,4193.5
11268,12/9/2019,4193.5
11269,12/10/2019,4193.5
11270,12/11/2019,4193.6
11271,12/12/2019,4193.6
11272,12/13/2019,4193.6
11273,12/14/2019,4193.7
11274,12/15/2019,4193.7
11275,12/16/2019,4193.7
11276,12/17/2019,4193.7
11277,12/18/2019,4193.7
11278,12/19/2019,4193.7
11279,12/20/2019,4193.7
11280,12/21/2019,4193.7
11281,12/22/2019,4193.7
11282,12/23/2019,4193.8
11283,12/24/2019,4193.8
11284,12/25/2019,4193.8
11285,12/26/2019,4193.8
11286,12/27/2019,4193.9
11287,12/28/2019,4193.9
11288,12/29/2019,4193.8
11289,12/30/2019,4193.8
11290,12/31/2019,4193.8
11291,1/1/2020,4193.8
11292,1/2/2020,4193.9
11293,1/3/2020,4193.8
11294,1/4/2020,4193.8
11295,1/5/2020,4193.9
11296,1/6/2020,4193.9
11297,1/7/2020,4193.9
11298,1/8/2020,4193.9
11299,1/9/2020,4193.9
11300,1/10/2020,4193.9
11301,1/11/2020,4193.9
11302,1/12/2020,4193.9
11303,1/13/2020,4193.9
11304,1/14/2020,4193.9
11305,1/15/2020,4193.9
11306,1/16/2020,4193.9
11307,1/17/2020,4193.9
11308,1/18/2020,4193.9
11309,1/19/2020,4193.9
11310,1/20/2020,4193.9
11311,1/21/2020,4193.9
11312,1/22/2020,4193.9
11313,1/23/2020,4193.9
11314,1/24/2020,4194
11315,1/25/2020,4194
11316,1/26/2020,4194
11317,1/27/2020,4194
11318,1/28/2020,4194
11319,1/29/2020,4194.1
11320,1/30/2020,4194.1
11321,1/31/2020,4194.1
11322,2/1/2020,4194.2
11323,2/2/2020,4194.3
11324,2/3/2020,4194.6
11325,2/4/2020,4194.3
11326,2/5/2020,4194.2
11327,2/6/2020,4194.2
11328,2/7/2020,4194.3
11329,2/8/2020,4194.3
11330,2/9/2020,4194.4
11331,2/10/2020,4194.3
11332,2/11/2020,4194.3
11333,2/12/2020,4194.3
11334,2/13/2020,4194.3
11335,2/14/2020,4194.4
11336,2/15/2020,4194.3
11337,2/16/2020,4194.4
11338,2/17/2020,4194.4
11339,2/18/2020,4194.4
11340,2/19/2020,4194.5
11341,2/20/2020,4194.4
11342,2/21/2020,4194.4
11343,2/22/2020,4194.4
11344,2/23/2020,4194.4
11345,2/24/2020,4194.6
11346,2/25/2020,4194.5
11347,2/26/2020,4194.5
11348,2/27/2020,4194.5
11349,2/28/2020,4194.5
11350,2/29/2020,4194.5
11351,3/1/2020,4194.7
11352,3/2/2020,4194.5
11353,3/3/2020,4194.5
11354,3/4/2020,4194.5
11355,3/5/2020,4194.5
11356,3/6/2020,4194.5
11357,3/7/2020,4194.5
11358,3/8/2020,4194.5
11359,3/9/2020,4194.5
11360,3/10/2020,4194.5
11361,3/11/2020,4194.5
11362,3/12/2020,4194.6
11363,3/13/2020,4194.6
11364,3/14/2020,4194.3
11365,3/15/2020,4194.4
11366,3/16/2020,4194.5
11367,3/17/2020,4194.5
11368,3/18/2020,4194.6
11369,3/19/2020,4194.6
11370,3/20/2020,4194.6
11371,3/21/2020,4194.6
11372,3/22/2020,4194.6
11373,3/23/2020,4194.6
11374,3/24/2020,4194.6
11375,3/25/2020,4194.6
11376,3/26/2020,4194.7
11377,3/27/2020,4194.7
11378,3/28/2020,4194.7
11379,3/29/2020,4194.7
11380,3/30/2020,4194.7
11381,3/31/2020,4194.7
11382,4/1/2020,4194.8
11383,4/2/2020,4194.8
11384,4/3/2020,4194.7
11385,4/4/2020,4194.7
11386,4/5/2020,4194.7
11387,4/6/2020,4194.7
11388,4/7/2020,4194.7
11389,4/8/2020,4194.8
11390,4/9/2020,4194.7
11391,4/10/2020,4194.7
11392,4/11/2020,4194.8
11393,4/12/2020,4194.9
11394,4/13/2020,4194.8
11395,4/14/2020,4194.7
11396,4/15/2020,4194.7
11397,4/16/2020,4194.8
11398,4/17/2020,4194.7
11399,4/18/2020,4194.7
11400,4/19/2020,4194.7
11401,4/20/2020,4194.7
11402,4/21/2020,4194.7
11403,4/22/2020,4194.7
11404,4/23/2020,4194.9
11405,4/24/2020,4194.7
11406,4/25/2020,4194.7
11407,4/26/2020,4194.7
11408,4/27/2020,4194.7
11409,4/28/2020,4194.7
11410,4/29/2020,4194.7
11411,4/30/2020,4194.7
11412,5/1/2020,4194.7
11413,5/2/2020,4194.7
11414,5/3/2020,4194.8
11415,5/4/2020,4194.7
11416,5/5/2020,4194.6
11417,5/6/2020,4194.7
11418,5/7/2020,4194.6
11419,5/8/2020,4194.6
11420,5/9/2020,4194.6
11421,5/10/2020,4194.6
11422,5/11/2020,4194.5
11423,5/12/2020,4194.6
11424,5/13/2020,4194.6
11425,5/14/2020,4194.6
11426,5/15/2020,4194.6
11427,5/16/2020,4194.6
11428,5/17/2020,4194.4
11429,5/18/2020,4194.3
11430,5/19/2020,4194.5
11431,5/20/2020,4194.4
11432,5/21/2020,4194.4
11433,5/22/2020,4194.6
11434,5/23/2020,4194.4
11435,5/24/2020,4194.4
11436,5/25/2020,4194.4
11437,5/26/2020,4194.4
11438,5/27/2020,4194.4
11439,5/28/2020,4194.4
11440,5/29/2020,4194.4
11441,5/30/2020,4194.3
11442,5/31/2020,4194.4
11443,6/1/2020,4194.3
11444,6/2/2020,4194.4
11445,6/3/2020,4194.3
11446,6/4/2020,4194.3
11447,6/5/2020,4194.2
11448,6/6/2020,4194.1
11449,6/7/2020,4194.4
11450,6/8/2020,4194.3
11451,6/9/2020,4194.2
11452,6/10/2020,4194.2
11453,6/11/2020,4194.2
11454,6/12/2020,4194.2
11455,6/13/2020,4194.2
11456,6/14/2020,4194.2
11457,6/15/2020,4194.2
11458,6/16/2020,4194.3
11459,6/17/2020,4194.2
11460,6/18/2020,4194.2
11461,6/19/2020,4194.1
11462,6/20/2020,4194.1
11463,6/21/2020,4194.1
11464,6/22/2020,4194.1
11465,6/23/2020,4194.1
11466,6/24/2020,4194.1
11467,6/25/2020,4194.2
11468,6/26/2020,4194.1
11469,6/27/2020,4194.1
11470,6/28/2020,4194.3
11471,6/29/2020,4194.1
11472,6/30/2020,4194.1
11473,7/1/2020,4194.1
11474,7/2/2020,4194.1
11475,7/3/2020,4194
11476,7/4/2020,4194
11477,7/5/2020,4194
11478,7/6/2020,4194
11479,7/7/2020,4194
11480,7/8/2020,4194
11481,7/9/2020,4194
11482,7/10/2020,4193.9
11483,7/11/2020,4193.9
11484,7/12/2020,4193.9
11485,7/13/2020,4193.9
11486,7/14/2020,4193.9
11487,7/15/2020,4193.8
11488,7/16/2020,4193.8
11489,7/17/2020,4193.8
11490,7/18/2020,4193.8
11491,7/19/2020,4193.8
11492,7/20/2020,4193.7
11493,7/21/2020,4193.7
11494,7/22/2020,4193.6
11495,7/23/2020,4193.6
11496,7/24/2020,4193.6
11497,7/25/2020,4193.6
11498,7/26/2020,4193.6
11499,7/27/2020,4193.5
11500,7/28/2020,4193.6
11501,7/29/2020,4193.6
11502,7/30/2020,4193.5
11503,7/31/2020,4193.5
11504,8/1/2020,4193.5
11505,8/2/2020,4193.5
11506,8/3/2020,4193.5
11507,8/4/2020,4193.5
11508,8/5/2020,4193.4
11509,8/6/2020,4193.3
11510,8/7/2020,4193.4
11511,8/8/2020,4193.3
11512,8/9/2020,4193.3
11513,8/10/2020,4193.3
11514,8/11/2020,4193.3
11515,8/12/2020,4193.3
11516,8/13/2020,4193.2
11517,8/14/2020,4193.2
11518,8/15/2020,4193.2
11519,8/16/2020,4193.2
11520,8/17/2020,4193.2
11521,8/18/2020,4193.2
11522,8/19/2020,4193.2
11523,8/20/2020,4193.1
11524,8/21/2020,4193.1
11525,8/22/2020,4193.1
11526,8/23/2020,4193.1
11527,8/24/2020,4193.1
11528,8/25/2020,4193.1
11529,8/26/2020,4193
11530,8/27/2020,4193.1
11531,8/28/2020,4193
11532,8/29/2020,4193
11533,8/30/2020,4193
11534,8/31/2020,4193
11535,9/1/2020,4192.9
11536,9/2/2020,4192.8
11537,9/3/2020,4192.8
11538,9/4/2020,4192.8
11539,9/5/2020,4192.8
11540,9/6/2020,4192.8
11541,9/7/2020,4193
11542,9/8/2020,4192.8
11543,9/9/2020,4192.7
11544,9/10/2020,4192.6
11545,9/11/2020,4192.6
11546,9/12/2020,4192.6
11547,9/13/2020,4192.6
11548,9/14/2020,4192.6
11549,9/15/2020,4192.6
11550,9/16/2020,4192.6
11551,9/17/2020,4192.6
11552,9/18/2020,4192.6
11553,9/19/2020,4192.7
11554,9/20/2020,4192.6
11555,9/21/2020,4192.6
11556,9/22/2020,4192.6
11557,9/23/2020,4192.6
11558,9/24/2020,4192.6
11559,9/25/2020,4192.6
11560,9/26/2020,4192.6
11561,9/27/2020,4192.6
11562,9/28/2020,4192.5
11563,9/29/2020,4192.5
11564,9/30/2020,4192.5
11565,10/1/2020,4192.5
11566,10/2/2020,4192.5
11567,10/3/2020,4192.5
11568,10/4/2020,4192.5
11569,10/5/2020,4192.5
11570,10/6/2020,4192.4
11571,10/7/2020,4192.4
11572,10/8/2020,4192.4
11573,10/9/2020,4192.4
11574,10/10/2020,4192.4
11575,10/11/2020,4192.5
11576,10/12/2020,4192.4
11577,10/13/2020,4192.4
11578,10/14/2020,4192.5
11579,10/15/2020,4192.4
11580,10/16/2020,4192.3
11581,10/17/2020,4192.3
11582,10/18/2020,4192.3
11583,10/19/2020,4192.3
11584,10/20/2020,4192.3
11585,10/21/2020,4192.3
11586,10/22/2020,4192.5
11587,10/23/2020,4192.3
11588,10/24/2020,4192.3
11589,10/25/2020,4192.4
11590,10/26/2020,4192.2
11591,10/27/2020,4192.2
11592,10/28/2020,4192.2
11593,10/29/2020,4192.2
11594,10/30/2020,4192.2
11595,10/31/2020,4192.2
11596,11/1/2020,4192.2
11597,11/2/2020,4192.2
11598,11/3/2020,4192.2
11599,11/4/2020,4192.2
11600,11/5/2020,4192.2
11601,11/6/2020,4192.1
11602,11/7/2020,4192
11603,11/8/2020,4192.1
11604,11/9/2020,4192.3
11605,11/10/2020,4192.1
11606,11/11/2020,4192.2
11607,11/12/2020,4192.1
11608,11/13/2020,4192.1
11609,11/14/2020,4192.4
11610,11/15/2020,4192.2
11611,11/16/2020,4192.1
11612,11/17/2020,4192.1
11613,11/18/2020,4192.1
11614,11/19/2020,4192.2
11615,11/20/2020,4192.2
11616,11/21/2020,4192.2
11617,11/22/2020,4192.2
11618,11/23/2020,4192.2
11619,11/24/2020,4192.2
11620,11/25/2020,4192.2
11621,11/26/2020,4192.2
11622,11/27/2020,4192.2
11623,11/28/2020,4192.2
11624,11/29/2020,4192.2
11625,11/30/2020,4192.2
11626,12/1/2020,4192.2
11627,12/2/2020,4192.2
11628,12/3/2020,4192.1
11629,12/4/2020,4192.1
11630,12/5/2020,4192.2
11631,12/6/2020,4192.2
11632,12/7/2020,4192.2
11633,12/8/2020,4192.2
11634,12/9/2020,4192.2
11635,12/10/2020,4192.2
11636,12/11/2020,4192.1
11637,12/12/2020,4192.2
11638,12/13/2020,4192.2
11639,12/14/2020,4192.2
11640,12/15/2020,4192.2
11641,12/16/2020,4192.2
11642,12/17/2020,4192.2
11643,12/18/2020,4192.2
11644,12/19/2020,4192.2
11645,12/20/2020,4192.2
11646,12/21/2020,4192.2
11647,12/22/2020,4192.4
11648,12/23/2020,4192.3
11649,12/24/2020,4192.2
11650,12/25/2020,4192.2
11651,12/26/2020,4192.2
11652,12/27/2020,4192.3
11653,12/28/2020,4192.3
11654,12/29/2020,4192.3
11655,12/30/2020,4192.2
11656,12/31/2020,4192.3
11657,1/1/2021,4192.3
11658,1/2/2021,4192.3
11659,1/3/2021,4192.3
11660,1/4/2021,4192.3
11661,1/5/2021,4192.3
11662,1/6/2021,4192.3
11663,1/7/2021,4192.3
11664,1/8/2021,4192.3
11665,1/9/2021,4192.3
11666,1/10/2021,4192.3
11667,1/11/2021,4192.3
11668,1/12/2021,4192.3
11669,1/13/2021,4192.3
11670,1/14/2021,4192.3
11671,1/15/2021,4192.3
11672,1/16/2021,4192.3
11673,1/17/2021,4192.3
11674,1/18/2021,4192.4
11675,1/19/2021,4192.3
11676,1/20/2021,4192.3
11677,1/21/2021,4192.3
11678,1/22/2021,4192.3
11679,1/23/2021,4192.4
11680,1/24/2021,4192.4
11681,1/25/2021,4192.4
11682,1/26/2021,4192.4
11683,1/27/2021,4192.3
11684,1/28/2021,4192.4
11685,1/29/2021,4192.4
11686,1/30/2021,4192.4
11687,1/31/2021,4192.4
11688,2/1/2021,4192.4
11689,2/2/2021,4192.5
11690,2/3/2021,4192.5
11691,2/4/2021,4192.5
11692,2/5/2021,4192.5
11693,2/6/2021,4192.5
11694,2/7/2021,4192.5
11695,2/8/2021,4192.5
11696,2/9/2021,4192.5
11697,2/10/2021,4192.5
11698,2/11/2021,4192.5
11699,2/12/2021,4192.6
11700,2/13/2021,4192.7
11701,2/14/2021,4192.7
11702,2/15/2021,4192.6
11703,2/16/2021,4192.8
11704,2/17/2021,4192.7
11705,2/18/2021,4192.7
11706,2/19/2021,4192.7
11707,2/20/2021,4192.8
11708,2/21/2021,4192.8
11709,2/22/2021,4192.7
11710,2/23/2021,4192.8
11711,2/24/2021,4192.9
11712,2/25/2021,4192.8
11713,2/26/2021,4192.8
11714,2/27/2021,4192.8
11715,2/28/2021,4192.8
11716,3/1/2021,4192.8
11717,3/2/2021,4192.8
11718,3/3/2021,4192.8
11719,3/4/2021,4192.8
11720,3/5/2021,4192.8
11721,3/6/2021,4192.8
11722,3/7/2021,4192.8
11723,3/8/2021,4192.8
11724,3/9/2021,4192.8
11725,3/10/2021,4192.8
11726,3/11/2021,4192.7
11727,3/12/2021,4192.8
11728,3/13/2021,4192.8
11729,3/14/2021,4192.8
11730,3/15/2021,4192.7
11731,3/16/2021,4192.8
11732,3/17/2021,4192.8
11733,3/18/2021,4192.8
11734,3/19/2021,4192.8
11735,3/20/2021,4192.9
11736,3/21/2021,4192.8
11737,3/22/2021,4192.8
11738,3/23/2021,4192.9
11739,3/24/2021,4192.9
11740,3/25/2021,4192.8
11741,3/26/2021,4192.9
11742,3/27/2021,4192.8
11743,3/28/2021,4192.8
11744,3/29/2021,4193
11745,3/30/2021,4192.8
11746,3/31/2021,4192.8
11747,4/1/2021,4192.8
11748,4/2/2021,4192.8
11749,4/3/2021,4192.8
11750,4/4/2021,4192.8
11751,4/5/2021,4192.9
11752,4/6/2021,4192.8
11753,4/7/2021,4192.8
11754,4/8/2021,4192.9
11755,4/9/2021,4192.8
11756,4/10/2021,4192.8
11757,4/11/2021,4192.9
11758,4/12/2021,4192.8
11759,4/13/2021,4192.7
11760,4/14/2021,4192.7
11761,4/15/2021,4192.7
11762,4/16/2021,4192.7
11763,4/17/2021,4192.7
11764,4/18/2021,4192.7
11765,4/19/2021,4192.9
11766,4/20/2021,4192.7
11767,4/21/2021,4192.7
11768,4/22/2021,4192.7
11769,4/23/2021,4192.7
11770,4/24/2021,4192.7
11771,4/25/2021,4192.8
11772,4/26/2021,4192.8
11773,4/27/2021,4192.8
11774,4/28/2021,4192.7
11775,4/29/2021,4192.7
11776,4/30/2021,4192.7
11777,5/1/2021,4192.8
11778,5/2/2021,4192.8
11779,5/3/2021,4192.8
11780,5/4/2021,4192.7
11781,5/5/2021,4192.7
11782,5/6/2021,4192.7
11783,5/7/2021,4192.7
11784,5/8/2021,4192.8
11785,5/9/2021,4192.6
11786,5/10/2021,4192.7
11787,5/11/2021,4192.6
11788,5/12/2021,4192.6
11789,5/13/2021,4192.6
11790,5/14/2021,4192.6
11791,5/15/2021,4192.6
11792,5/16/2021,4192.6
11793,5/17/2021,4192.5
11794,5/18/2021,4192.5
11795,5/19/2021,4192.5
11796,5/20/2021,4192.8
11797,5/21/2021,4192.5
11798,5/22/2021,4192.4
11799,5/23/2021,4192.4
11800,5/24/2021,4192.4
11801,5/25/2021,4192.4
11802,5/26/2021,4192.5
11803,5/27/2021,4192.4
11804,5/28/2021,4192.4
11805,5/29/2021,4192.4
11806,5/30/2021,4192.4
11807,5/31/2021,4192.4
11808,6/1/2021,4192.3
11809,6/2/2021,4192.3
11810,6/3/2021,4192.3
11811,6/4/2021,4192.4
11812,6/5/2021,4192.3
11813,6/6/2021,4192.3
11814,6/7/2021,4192.3
11815,6/8/2021,4192.1
11816,6/9/2021,4192.1
11817,6/10/2021,4192.3
11818,6/11/2021,4192.1
11819,6/12/2021,4192.1
11820,6/13/2021,4192.1
11821,6/14/2021,4192
11822,6/15/2021,4192
11823,6/16/2021,4192.1
11824,6/17/2021,4192.1
11825,6/18/2021,4192
11826,6/19/2021,4192
11827,6/20/2021,4192
11828,6/21/2021,4192
11829,6/22/2021,4191.9
11830,6/23/2021,4191.9
11831,6/24/2021,4191.9
11832,6/25/2021,4191.9
11833,6/26/2021,4191.9
11834,6/27/2021,4191.9
11835,6/28/2021,4191.8
11836,6/29/2021,4191.7
11837,6/30/2021,4191.8
11838,7/1/2021,4191.8
11839,7/2/2021,4191.8
11840,7/3/2021,4191.7
11841,7/4/2021,4191.7
11842,7/5/2021,4191.7
11843,7/6/2021,4191.7
11844,7/7/2021,4191.7
11845,7/8/2021,4191.7
11846,7/9/2021,4191.7
11847,7/10/2021,4191.6
11848,7/11/2021,4191.6
11849,7/12/2021,4191.6
11850,7/13/2021,4191.6
11851,7/14/2021,4191.5
11852,7/15/2021,4191.4
11853,7/16/2021,4191.5
11854,7/17/2021,4191.5
11855,7/18/2021,4191.5
11856,7/19/2021,4191.4
11857,7/20/2021,4191.4
11858,7/21/2021,4191.3
11859,7/22/2021,4191.3
11860,7/23/2021,4191.3
11861,7/24/2021,4191.3
11862,7/25/2021,4191.3
11863,7/26/2021,4191.2
11864,7/27/2021,4191.2
11865,7/28/2021,4191.3
11866,7/29/2021,4191.2
11867,7/30/2021,4191.2
11868,7/31/2021,4191.2
11869,8/1/2021,4191.2
11870,8/2/2021,4191.2
11871,8/3/2021,4191.2
11872,8/4/2021,4191.2
11873,8/5/2021,4191.1
11874,8/6/2021,4191.2
11875,8/7/2021,4191.1
11876,8/8/2021,4191.1
11877,8/9/2021,4191.1
11878,8/10/2021,4191.1
11879,8/11/2021,4191
11880,8/12/2021,4191
11881,8/13/2021,4191
11882,8/14/2021,4191
11883,8/15/2021,4191
11884,8/16/2021,4191
11885,8/17/2021,4190.8
11886,8/18/2021,4190.8
11887,8/19/2021,4191
11888,8/20/2021,4191
11889,8/21/2021,4190.8
11890,8/22/2021,4191
11891,8/23/2021,4190.9
11892,8/24/2021,4190.9
11893,8/25/2021,4190.9
11894,8/26/2021,4190.9
11895,8/27/2021,4190.9
11896,8/28/2021,4190.9
11897,8/29/2021,4190.9
11898,8/30/2021,4190.9
11899,8/31/2021,4190.8
11900,9/1/2021,4190.8
11901,9/2/2021,4190.8
11902,9/3/2021,4190.8
11903,9/4/2021,4190.8
11904,9/5/2021,4190.8
11905,9/6/2021,4190.8
11906,9/7/2021,4190.8
11907,9/8/2021,4190.8
11908,9/9/2021,4190.8
11909,9/10/2021,4190.7
11910,9/11/2021,4190.8
11911,9/12/2021,4190.7
11912,9/13/2021,4190.8
11913,9/14/2021,4190.7
11914,9/15/2021,4190.7
11915,9/16/2021,4190.7
11916,9/17/2021,4190.7
11917,9/18/2021,4190.4
11918,9/19/2021,4190.7
11919,9/20/2021,4190.6
11920,9/21/2021,4190.6
11921,9/22/2021,4190.5
11922,9/23/2021,4190.6
11923,9/24/2021,4190.5
11924,9/25/2021,4190.5
11925,9/26/2021,4190.5
11926,9/27/2021,4190.5
11927,9/28/2021,4190.7
11928,9/29/2021,4190.5
11929,9/30/2021,4190.5
11930,10/1/2021,4190.4
11931,10/2/2021,4190.4
11932,10/3/2021,4190.4
11933,10/4/2021,4190.4
11934,10/5/2021,4190.4
11935,10/6/2021,4190.4
11936,10/7/2021,4190.5
11937,10/8/2021,4190.3
11938,10/9/2021,4190.5
11939,10/10/2021,4190.4
11940,10/11/2021,4190.6
11941,10/12/2021,4190.8
11942,10/13/2021,4190.4
11943,10/14/2021,4190.4
11944,10/15/2021,4190.3
11945,10/16/2021,4190.3
11946,10/17/2021,4190.3
11947,10/18/2021,4190.2
11948,10/19/2021,4190.3
11949,10/20/2021,4190.4
11950,10/21/2021,4190.4
11951,10/22/2021,4190.3
11952,10/23/2021,4190.4
11953,10/24/2021,4190.3
11954,10/25/2021,4190.5
11955,10/26/2021,4190.8
11956,10/27/2021,4190.4
11957,10/28/2021,4190.5
11958,10/29/2021,4190.5
11959,10/30/2021,4190.5
11960,10/31/2021,4190.5
11961,11/1/2021,4190.5
11962,11/2/2021,4190.6
11963,11/3/2021,4190.6
11964,11/4/2021,4190.6
11965,11/5/2021,4190.6
11966,11/6/2021,4190.6
11967,11/7/2021,4190.6
11968,11/8/2021,4190.6
11969,11/9/2021,4190.6
11970,11/10/2021,4190.6
11971,11/11/2021,4190.6
11972,11/12/2021,4190.6
11973,11/13/2021,4190.6
11974,11/14/2021,4190.6
11975,11/15/2021,4190.6
11976,11/16/2021,4190.7
11977,11/17/2021,4190.7
11978,11/18/2021,4190.6
11979,11/19/2021,4190.6
11980,11/20/2021,4190.6
11981,11/21/2021,4190.6
11982,11/22/2021,4190.6
11983,11/23/2021,4190.7
11984,11/24/2021,4190.6
11985,11/25/2021,4190.6
11986,11/26/2021,4190.6
11987,11/27/2021,4190.6
11988,11/28/2021,4190.6
11989,11/29/2021,4190.6
11990,11/30/2021,4190.6
11991,12/1/2021,4190.6
11992,12/2/2021,4190.6
11993,12/3/2021,4190.6
11994,12/4/2021,4190.6
11995,12/5/2021,4190.6
11996,12/6/2021,4190.6
11997,12/7/2021,4190.6
11998,12/8/2021,4190.6
11999,12/9/2021,4190.7
12000,12/10/2021,4190.7
12001,12/11/2021,4190.6
12002,12/12/2021,4190.6
12003,12/13/2021,4190.6
12004,12/14/2021,4190.5
12005,12/15/2021,4190.7
12006,12/16/2021,4190.7
12007,12/17/2021,4190.7
12008,12/18/2021,4190.7
12009,12/19/2021,4190.7
12010,12/20/2021,4190.7
12011,12/21/2021,4190.7
12012,12/22/2021,4190.7
12013,12/23/2021,4190.6
12014,12/24/2021,4190.6
12015,12/25/2021,4190.6
12016,12/26/2021,4190.6
12017,12/27/2021,4190.5
12018,12/28/2021,4190.7
12019,12/29/2021,4190.7
12020,12/30/2021,4190.7
12021,12/31/2021,4190.8
12022,1/1/2022,4190.8
12023,1/2/2022,4190.7
12024,1/3/2022,4190.7
12025,1/4/2022,4190.8
12026,1/5/2022,4190.7
12027,1/6/2022,4190.8
12028,1/7/2022,4190.8
12029,1/8/2022,4190.8
12030,1/9/2022,4190.8
12031,1/10/2022,4190.8
12032,1/11/2022,4190.8
12033,1/12/2022,4190.8
12034,1/13/2022,4190.8
12035,1/14/2022,4190.8
12036,1/15/2022,4190.8
12037,1/16/2022,4190.8
12038,1/17/2022,4190.8
12039,1/18/2022,4190.9
12040,1/19/2022,4190.9
12041,1/20/2022,4190.9
12042,1/21/2022,4190.9
12043,1/22/2022,4190.9
12044,1/23/2022,4190.9
12045,1/24/2022,4190.9
12046,1/25/2022,4191
12047,1/26/2022,4190.9
12048,1/27/2022,4190.9
12049,1/28/2022,4190.9
12050,1/29/2022,4190.9
12051,1/30/2022,4190.9
12052,1/31/2022,4190.9
12053,2/1/2022,4190.9
12054,2/2/2022,4191
12055,2/3/2022,4190.9
12056,2/4/2022,4190.9
12057,2/5/2022,4190.9
12058,2/6/2022,4190.9
12059,2/7/2022,4190.9
12060,2/8/2022,4190.9
12061,2/9/2022,4190.9
12062,2/10/2022,4190.9
12063,2/11/2022,4190.9
12064,2/12/2022,4190.9
12065,2/13/2022,4190.9
12066,2/14/2022,4190.9
12067,2/15/2022,4191
12068,2/16/2022,4191.1
12069,2/17/2022,4191
12070,2/18/2022,4191
12071,2/19/2022,4191
12072,2/20/2022,4190.9
12073,2/21/2022,4191.1
12074,2/22/2022,4190.9
12075,2/23/2022,4191
12076,2/24/2022,4191
12077,2/25/2022,4191
12078,2/26/2022,4191
12079,2/27/2022,4191
12080,2/28/2022,4191
12081,3/1/2022,4191
12082,3/2/2022,4191
12083,3/3/2022,4191
12084,3/4/2022,4191
12085,3/5/2022,4191.1
12086,3/6/2022,4191.2
12087,3/7/2022,4191.1
12088,3/8/2022,4191
12089,3/9/2022,4191.1
12090,3/10/2022,4191.2
12091,3/11/2022,4191
12092,3/12/2022,4191
12093,3/13/2022,4191.1
12094,3/14/2022,4191.1
12095,3/15/2022,4191.1
12096,3/16/2022,4191.2
12097,3/17/2022,4191.1
12098,3/18/2022,4191.1
12099,3/19/2022,4191
12100,3/20/2022,4191.3
12101,3/21/2022,4191.2
12102,3/22/2022,4191.1
12103,3/23/2022,4191.1
12104,3/24/2022,4191.1
12105,3/25/2022,4191.1
12106,3/26/2022,4191.1
12107,3/27/2022,4191.1
12108,3/28/2022,4191
12109,3/29/2022,4191.2
12110,3/30/2022,4191.1
12111,3/31/2022,4191.2
12112,4/1/2022,4191.1
12113,4/2/2022,4191.1
12114,4/3/2022,4191.1
12115,4/4/2022,4191.1
12116,4/5/2022,4191.4
12117,4/6/2022,4191.1
12118,4/7/2022,4191.1
12119,4/8/2022,4191.1
12120,4/9/2022,4191.2
12121,4/10/2022,4191.1
12122,4/11/2022,4191.2
12123,4/12/2022,4191.1
12124,4/13/2022,4191
12125,4/14/2022,4191
12126,4/15/2022,4191
12127,4/16/2022,4191
12128,4/17/2022,4191.1
12129,4/18/2022,4191
12130,4/19/2022,4191.1
12131,4/20/2022,4191
12132,4/21/2022,4191
12133,4/22/2022,4191.2
12134,4/23/2022,4191.2
12135,4/24/2022,4191
12136,4/25/2022,4191
12137,4/26/2022,4191
12138,4/27/2022,4191
12139,4/28/2022,4191.2
12140,4/29/2022,4191.1
12141,4/30/2022,4191
12142,5/1/2022,4191.1
12143,5/2/2022,4191.1
12144,5/3/2022,4191
12145,5/4/2022,4191
12146,5/5/2022,4190.9
12147,5/6/2022,4191
12148,5/7/2022,4191.1
12149,5/8/2022,4191.1
12150,5/9/2022,4191
12151,5/10/2022,4191
12152,5/11/2022,4191.1
12153,5/12/2022,4190.9
12154,5/13/2022,4190.9
12155,5/14/2022,4190.9
12156,5/15/2022,4190.9
12157,5/16/2022,4190.9
12158,5/17/2022,4190.9
12159,5/18/2022,4190.9
12160,5/19/2022,4191.1
12161,5/20/2022,4190.9
12162,5/21/2022,4190.8
12163,5/22/2022,4190.9
12164,5/23/2022,4190.8
12165,5/24/2022,4190.8
12166,5/25/2022,4190.8
12167,5/26/2022,4190.7
12168,5/27/2022,4190.8
12169,5/28/2022,4190.9
12170,5/29/2022,4190.9
12171,5/30/2022,4190.8
12172,5/31/2022,4190.8
12173,6/1/2022,4190.8
12174,6/2/2022,4190.8
12175,6/3/2022,4190.8
12176,6/4/2022,4190.8
12177,6/5/2022,4190.8
12178,6/6/2022,4190.8
12179,6/7/2022,4190.8
12180,6/8/2022,4190.7
12181,6/9/2022,4190.7
12182,6/10/2022,4190.7
12183,6/11/2022,4190.7
12184,6/12/2022,4190.8
12185,6/13/2022,4190.9
12186,6/14/2022,4190.8
12187,6/15/2022,4190.6
12188,6/16/2022,4190.6
12189,6/17/2022,4190.4
12190,6/18/2022,4190.4
12191,6/19/2022,4190.6
12192,6/20/2022,4190.6
12193,6/21/2022,4190.5
12194,6/22/2022,4190.5
12195,6/23/2022,4190.5
12196,6/24/2022,4190.5
12197,6/25/2022,4190.5
12198,6/26/2022,4190.4
12199,6/27/2022,4190.4
12200,6/28/2022,4190.3
12201,6/29/2022,4190.4
12202,6/30/2022,4190.4
12203,7/1/2022,4190.3
12204,7/2/2022,4190.3
12205,7/3/2022,4190.1
12206,7/4/2022,4190.2
12207,7/5/2022,4190.2
12208,7/6/2022,4190.1
12209,7/7/2022,4190.1
12210,7/8/2022,4190.1
12211,7/9/2022,4190.1
12212,7/10/2022,4190.2
12213,7/11/2022,4190.1
12214,7/12/2022,4190.1
12215,7/13/2022,4190
12216,7/14/2022,4189.9
12217,7/15/2022,4189.9
12218,7/16/2022,4190
12219,7/17/2022,4190
12220,7/18/2022,4190
12221,7/19/2022,4189.9
12222,7/20/2022,4189.9
12223,7/21/2022,4189.9
12224,7/22/2022,4189.9
12225,7/23/2022,4189.9
12226,7/24/2022,4189.8
12227,7/25/2022,4189.8
12228,7/26/2022,4189.8
12229,7/27/2022,4189.8
12230,7/28/2022,4189.8
12231,7/29/2022,4189.7
12232,7/30/2022,4189.7
12233,7/31/2022,4189.7
12234,8/1/2022,4189.6
12235,8/2/2022,4189.7
12236,8/3/2022,4189.7
12237,8/4/2022,4189.6
12238,8/5/2022,4189.6
12239,8/6/2022,4189.7
12240,8/7/2022,4189.6
12241,8/8/2022,4189.6
12242,8/9/2022,4189.6
12243,8/10/2022,4189.6
12244,8/11/2022,4189.5
12245,8/12/2022,4189.5
12246,8/13/2022,4189.6
12247,8/14/2022,4189.5
12248,8/15/2022,4189.6
12249,8/16/2022,4189.5
12250,8/17/2022,4189.5
12251,8/18/2022,4189.5
12252,8/19/2022,4189.5
12253,8/20/2022,4189.4
12254,8/21/2022,4189.4
12255,8/22/2022,4189.4
12256,8/23/2022,4189.4
12257,8/24/2022,4189.4
12258,8/25/2022,4189.4
12259,8/26/2022,4189.3
12260,8/27/2022,4189.3
12261,8/28/2022,4189.3
12262,8/29/2022,4189.3
12263,8/30/2022,4189.3
12264,8/31/2022,4189.3
12265,9/1/2022,4189.3
12266,9/2/2022,4189.3
12267,9/3/2022,4189.2
12268,9/4/2022,4189.2
12269,9/5/2022,4189.2
12270,9/6/2022,4189.2
12271,9/7/2022,4189.2
12272,9/8/2022,4189.3
12273,9/9/2022,4189.2
12274,9/10/2022,4189.2
12275,9/11/2022,4189.1
12276,9/12/2022,4189.1
12277,9/13/2022,4189.1
12278,9/14/2022,4189.1
12279,9/15/2022,4189.2
12280,9/16/2022,4189.2
12281,9/17/2022,4189.2
12282,9/18/2022,4189.1
12283,9/19/2022,4189.1
12284,9/20/2022,4189.1
12285,9/21/2022,4189.1
12286,9/22/2022,4189.1
12287,9/23/2022,4189
12288,9/24/2022,4189
12289,9/25/2022,4189
12290,9/26/2022,4189
12291,9/27/2022,4189
12292,9/28/2022,4188.9
12293,9/29/2022,4189
12294,9/30/2022,4189.1
12295,10/1/2022,4189
12296,10/2/2022,4188.9
12297,10/3/2022,4188.9
12298,10/4/2022,4188.9
12299,10/5/2022,4188.9
12300,10/6/2022,4188.9
12301,10/7/2022,4188.9
12302,10/8/2022,4188.9
12303,10/9/2022,4188.9
12304,10/10/2022,4188.9
12305,10/11/2022,4188.9
12306,10/12/2022,4188.8
12307,10/13/2022,4188.8
12308,10/14/2022,4188.8
12309,10/15/2022,4188.8
12310,10/16/2022,4188.7
12311,10/17/2022,4188.7
12312,10/18/2022,4188.8
12313,10/19/2022,4188.8
12314,10/20/2022,4188.8
12315,10/21/2022,4188.8
12316,10/22/2022,4188.8
12317,10/23/2022,4188.8
12318,10/24/2022,4188.7
12319,10/25/2022,4188.7
12320,10/26/2022,4188.8
12321,10/27/2022,4188.6
12322,10/28/2022,4188.7
12323,10/29/2022,4188.7
12324,10/30/2022,4188.7
12325,10/31/2022,4188.7
12326,11/1/2022,4188.6
12327,11/2/2022,4188.8
12328,11/3/2022,4188.6
12329,11/4/2022,4188.7
12330,11/5/2022,4188.7
12331,11/6/2022,4188.7
12332,11/7/2022,4188.5
12333,11/8/2022,4188.6
12334,11/9/2022,4188.7
12335,11/10/2022,4188.8
12336,11/11/2022,4188.8
12337,11/12/2022,4188.7
12338,11/13/2022,4188.7
12339,11/14/2022,4188.7
12340,11/15/2022,4188.7
12341,11/16/2022,4188.7
12342,11/17/2022,4188.8
12343,11/18/2022,4188.8
12344,11/19/2022,4188.7
12345,11/20/2022,4188.8
12346,11/21/2022,4188.8
12347,11/22/2022,4188.7
12348,11/23/2022,4188.7
12349,11/24/2022,4188.7
12350,11/25/2022,4188.8
12351,11/26/2022,4188.8
12352,11/27/2022,4188.8
12353,11/28/2022,4188.9
12354,11/29/2022,4188.8
12355,11/30/2022,4188.8
12356,12/1/2022,4189
12357,12/2/2022,4189.2
12358,12/3/2022,4188.9
12359,12/4/2022,4188.9
12360,12/5/2022,4188.9
12361,12/6/2022,4188.9
12362,12/7/2022,4188.9
12363,12/8/2022,4188.9
12364,12/9/2022,4188.9
12365,12/10/2022,4189
12366,12/11/2022,4189
12367,12/12/2022,4188.9
12368,12/13/2022,4188.9
12369,12/14/2022,4189
12370,12/15/2022,4189
12371,12/16/2022,4189
12372,12/17/2022,4189
12373,12/18/2022,4189
12374,12/19/2022,4189
12375,12/20/2022,4189
12376,12/21/2022,4189.1
12377,12/22/2022,4189
12378,12/23/2022,4189
12379,12/24/2022,4189
12380,12/25/2022,4189
12381,12/26/2022,4189
12382,12/27/2022,4189
12383,12/28/2022,4189.2
12384,12/29/2022,4189
12385,12/30/2022,4189.1
12386,12/31/2022,4189.1
12387,1/1/2023,4189.3
12388,1/2/2023,4189.3
12389,1/3/2023,4189.2
12390,1/4/2023,4189.2
12391,1/5/2023,4189.2
12392,1/6/2023,4189.3
12393,1/7/2023,4189.3
12394,1/8/2023,4189.3
12395,1/9/2023,4189.3
12396,1/10/2023,4189.5
12397,1/11/2023,4189.5
12398,1/12/2023,4189.5
12399,1/13/2023,4189.6
12400,1/14/2023,4189.6
12401,1/15/2023,4189.7
12402,1/16/2023,4189.7
12403,1/17/2023,4189.9
12404,1/18/2023,4189.9
12405,1/19/2023,4189.8
12406,1/20/2023,4190
12407,1/21/2023,4189.9
12408,1/22/2023,4190
12409,1/23/2023,4190.1
12410,1/24/2023,4189.9
12411,1/25/2023,4189.9
12412,1/26/2023,4189.9
12413,1/27/2023,4189.9
12414,1/28/2023,4190
12415,1/29/2023,4190.2
12416,1/30/2023,4190.1
12417,1/31/2023,4190
12418,2/1/2023,4190
12419,2/2/2023,4190
12420,2/3/2023,4190
12421,2/4/2023,4190
12422,2/5/2023,4190
12423,2/6/2023,4190
12424,2/7/2023,4190
12425,2/8/2023,4190.1
12426,2/9/2023,4190.1
12427,2/10/2023,4190.1
12428,2/11/2023,4190.1
12429,2/12/2023,4190.1
12430,2/13/2023,4190.1
12431,2/14/2023,4190.2
12432,2/15/2023,4190.4
12433,2/16/2023,4190.1
12434,2/17/2023,4190.1
12435,2/18/2023,4190.1
12436,2/19/2023,4190.1
12437,2/20/2023,4190.1
12438,2/21/2023,4190.2
12439,2/22/2023,4190.5
12440,2/23/2023,4190.1
12441,2/24/2023,4190.2
12442,2/25/2023,4190.2
12443,2/26/2023,4190.2
12444,2/27/2023,4190
12445,2/28/2023,4190.1
12446,3/1/2023,4190.3
12447,3/2/2023,4190.3
12448,3/3/2023,4190.3
12449,3/4/2023,4190.3
12450,3/5/2023,4190.4
12451,3/6/2023,4190.3
12452,3/7/2023,4190.4
12453,3/8/2023,4190.4
12454,3/9/2023,4190.5
12455,3/10/2023,4190.3
12456,3/11/2023,4190.5
12457,3/12/2023,4190.5
12458,3/13/2023,4190.6
12459,3/14/2023,4190.5
12460,3/15/2023,4190.8
12461,3/16/2023,4190.8
12462,3/17/2023,4190.7
12463,3/18/2023,4190.7
12464,3/19/2023,4190.7
12465,3/20/2023,4190.8
12466,3/21/2023,4190.8
12467,3/22/2023,4191
12468,3/23/2023,4191
12469,3/24/2023,4191.3
12470,3/25/2023,4191.2
12471,3/26/2023,4191.2
12472,3/27/2023,4191.2
12473,3/28/2023,4191.1
12474,3/29/2023,4191.2
12475,3/30/2023,4191.4
12476,3/31/2023,4191.3
12477,4/1/2023,4191.3
12478,4/2/2023,4191.5
12479,4/3/2023,4191.8
12480,4/4/2023,4191.7
12481,4/5/2023,4191.6
12482,4/6/2023,4191.6
12483,4/7/2023,4191.7
12484,4/8/2023,4191.7
12485,4/9/2023,4191.8
12486,4/10/2023,4191.8
12487,4/11/2023,4191.8
12488,4/12/2023,4191.9
12489,4/13/2023,4192
12490,4/14/2023,4192
12491,4/15/2023,4192
12492,4/16/2023,4192
12493,4/17/2023,4192.1
12494,4/18/2023,4192.4
12495,4/19/2023,4192.2
12496,4/20/2023,4192.2
12497,4/21/2023,4192.2
12498,4/22/2023,4192.2
12499,4/23/2023,4192.3
12500,4/24/2023,4192.4
12501,4/25/2023,4192.4
12502,4/26/2023,4192.4
12503,4/27/2023,4192.5
12504,4/28/2023,4192.5
12505,4/29/2023,4192.5
12506,4/30/2023,4192.5
12507,5/1/2023,4192.6
12508,5/2/2023,4192.6
12509,5/3/2023,4192.6
12510,5/4/2023,4192.6
12511,5/5/2023,4192.5
12512,5/6/2023,4192.7
12513,5/7/2023,4192.7
12514,5/8/2023,4192.8
12515,5/9/2023,4192.9
12516,5/10/2023,4193
12517,5/11/2023,4192.9
12518,5/12/2023,4193
12519,5/13/2023,4193
12520,5/14/2023,4192.9
12521,5/15/2023,4193.1
12522,5/16/2023,4193.1
12523,5/17/2023,4193.2
12524,5/18/2023,4193.3
12525,5/19/2023,4193.3
12526,5/20/2023,4193.4
12527,5/21/2023,4193.4
12528,5/22/2023,4193.4
12529,5/23/2023,4193.4
12530,5/24/2023,4193.6
12531,5/25/2023,4193.6
12532,5/26/2023,4193.5
12533,5/27/2023,4193.6
12534,5/28/2023,4193.7
12535,5/29/2023,4193.7
12536,5/30/2023,4193.8
12537,5/31/2023,4193.8
12538,6/1/2023,4193.8
12539,6/2/2023,4193.8
12540,6/3/2023,4193.8
12541,6/4/2023,4193.8
12542,6/5/2023,4193.8
12543,6/6/2023,4193.8
12544,6/7/2023,4193.8
12545,6/8/2023,4193.8
12546,6/9/2023,4193.8
12547,6/10/2023,4193.9
12548,6/11/2023,4193.8
12549,6/12/2023,4193.8
12550,6/13/2023,4193.9
12551,6/14/2023,4193.9
12552,6/15/2023,4193.8
12553,6/16/2023,4193.9
12554,6/17/2023,4193.9
12555,6/18/2023,4193.8
12556,6/19/2023,4194
12557,6/20/2023,4194
12558,6/21/2023,4193.9
12559,6/22/2023,4193.9
12560,6/23/2023,4193.8
12561,6/24/2023,4193.8
12562,6/25/2023,4193.8
12563,6/26/2023,4193.9
12564,6/27/2023,4193.9
12565,6/28/2023,4193.8
12566,6/29/2023,4193.8
12567,6/30/2023,4193.8
12568,7/1/2023,4193.8
12569,7/2/2023,4193.8
12570,7/3/2023,4193.8
12571,7/4/2023,4193.8
12572,7/5/2023,4193.8
12573,7/6/2023,4193.7
12574,7/7/2023,4193.8
12575,7/8/2023,4193.7
12576,7/9/2023,4193.7
12577,7/10/2023,4193.6
12578,7/11/2023,4193.6
12579,7/12/2023,4193.6
12580,7/13/2023,4193.6
12581,7/14/2023,4193.6
12582,7/15/2023,4193.5
12583,7/16/2023,4193.5
12584,7/17/2023,4193.5
12585,7/18/2023,4193.5
12586,7/19/2023,4193.4
12587,7/20/2023,4193.4
12588,7/21/2023,4193.4
12589,7/22/2023,4193.4
12590,7/23/2023,4193.3
12591,7/24/2023,4193.4
12592,7/25/2023,4193.3
12593,7/26/2023,4193.2
12594,7/27/2023,4193.3
12595,7/28/2023,4193.3
12596,7/29/2023,4193.2
12597,7/30/2023,4193.2
12598,7/31/2023,4193.1
12599,8/1/2023,4193.2
12600,8/2/2023,4193.1
12601,8/3/2023,4193.1
12602,8/4/2023,4193.2
12603,8/5/2023,4193.1
12604,8/6/2023,4193.1
12605,8/7/2023,4193.1
12606,8/8/2023,4193.1
12607,8/9/2023,4193
12608,8/10/2023,4193
12609,8/11/2023,4193
12610,8/12/2023,4192.9
12611,8/13/2023,4192.9
12612,8/14/2023,4192.9
12613,8/15/2023,4192.9
12614,8/16/2023,4192.9
12615,8/17/2023,4192.8
12616,8/18/2023,4192.8
12617,8/19/2023,4192.8
12618,8/20/2023,4192.8
12619,8/21/2023,4192.6
12620,8/22/2023,4192.7
12621,8/23/2023,4192.7
12622,8/24/2023,4192.7
12623,8/25/2023,4192.7
12624,8/26/2023,4192.7
12625,8/27/2023,4192.7
12626,8/28/2023,4192.7
12627,8/29/2023,4192.7
12628,8/30/2023,4192.7
12629,8/31/2023,4192.6
12630,9/1/2023,4192.2
12631,9/2/2023,4192.5
12632,9/3/2023,4192.6
12633,9/4/2023,4192.5
12634,9/5/2023,4192.5
12635,9/6/2023,4192.5
12636,9/7/2023,4192.5
12637,9/8/2023,4192.4
12638,9/9/2023,4192.4
12639,9/10/2023,4192.4
12640,9/11/2023,4192.4
12641,9/12/2023,4192.4
12642,9/13/2023,4192.4
12643,9/14/2023,4192.4
12644,9/15/2023,4192.4
12645,9/16/2023,4192.3
12646,9/17/2023,4192.3
12647,9/18/2023,4192.3
12648,9/19/2023,4192.3
12649,9/20/2023,4192.3
12650,9/21/2023,4192.3
12651,9/22/2023,4192.3
12652,9/23/2023,4192.3
12653,9/24/2023,4192.2
12654,9/25/2023,4192.2
12655,9/26/2023,4192.2
12656,9/27/2023,4192.2
12657,9/28/2023,4192.3
12658,9/29/2023,4192.2
12659,9/30/2023,4192.1
12660,10/1/2023,4192
12661,10/2/2023,4192.2
12662,10/3/2023,4192.2
12663,10/4/2023,4192.2
12664,10/5/2023,4192.2
12665,10/6/2023,4192.2
12666,10/7/2023,4192.2
12667,10/8/2023,4192.2
12668,10/9/2023,4192.2
12669,10/10/2023,4192.2
12670,10/11/2023,4192.3
12671,10/12/2023,4192.2
12672,10/13/2023,4192.2
12673,10/14/2023,4192.2
12674,10/15/2023,4192.2
12675,10/16/2023,4192.2
12676,10/17/2023,4192.2
12677,10/18/2023,4192.2
12678,10/19/2023,4192.2
12679,10/20/2023,4192.2
12680,10/21/2023,4192.2
12681,10/22/2023,4192.2
12682,10/23/2023,4192.2
12683,10/24/2023,4192.2
12684,10/25/2023,4192.1
12685,10/26/2023,4192.2
12686,10/27/2023,4192.1
12687,10/28/2023,4192.3
12688,10/29/2023,4192.2
12689,10/30/2023,4192.1
12690,10/31/2023,4192.1
12691,11/1/2023,4192.1
12692,11/2/2023,4192.1
12693,11/3/2023,4192.1
12694,11/4/2023,4192.1
12695,11/5/2023,4192.1
12696,11/6/2023,4192.1
12697,11/7/2023,4192.1
12698,11/8/2023,4192.2
12699,11/9/2023,4192.1
12700,11/10/2023,4192.1
12701,11/11/2023,4192.1
12702,11/12/2023,4192.1
12703,11/13/2023,4192.2
12704,11/14/2023,4192.2
12705,11/15/2023,4192.2
12706,11/16/2023,4192.2
12707,11/17/2023,4192.2
12708,11/18/2023,4192.2
12709,11/19/2023,4192.3
12710,11/20/2023,4192.3
12711,11/21/2023,4192.2
12712,11/22/2023,4192.2
12713,11/23/2023,4192.3
12714,11/24/2023,4192.3
12715,11/25/2023,4192.3
12716,11/26/2023,4192.3
12717,11/27/2023,4192.3
12718,11/28/2023,4192.3
12719,11/29/2023,4192.3
12720,11/30/2023,4192.3
12721,12/1/2023,4192.3
12722,12/2/2023,4192.2
12723,12/3/2023,4192.3
12724,12/4/2023,4192.3
12725,12/5/2023,4192.3
12726,12/6/2023,4192.4
12727,12/7/2023,4192.4
12728,12/8/2023,4192.5
12729,12/9/2023,4192.4
12730,12/10/2023,4192.4
12731,12/11/2023,4192.4
12732,12/12/2023,4192.4
12733,12/13/2023,4192.4
12734,12/14/2023,4192.4
12735,12/15/2023,4192.4
12736,12/16/2023,4192.4
12737,12/17/2023,4192.4
12738,12/18/2023,4192.5
12739,12/19/2023,4192.5
12740,12/20/2023,4192.5
12741,12/21/2023,4192.5
12742,12/22/2023,4192.5
12743,12/23/2023,4192.6
12744,12/24/2023,4192.5
12745,12/25/2023,4192.5
12746,12/26/2023,4192.5
12747,12/27/2023,4192.5
12748,12/28/2023,4192.5
12749,12/29/2023,4192.5
12750,12/30/2023,4192.5
